downloading gsl 2.8 from https://mirrors.kernel.org/gnu/gsl/gsl-2.8.tar.gz...
Making all in gsl
Making all in utils
libtool: compile:  gcc -DHAVE_CONFIG_H -I. -I.. -g -O2 -MT placeholder.lo -MD -MP -MF .deps/placeholder.Tpo -c placeholder.c  -fPIC -DPIC -o .libs/placeholder.o
libtool: compile:  gcc -DHAVE_CONFIG_H -I. -I.. -g -O2 -MT placeholder.lo -MD -MP -MF .deps/placeholder.Tpo -c placeholder.c -o placeholder.o >/dev/null 2>&1
libtool: link: ar cr .libs/libutils.a .libs/placeholder.o 
libtool: link: ranlib .libs/libutils.a
libtool: link: ( cd ".libs" && rm -f "libutils.la" && ln -s "../libutils.la" "libutils.la" )
Making all in sys
libtool: compile:  gcc -DHAVE_CONFIG_H -I. -I.. -I.. -g -O2 -MT ldfrexp.lo -MD -MP -MF .deps/ldfrexp.Tpo -c ldfrexp.c  -fPIC -DPIC -o .libs/ldfrexp.o
libtool: compile:  gcc -DHAVE_CONFIG_H -I. -I.. -I.. -g -O2 -MT invhyp.lo -MD -MP -MF .deps/invhyp.Tpo -c invhyp.c  -fPIC -DPIC -o .libs/invhyp.o
libtool: compile:  gcc -DHAVE_CONFIG_H -I. -I.. -I.. -g -O2 -MT expm1.lo -MD -MP -MF .deps/expm1.Tpo -c expm1.c  -fPIC -DPIC -o .libs/expm1.o
libtool: compile:  gcc -DHAVE_CONFIG_H -I. -I.. -I.. -g -O2 -MT minmax.lo -MD -MP -MF .deps/minmax.Tpo -c minmax.c  -fPIC -DPIC -o .libs/minmax.o
libtool: compile:  gcc -DHAVE_CONFIG_H -I. -I.. -I.. -g -O2 -MT hypot.lo -MD -MP -MF .deps/hypot.Tpo -c hypot.c  -fPIC -DPIC -o .libs/hypot.o
libtool: compile:  gcc -DHAVE_CONFIG_H -I. -I.. -I.. -g -O2 -MT fcmp.lo -MD -MP -MF .deps/fcmp.Tpo -c fcmp.c  -fPIC -DPIC -o .libs/fcmp.o
libtool: compile:  gcc -DHAVE_CONFIG_H -I. -I.. -I.. -g -O2 -MT prec.lo -MD -MP -MF .deps/prec.Tpo -c prec.c  -fPIC -DPIC -o .libs/prec.o
libtool: compile:  gcc -DHAVE_CONFIG_H -I. -I.. -I.. -g -O2 -MT log1p.lo -MD -MP -MF .deps/log1p.Tpo -c log1p.c  -fPIC -DPIC -o .libs/log1p.o
libtool: compile:  gcc -DHAVE_CONFIG_H -I. -I.. -I.. -g -O2 -MT coerce.lo -MD -MP -MF .deps/coerce.Tpo -c coerce.c  -fPIC -DPIC -o .libs/coerce.o
libtool: compile:  gcc -DHAVE_CONFIG_H -I. -I.. -I.. -g -O2 -MT fdiv.lo -MD -MP -MF .deps/fdiv.Tpo -c fdiv.c  -fPIC -DPIC -o .libs/fdiv.o
libtool: compile:  gcc -DHAVE_CONFIG_H -I. -I.. -I.. -g -O2 -MT pow_int.lo -MD -MP -MF .deps/pow_int.Tpo -c pow_int.c  -fPIC -DPIC -o .libs/pow_int.o
libtool: compile:  gcc -DHAVE_CONFIG_H -I. -I.. -I.. -g -O2 -MT infnan.lo -MD -MP -MF .deps/infnan.Tpo -c infnan.c  -fPIC -DPIC -o .libs/infnan.o
libtool: compile:  gcc -DHAVE_CONFIG_H -I. -I.. -I.. -g -O2 -MT prec.lo -MD -MP -MF .deps/prec.Tpo -c prec.c -o prec.o >/dev/null 2>&1
libtool: compile:  gcc -DHAVE_CONFIG_H -I. -I.. -I.. -g -O2 -MT fcmp.lo -MD -MP -MF .deps/fcmp.Tpo -c fcmp.c -o fcmp.o >/dev/null 2>&1
libtool: compile:  gcc -DHAVE_CONFIG_H -I. -I.. -I.. -g -O2 -MT minmax.lo -MD -MP -MF .deps/minmax.Tpo -c minmax.c -o minmax.o >/dev/null 2>&1
libtool: compile:  gcc -DHAVE_CONFIG_H -I. -I.. -I.. -g -O2 -MT log1p.lo -MD -MP -MF .deps/log1p.Tpo -c log1p.c -o log1p.o >/dev/null 2>&1
libtool: compile:  gcc -DHAVE_CONFIG_H -I. -I.. -I.. -g -O2 -MT fdiv.lo -MD -MP -MF .deps/fdiv.Tpo -c fdiv.c -o fdiv.o >/dev/null 2>&1
libtool: compile:  gcc -DHAVE_CONFIG_H -I. -I.. -I.. -g -O2 -MT coerce.lo -MD -MP -MF .deps/coerce.Tpo -c coerce.c -o coerce.o >/dev/null 2>&1
libtool: compile:  gcc -DHAVE_CONFIG_H -I. -I.. -I.. -g -O2 -MT expm1.lo -MD -MP -MF .deps/expm1.Tpo -c expm1.c -o expm1.o >/dev/null 2>&1
libtool: compile:  gcc -DHAVE_CONFIG_H -I. -I.. -I.. -g -O2 -MT infnan.lo -MD -MP -MF .deps/infnan.Tpo -c infnan.c -o infnan.o >/dev/null 2>&1
libtool: compile:  gcc -DHAVE_CONFIG_H -I. -I.. -I.. -g -O2 -MT hypot.lo -MD -MP -MF .deps/hypot.Tpo -c hypot.c -o hypot.o >/dev/null 2>&1
libtool: compile:  gcc -DHAVE_CONFIG_H -I. -I.. -I.. -g -O2 -MT invhyp.lo -MD -MP -MF .deps/invhyp.Tpo -c invhyp.c -o invhyp.o >/dev/null 2>&1
libtool: compile:  gcc -DHAVE_CONFIG_H -I. -I.. -I.. -g -O2 -MT ldfrexp.lo -MD -MP -MF .deps/ldfrexp.Tpo -c ldfrexp.c -o ldfrexp.o >/dev/null 2>&1
libtool: compile:  gcc -DHAVE_CONFIG_H -I. -I.. -I.. -g -O2 -MT pow_int.lo -MD -MP -MF .deps/pow_int.Tpo -c pow_int.c -o pow_int.o >/dev/null 2>&1
libtool: link: ar cr .libs/libgslsys.a .libs/minmax.o .libs/prec.o .libs/hypot.o .libs/log1p.o .libs/expm1.o .libs/coerce.o .libs/invhyp.o .libs/pow_int.o .libs/infnan.o .libs/fdiv.o .libs/fcmp.o .libs/ldfrexp.o 
libtool: link: ranlib .libs/libgslsys.a
libtool: link: ( cd ".libs" && rm -f "libgslsys.la" && ln -s "../libgslsys.la" "libgslsys.la" )
Making all in test
libtool: compile:  gcc -DHAVE_CONFIG_H -I. -I.. -g -O2 -MT results.lo -MD -MP -MF .deps/results.Tpo -c results.c  -fPIC -DPIC -o .libs/results.o
libtool: compile:  gcc -DHAVE_CONFIG_H -I. -I.. -g -O2 -MT results.lo -MD -MP -MF .deps/results.Tpo -c results.c -o results.o >/dev/null 2>&1
libtool: link: ar cr .libs/libgsltest.a .libs/results.o 
libtool: link: ranlib .libs/libgsltest.a
libtool: link: ( cd ".libs" && rm -f "libgsltest.la" && ln -s "../libgsltest.la" "libgsltest.la" )
Making all in err
libtool: compile:  gcc -DHAVE_CONFIG_H -I. -I.. -g -O2 -MT stream.lo -MD -MP -MF .deps/stream.Tpo -c stream.c  -fPIC -DPIC -o .libs/stream.o
libtool: compile:  gcc -DHAVE_CONFIG_H -I. -I.. -g -O2 -MT error.lo -MD -MP -MF .deps/error.Tpo -c error.c  -fPIC -DPIC -o .libs/error.o
libtool: compile:  gcc -DHAVE_CONFIG_H -I. -I.. -g -O2 -MT message.lo -MD -MP -MF .deps/message.Tpo -c message.c  -fPIC -DPIC -o .libs/message.o
libtool: compile:  gcc -DHAVE_CONFIG_H -I. -I.. -g -O2 -MT strerror.lo -MD -MP -MF .deps/strerror.Tpo -c strerror.c  -fPIC -DPIC -o .libs/strerror.o
libtool: compile:  gcc -DHAVE_CONFIG_H -I. -I.. -g -O2 -MT stream.lo -MD -MP -MF .deps/stream.Tpo -c stream.c -o stream.o >/dev/null 2>&1
libtool: compile:  gcc -DHAVE_CONFIG_H -I. -I.. -g -O2 -MT message.lo -MD -MP -MF .deps/message.Tpo -c message.c -o message.o >/dev/null 2>&1
libtool: compile:  gcc -DHAVE_CONFIG_H -I. -I.. -g -O2 -MT error.lo -MD -MP -MF .deps/error.Tpo -c error.c -o error.o >/dev/null 2>&1
libtool: compile:  gcc -DHAVE_CONFIG_H -I. -I.. -g -O2 -MT strerror.lo -MD -MP -MF .deps/strerror.Tpo -c strerror.c -o strerror.o >/dev/null 2>&1
libtool: link: ar cr .libs/libgslerr.a .libs/error.o .libs/stream.o .libs/message.o .libs/strerror.o 
libtool: link: ranlib .libs/libgslerr.a
libtool: link: ( cd ".libs" && rm -f "libgslerr.la" && ln -s "../libgslerr.la" "libgslerr.la" )
Making all in bst
libtool: compile:  gcc -DHAVE_CONFIG_H -I. -I.. -I.. -g -O2 -MT rb.lo -MD -MP -MF .deps/rb.Tpo -c rb.c  -fPIC -DPIC -o .libs/rb.o
libtool: compile:  gcc -DHAVE_CONFIG_H -I. -I.. -I.. -g -O2 -MT bst.lo -MD -MP -MF .deps/bst.Tpo -c bst.c  -fPIC -DPIC -o .libs/bst.o
libtool: compile:  gcc -DHAVE_CONFIG_H -I. -I.. -I.. -g -O2 -MT avl.lo -MD -MP -MF .deps/avl.Tpo -c avl.c  -fPIC -DPIC -o .libs/avl.o
libtool: compile:  gcc -DHAVE_CONFIG_H -I. -I.. -I.. -g -O2 -MT trav.lo -MD -MP -MF .deps/trav.Tpo -c trav.c  -fPIC -DPIC -o .libs/trav.o
libtool: compile:  gcc -DHAVE_CONFIG_H -I. -I.. -I.. -g -O2 -MT trav.lo -MD -MP -MF .deps/trav.Tpo -c trav.c -o trav.o >/dev/null 2>&1
libtool: compile:  gcc -DHAVE_CONFIG_H -I. -I.. -I.. -g -O2 -MT bst.lo -MD -MP -MF .deps/bst.Tpo -c bst.c -o bst.o >/dev/null 2>&1
libtool: compile:  gcc -DHAVE_CONFIG_H -I. -I.. -I.. -g -O2 -MT avl.lo -MD -MP -MF .deps/avl.Tpo -c avl.c -o avl.o >/dev/null 2>&1
libtool: compile:  gcc -DHAVE_CONFIG_H -I. -I.. -I.. -g -O2 -MT rb.lo -MD -MP -MF .deps/rb.Tpo -c rb.c -o rb.o >/dev/null 2>&1
libtool: link: ar cr .libs/libgslbst.a .libs/avl.o .libs/bst.o .libs/rb.o .libs/trav.o 
libtool: link: ranlib .libs/libgslbst.a
libtool: link: ( cd ".libs" && rm -f "libgslbst.la" && ln -s "../libgslbst.la" "libgslbst.la" )
Making all in const
Making all in complex
libtool: compile:  gcc -DHAVE_CONFIG_H -I. -I.. -I.. -g -O2 -MT inline.lo -MD -MP -MF .deps/inline.Tpo -c inline.c  -fPIC -DPIC -o .libs/inline.o
libtool: compile:  gcc -DHAVE_CONFIG_H -I. -I.. -I.. -g -O2 -MT math.lo -MD -MP -MF .deps/math.Tpo -c math.c  -fPIC -DPIC -o .libs/math.o
libtool: compile:  gcc -DHAVE_CONFIG_H -I. -I.. -I.. -g -O2 -MT inline.lo -MD -MP -MF .deps/inline.Tpo -c inline.c -o inline.o >/dev/null 2>&1
libtool: compile:  gcc -DHAVE_CONFIG_H -I. -I.. -I.. -g -O2 -MT math.lo -MD -MP -MF .deps/math.Tpo -c math.c -o math.o >/dev/null 2>&1
libtool: link: ar cr .libs/libgslcomplex.a .libs/math.o .libs/inline.o 
libtool: link: ranlib .libs/libgslcomplex.a
libtool: link: ( cd ".libs" && rm -f "libgslcomplex.la" && ln -s "../libgslcomplex.la" "libgslcomplex.la" )
Making all in cheb
libtool: compile:  gcc -DHAVE_CONFIG_H -I. -I.. -I.. -g -O2 -MT deriv.lo -MD -MP -MF .deps/deriv.Tpo -c deriv.c  -fPIC -DPIC -o .libs/deriv.o
libtool: compile:  gcc -DHAVE_CONFIG_H -I. -I.. -I.. -g -O2 -MT init.lo -MD -MP -MF .deps/init.Tpo -c init.c  -fPIC -DPIC -o .libs/init.o
libtool: compile:  gcc -DHAVE_CONFIG_H -I. -I.. -I.. -g -O2 -MT eval.lo -MD -MP -MF .deps/eval.Tpo -c eval.c  -fPIC -DPIC -o .libs/eval.o
libtool: compile:  gcc -DHAVE_CONFIG_H -I. -I.. -I.. -g -O2 -MT integ.lo -MD -MP -MF .deps/integ.Tpo -c integ.c  -fPIC -DPIC -o .libs/integ.o
libtool: compile:  gcc -DHAVE_CONFIG_H -I. -I.. -I.. -g -O2 -MT deriv.lo -MD -MP -MF .deps/deriv.Tpo -c deriv.c -o deriv.o >/dev/null 2>&1
libtool: compile:  gcc -DHAVE_CONFIG_H -I. -I.. -I.. -g -O2 -MT integ.lo -MD -MP -MF .deps/integ.Tpo -c integ.c -o integ.o >/dev/null 2>&1
libtool: compile:  gcc -DHAVE_CONFIG_H -I. -I.. -I.. -g -O2 -MT init.lo -MD -MP -MF .deps/init.Tpo -c init.c -o init.o >/dev/null 2>&1
libtool: compile:  gcc -DHAVE_CONFIG_H -I. -I.. -I.. -g -O2 -MT eval.lo -MD -MP -MF .deps/eval.Tpo -c eval.c -o eval.o >/dev/null 2>&1
libtool: link: ar cr .libs/libgslcheb.a .libs/deriv.o .libs/eval.o .libs/init.o .libs/integ.o 
libtool: link: ranlib .libs/libgslcheb.a
libtool: link: ( cd ".libs" && rm -f "libgslcheb.la" && ln -s "../libgslcheb.la" "libgslcheb.la" )
Making all in block
libtool: compile:  gcc -DHAVE_CONFIG_H -I. -I.. -I.. -g -O2 -MT block.lo -MD -MP -MF .deps/block.Tpo -c block.c  -fPIC -DPIC -o .libs/block.o
libtool: compile:  gcc -DHAVE_CONFIG_H -I. -I.. -I.. -g -O2 -MT init.lo -MD -MP -MF .deps/init.Tpo -c init.c  -fPIC -DPIC -o .libs/init.o
libtool: compile:  gcc -DHAVE_CONFIG_H -I. -I.. -I.. -g -O2 -MT file.lo -MD -MP -MF .deps/file.Tpo -c file.c  -fPIC -DPIC -o .libs/file.o
libtool: compile:  gcc -DHAVE_CONFIG_H -I. -I.. -I.. -g -O2 -MT block.lo -MD -MP -MF .deps/block.Tpo -c block.c -o block.o >/dev/null 2>&1
libtool: compile:  gcc -DHAVE_CONFIG_H -I. -I.. -I.. -g -O2 -MT init.lo -MD -MP -MF .deps/init.Tpo -c init.c -o init.o >/dev/null 2>&1
libtool: compile:  gcc -DHAVE_CONFIG_H -I. -I.. -I.. -g -O2 -MT file.lo -MD -MP -MF .deps/file.Tpo -c file.c -o file.o >/dev/null 2>&1
libtool: link: ar cr .libs/libgslblock.a .libs/init.o .libs/file.o .libs/block.o 
libtool: link: ranlib .libs/libgslblock.a
libtool: link: ( cd ".libs" && rm -f "libgslblock.la" && ln -s "../libgslblock.la" "libgslblock.la" )
Making all in vector
libtool: compile:  gcc -DHAVE_CONFIG_H -I. -I.. -I.. -g -O2 -MT init.lo -MD -MP -MF .deps/init.Tpo -c init.c  -fPIC -DPIC -o .libs/init.o
libtool: compile:  gcc -DHAVE_CONFIG_H -I. -I.. -I.. -g -O2 -MT minmax.lo -MD -MP -MF .deps/minmax.Tpo -c minmax.c  -fPIC -DPIC -o .libs/minmax.o
libtool: compile:  gcc -DHAVE_CONFIG_H -I. -I.. -I.. -g -O2 -MT subvector.lo -MD -MP -MF .deps/subvector.Tpo -c subvector.c  -fPIC -DPIC -o .libs/subvector.o
libtool: compile:  gcc -DHAVE_CONFIG_H -I. -I.. -I.. -g -O2 -MT vector.lo -MD -MP -MF .deps/vector.Tpo -c vector.c  -fPIC -DPIC -o .libs/vector.o
libtool: compile:  gcc -DHAVE_CONFIG_H -I. -I.. -I.. -g -O2 -MT file.lo -MD -MP -MF .deps/file.Tpo -c file.c  -fPIC -DPIC -o .libs/file.o
libtool: compile:  gcc -DHAVE_CONFIG_H -I. -I.. -I.. -g -O2 -MT swap.lo -MD -MP -MF .deps/swap.Tpo -c swap.c  -fPIC -DPIC -o .libs/swap.o
libtool: compile:  gcc -DHAVE_CONFIG_H -I. -I.. -I.. -g -O2 -MT view.lo -MD -MP -MF .deps/view.Tpo -c view.c  -fPIC -DPIC -o .libs/view.o
libtool: compile:  gcc -DHAVE_CONFIG_H -I. -I.. -I.. -g -O2 -MT copy.lo -MD -MP -MF .deps/copy.Tpo -c copy.c  -fPIC -DPIC -o .libs/copy.o
libtool: compile:  gcc -DHAVE_CONFIG_H -I. -I.. -I.. -g -O2 -MT prop.lo -MD -MP -MF .deps/prop.Tpo -c prop.c  -fPIC -DPIC -o .libs/prop.o
libtool: compile:  gcc -DHAVE_CONFIG_H -I. -I.. -I.. -g -O2 -MT oper.lo -MD -MP -MF .deps/oper.Tpo -c oper.c  -fPIC -DPIC -o .libs/oper.o
libtool: compile:  gcc -DHAVE_CONFIG_H -I. -I.. -I.. -g -O2 -MT reim.lo -MD -MP -MF .deps/reim.Tpo -c reim.c  -fPIC -DPIC -o .libs/reim.o
libtool: compile:  gcc -DHAVE_CONFIG_H -I. -I.. -I.. -g -O2 -MT reim.lo -MD -MP -MF .deps/reim.Tpo -c reim.c -o reim.o >/dev/null 2>&1
libtool: compile:  gcc -DHAVE_CONFIG_H -I. -I.. -I.. -g -O2 -MT file.lo -MD -MP -MF .deps/file.Tpo -c file.c -o file.o >/dev/null 2>&1
libtool: compile:  gcc -DHAVE_CONFIG_H -I. -I.. -I.. -g -O2 -MT copy.lo -MD -MP -MF .deps/copy.Tpo -c copy.c -o copy.o >/dev/null 2>&1
libtool: compile:  gcc -DHAVE_CONFIG_H -I. -I.. -I.. -g -O2 -MT view.lo -MD -MP -MF .deps/view.Tpo -c view.c -o view.o >/dev/null 2>&1
libtool: compile:  gcc -DHAVE_CONFIG_H -I. -I.. -I.. -g -O2 -MT vector.lo -MD -MP -MF .deps/vector.Tpo -c vector.c -o vector.o >/dev/null 2>&1
libtool: compile:  gcc -DHAVE_CONFIG_H -I. -I.. -I.. -g -O2 -MT subvector.lo -MD -MP -MF .deps/subvector.Tpo -c subvector.c -o subvector.o >/dev/null 2>&1
libtool: compile:  gcc -DHAVE_CONFIG_H -I. -I.. -I.. -g -O2 -MT swap.lo -MD -MP -MF .deps/swap.Tpo -c swap.c -o swap.o >/dev/null 2>&1
libtool: compile:  gcc -DHAVE_CONFIG_H -I. -I.. -I.. -g -O2 -MT minmax.lo -MD -MP -MF .deps/minmax.Tpo -c minmax.c -o minmax.o >/dev/null 2>&1
libtool: compile:  gcc -DHAVE_CONFIG_H -I. -I.. -I.. -g -O2 -MT prop.lo -MD -MP -MF .deps/prop.Tpo -c prop.c -o prop.o >/dev/null 2>&1
libtool: compile:  gcc -DHAVE_CONFIG_H -I. -I.. -I.. -g -O2 -MT init.lo -MD -MP -MF .deps/init.Tpo -c init.c -o init.o >/dev/null 2>&1
libtool: compile:  gcc -DHAVE_CONFIG_H -I. -I.. -I.. -g -O2 -MT oper.lo -MD -MP -MF .deps/oper.Tpo -c oper.c -o oper.o >/dev/null 2>&1
libtool: link: ar cr .libs/libgslvector.a .libs/init.o .libs/file.o .libs/vector.o .libs/copy.o .libs/swap.o .libs/prop.o .libs/minmax.o .libs/oper.o .libs/reim.o .libs/subvector.o .libs/view.o 
libtool: link: ranlib .libs/libgslvector.a
libtool: link: ( cd ".libs" && rm -f "libgslvector.la" && ln -s "../libgslvector.la" "libgslvector.la" )
Making all in matrix
libtool: compile:  gcc -DHAVE_CONFIG_H -I. -I.. -I.. -g -O2 -MT rowcol.lo -MD -MP -MF .deps/rowcol.Tpo -c rowcol.c  -fPIC -DPIC -o .libs/rowcol.o
libtool: compile:  gcc -DHAVE_CONFIG_H -I. -I.. -I.. -g -O2 -MT oper.lo -MD -MP -MF .deps/oper.Tpo -c oper.c  -fPIC -DPIC -o .libs/oper.o
libtool: compile:  gcc -DHAVE_CONFIG_H -I. -I.. -I.. -g -O2 -MT view.lo -MD -MP -MF .deps/view.Tpo -c view.c  -fPIC -DPIC -o .libs/view.o
libtool: compile:  gcc -DHAVE_CONFIG_H -I. -I.. -I.. -g -O2 -MT matrix.lo -MD -MP -MF .deps/matrix.Tpo -c matrix.c  -fPIC -DPIC -o .libs/matrix.o
libtool: compile:  gcc -DHAVE_CONFIG_H -I. -I.. -I.. -g -O2 -MT submatrix.lo -MD -MP -MF .deps/submatrix.Tpo -c submatrix.c  -fPIC -DPIC -o .libs/submatrix.o
libtool: compile:  gcc -DHAVE_CONFIG_H -I. -I.. -I.. -g -O2 -MT getset.lo -MD -MP -MF .deps/getset.Tpo -c getset.c  -fPIC -DPIC -o .libs/getset.o
libtool: compile:  gcc -DHAVE_CONFIG_H -I. -I.. -I.. -g -O2 -MT file.lo -MD -MP -MF .deps/file.Tpo -c file.c  -fPIC -DPIC -o .libs/file.o
libtool: compile:  gcc -DHAVE_CONFIG_H -I. -I.. -I.. -g -O2 -MT copy.lo -MD -MP -MF .deps/copy.Tpo -c copy.c  -fPIC -DPIC -o .libs/copy.o
libtool: compile:  gcc -DHAVE_CONFIG_H -I. -I.. -I.. -g -O2 -MT swap.lo -MD -MP -MF .deps/swap.Tpo -c swap.c  -fPIC -DPIC -o .libs/swap.o
libtool: compile:  gcc -DHAVE_CONFIG_H -I. -I.. -I.. -g -O2 -MT init.lo -MD -MP -MF .deps/init.Tpo -c init.c  -fPIC -DPIC -o .libs/init.o
libtool: compile:  gcc -DHAVE_CONFIG_H -I. -I.. -I.. -g -O2 -MT prop.lo -MD -MP -MF .deps/prop.Tpo -c prop.c  -fPIC -DPIC -o .libs/prop.o
libtool: compile:  gcc -DHAVE_CONFIG_H -I. -I.. -I.. -g -O2 -MT minmax.lo -MD -MP -MF .deps/minmax.Tpo -c minmax.c  -fPIC -DPIC -o .libs/minmax.o
libtool: compile:  gcc -DHAVE_CONFIG_H -I. -I.. -I.. -g -O2 -MT matrix.lo -MD -MP -MF .deps/matrix.Tpo -c matrix.c -o matrix.o >/dev/null 2>&1
libtool: compile:  gcc -DHAVE_CONFIG_H -I. -I.. -I.. -g -O2 -MT submatrix.lo -MD -MP -MF .deps/submatrix.Tpo -c submatrix.c -o submatrix.o >/dev/null 2>&1
libtool: compile:  gcc -DHAVE_CONFIG_H -I. -I.. -I.. -g -O2 -MT file.lo -MD -MP -MF .deps/file.Tpo -c file.c -o file.o >/dev/null 2>&1
libtool: compile:  gcc -DHAVE_CONFIG_H -I. -I.. -I.. -g -O2 -MT getset.lo -MD -MP -MF .deps/getset.Tpo -c getset.c -o getset.o >/dev/null 2>&1
libtool: compile:  gcc -DHAVE_CONFIG_H -I. -I.. -I.. -g -O2 -MT minmax.lo -MD -MP -MF .deps/minmax.Tpo -c minmax.c -o minmax.o >/dev/null 2>&1
libtool: compile:  gcc -DHAVE_CONFIG_H -I. -I.. -I.. -g -O2 -MT view.lo -MD -MP -MF .deps/view.Tpo -c view.c -o view.o >/dev/null 2>&1
libtool: compile:  gcc -DHAVE_CONFIG_H -I. -I.. -I.. -g -O2 -MT copy.lo -MD -MP -MF .deps/copy.Tpo -c copy.c -o copy.o >/dev/null 2>&1
libtool: compile:  gcc -DHAVE_CONFIG_H -I. -I.. -I.. -g -O2 -MT prop.lo -MD -MP -MF .deps/prop.Tpo -c prop.c -o prop.o >/dev/null 2>&1
libtool: compile:  gcc -DHAVE_CONFIG_H -I. -I.. -I.. -g -O2 -MT init.lo -MD -MP -MF .deps/init.Tpo -c init.c -o init.o >/dev/null 2>&1
libtool: compile:  gcc -DHAVE_CONFIG_H -I. -I.. -I.. -g -O2 -MT oper.lo -MD -MP -MF .deps/oper.Tpo -c oper.c -o oper.o >/dev/null 2>&1
libtool: compile:  gcc -DHAVE_CONFIG_H -I. -I.. -I.. -g -O2 -MT rowcol.lo -MD -MP -MF .deps/rowcol.Tpo -c rowcol.c -o rowcol.o >/dev/null 2>&1
libtool: compile:  gcc -DHAVE_CONFIG_H -I. -I.. -I.. -g -O2 -MT swap.lo -MD -MP -MF .deps/swap.Tpo -c swap.c -o swap.o >/dev/null 2>&1
libtool: link: ar cr .libs/libgslmatrix.a .libs/init.o .libs/matrix.o .libs/file.o .libs/rowcol.o .libs/swap.o .libs/copy.o .libs/minmax.o .libs/prop.o .libs/oper.o .libs/getset.o .libs/view.o .libs/submatrix.o 
libtool: link: ranlib .libs/libgslmatrix.a
libtool: link: ( cd ".libs" && rm -f "libgslmatrix.la" && ln -s "../libgslmatrix.la" "libgslmatrix.la" )
Making all in permutation
libtool: compile:  gcc -DHAVE_CONFIG_H -I. -I.. -I.. -g -O2 -MT inline.lo -MD -MP -MF .deps/inline.Tpo -c inline.c  -fPIC -DPIC -o .libs/inline.o
libtool: compile:  gcc -DHAVE_CONFIG_H -I. -I.. -I.. -g -O2 -MT canonical.lo -MD -MP -MF .deps/canonical.Tpo -c canonical.c  -fPIC -DPIC -o .libs/canonical.o
libtool: compile:  gcc -DHAVE_CONFIG_H -I. -I.. -I.. -g -O2 -MT permute.lo -MD -MP -MF .deps/permute.Tpo -c permute.c  -fPIC -DPIC -o .libs/permute.o
libtool: compile:  gcc -DHAVE_CONFIG_H -I. -I.. -I.. -g -O2 -MT file.lo -MD -MP -MF .deps/file.Tpo -c file.c  -fPIC -DPIC -o .libs/file.o
libtool: compile:  gcc -DHAVE_CONFIG_H -I. -I.. -I.. -g -O2 -MT init.lo -MD -MP -MF .deps/init.Tpo -c init.c  -fPIC -DPIC -o .libs/init.o
libtool: compile:  gcc -DHAVE_CONFIG_H -I. -I.. -I.. -g -O2 -MT permutation.lo -MD -MP -MF .deps/permutation.Tpo -c permutation.c  -fPIC -DPIC -o .libs/permutation.o
libtool: compile:  gcc -DHAVE_CONFIG_H -I. -I.. -I.. -g -O2 -MT inline.lo -MD -MP -MF .deps/inline.Tpo -c inline.c -o inline.o >/dev/null 2>&1
libtool: compile:  gcc -DHAVE_CONFIG_H -I. -I.. -I.. -g -O2 -MT file.lo -MD -MP -MF .deps/file.Tpo -c file.c -o file.o >/dev/null 2>&1
libtool: compile:  gcc -DHAVE_CONFIG_H -I. -I.. -I.. -g -O2 -MT init.lo -MD -MP -MF .deps/init.Tpo -c init.c -o init.o >/dev/null 2>&1
libtool: compile:  gcc -DHAVE_CONFIG_H -I. -I.. -I.. -g -O2 -MT canonical.lo -MD -MP -MF .deps/canonical.Tpo -c canonical.c -o canonical.o >/dev/null 2>&1
libtool: compile:  gcc -DHAVE_CONFIG_H -I. -I.. -I.. -g -O2 -MT permutation.lo -MD -MP -MF .deps/permutation.Tpo -c permutation.c -o permutation.o >/dev/null 2>&1
libtool: compile:  gcc -DHAVE_CONFIG_H -I. -I.. -I.. -g -O2 -MT permute.lo -MD -MP -MF .deps/permute.Tpo -c permute.c -o permute.o >/dev/null 2>&1
libtool: link: ar cr .libs/libgslpermutation.a .libs/init.o .libs/file.o .libs/permutation.o .libs/permute.o .libs/canonical.o .libs/inline.o 
libtool: link: ranlib .libs/libgslpermutation.a
libtool: link: ( cd ".libs" && rm -f "libgslpermutation.la" && ln -s "../libgslpermutation.la" "libgslpermutation.la" )
Making all in combination
libtool: compile:  gcc -DHAVE_CONFIG_H -I. -I.. -I.. -g -O2 -MT inline.lo -MD -MP -MF .deps/inline.Tpo -c inline.c  -fPIC -DPIC -o .libs/inline.o
libtool: compile:  gcc -DHAVE_CONFIG_H -I. -I.. -I.. -g -O2 -MT init.lo -MD -MP -MF .deps/init.Tpo -c init.c  -fPIC -DPIC -o .libs/init.o
libtool: compile:  gcc -DHAVE_CONFIG_H -I. -I.. -I.. -g -O2 -MT file.lo -MD -MP -MF .deps/file.Tpo -c file.c  -fPIC -DPIC -o .libs/file.o
libtool: compile:  gcc -DHAVE_CONFIG_H -I. -I.. -I.. -g -O2 -MT combination.lo -MD -MP -MF .deps/combination.Tpo -c combination.c  -fPIC -DPIC -o .libs/combination.o
libtool: compile:  gcc -DHAVE_CONFIG_H -I. -I.. -I.. -g -O2 -MT inline.lo -MD -MP -MF .deps/inline.Tpo -c inline.c -o inline.o >/dev/null 2>&1
libtool: compile:  gcc -DHAVE_CONFIG_H -I. -I.. -I.. -g -O2 -MT init.lo -MD -MP -MF .deps/init.Tpo -c init.c -o init.o >/dev/null 2>&1
libtool: compile:  gcc -DHAVE_CONFIG_H -I. -I.. -I.. -g -O2 -MT file.lo -MD -MP -MF .deps/file.Tpo -c file.c -o file.o >/dev/null 2>&1
libtool: compile:  gcc -DHAVE_CONFIG_H -I. -I.. -I.. -g -O2 -MT combination.lo -MD -MP -MF .deps/combination.Tpo -c combination.c -o combination.o >/dev/null 2>&1
libtool: link: ar cr .libs/libgslcombination.a .libs/init.o .libs/file.o .libs/combination.o .libs/inline.o 
libtool: link: ranlib .libs/libgslcombination.a
libtool: link: ( cd ".libs" && rm -f "libgslcombination.la" && ln -s "../libgslcombination.la" "libgslcombination.la" )
Making all in multiset
libtool: compile:  gcc -DHAVE_CONFIG_H -I. -I.. -I.. -g -O2 -MT init.lo -MD -MP -MF .deps/init.Tpo -c init.c  -fPIC -DPIC -o .libs/init.o
libtool: compile:  gcc -DHAVE_CONFIG_H -I. -I.. -I.. -g -O2 -MT inline.lo -MD -MP -MF .deps/inline.Tpo -c inline.c  -fPIC -DPIC -o .libs/inline.o
libtool: compile:  gcc -DHAVE_CONFIG_H -I. -I.. -I.. -g -O2 -MT multiset.lo -MD -MP -MF .deps/multiset.Tpo -c multiset.c  -fPIC -DPIC -o .libs/multiset.o
libtool: compile:  gcc -DHAVE_CONFIG_H -I. -I.. -I.. -g -O2 -MT file.lo -MD -MP -MF .deps/file.Tpo -c file.c  -fPIC -DPIC -o .libs/file.o
libtool: compile:  gcc -DHAVE_CONFIG_H -I. -I.. -I.. -g -O2 -MT inline.lo -MD -MP -MF .deps/inline.Tpo -c inline.c -o inline.o >/dev/null 2>&1
libtool: compile:  gcc -DHAVE_CONFIG_H -I. -I.. -I.. -g -O2 -MT init.lo -MD -MP -MF .deps/init.Tpo -c init.c -o init.o >/dev/null 2>&1
libtool: compile:  gcc -DHAVE_CONFIG_H -I. -I.. -I.. -g -O2 -MT file.lo -MD -MP -MF .deps/file.Tpo -c file.c -o file.o >/dev/null 2>&1
libtool: compile:  gcc -DHAVE_CONFIG_H -I. -I.. -I.. -g -O2 -MT multiset.lo -MD -MP -MF .deps/multiset.Tpo -c multiset.c -o multiset.o >/dev/null 2>&1
libtool: link: ar cr .libs/libgslmultiset.a .libs/init.o .libs/file.o .libs/multiset.o .libs/inline.o 
libtool: link: ranlib .libs/libgslmultiset.a
libtool: link: ( cd ".libs" && rm -f "libgslmultiset.la" && ln -s "../libgslmultiset.la" "libgslmultiset.la" )
Making all in sort
libtool: compile:  gcc -DHAVE_CONFIG_H -I. -I.. -I.. -g -O2 -MT sortvec.lo -MD -MP -MF .deps/sortvec.Tpo -c sortvec.c  -fPIC -DPIC -o .libs/sortvec.o
libtool: compile:  gcc -DHAVE_CONFIG_H -I. -I.. -I.. -g -O2 -MT sortvecind.lo -MD -MP -MF .deps/sortvecind.Tpo -c sortvecind.c  -fPIC -DPIC -o .libs/sortvecind.o
libtool: compile:  gcc -DHAVE_CONFIG_H -I. -I.. -I.. -g -O2 -MT subset.lo -MD -MP -MF .deps/subset.Tpo -c subset.c  -fPIC -DPIC -o .libs/subset.o
libtool: compile:  gcc -DHAVE_CONFIG_H -I. -I.. -I.. -g -O2 -MT subsetind.lo -MD -MP -MF .deps/subsetind.Tpo -c subsetind.c  -fPIC -DPIC -o .libs/subsetind.o
libtool: compile:  gcc -DHAVE_CONFIG_H -I. -I.. -I.. -g -O2 -MT sort.lo -MD -MP -MF .deps/sort.Tpo -c sort.c  -fPIC -DPIC -o .libs/sort.o
libtool: compile:  gcc -DHAVE_CONFIG_H -I. -I.. -I.. -g -O2 -MT sortind.lo -MD -MP -MF .deps/sortind.Tpo -c sortind.c  -fPIC -DPIC -o .libs/sortind.o
libtool: compile:  gcc -DHAVE_CONFIG_H -I. -I.. -I.. -g -O2 -MT sortind.lo -MD -MP -MF .deps/sortind.Tpo -c sortind.c -o sortind.o >/dev/null 2>&1
libtool: compile:  gcc -DHAVE_CONFIG_H -I. -I.. -I.. -g -O2 -MT sort.lo -MD -MP -MF .deps/sort.Tpo -c sort.c -o sort.o >/dev/null 2>&1
libtool: compile:  gcc -DHAVE_CONFIG_H -I. -I.. -I.. -g -O2 -MT sortvecind.lo -MD -MP -MF .deps/sortvecind.Tpo -c sortvecind.c -o sortvecind.o >/dev/null 2>&1
libtool: compile:  gcc -DHAVE_CONFIG_H -I. -I.. -I.. -g -O2 -MT subset.lo -MD -MP -MF .deps/subset.Tpo -c subset.c -o subset.o >/dev/null 2>&1
libtool: compile:  gcc -DHAVE_CONFIG_H -I. -I.. -I.. -g -O2 -MT subsetind.lo -MD -MP -MF .deps/subsetind.Tpo -c subsetind.c -o subsetind.o >/dev/null 2>&1
libtool: compile:  gcc -DHAVE_CONFIG_H -I. -I.. -I.. -g -O2 -MT sortvec.lo -MD -MP -MF .deps/sortvec.Tpo -c sortvec.c -o sortvec.o >/dev/null 2>&1
libtool: link: ar cr .libs/libgslsort.a .libs/sort.o .libs/sortind.o .libs/sortvec.o .libs/sortvecind.o .libs/subset.o .libs/subsetind.o 
libtool: link: ranlib .libs/libgslsort.a
libtool: link: ( cd ".libs" && rm -f "libgslsort.la" && ln -s "../libgslsort.la" "libgslsort.la" )
Making all in ieee-utils
libtool: compile:  gcc -DHAVE_CONFIG_H -I. -I.. -I.. -g -O2 -MT read.lo -MD -MP -MF .deps/read.Tpo -c read.c  -fPIC -DPIC -o .libs/read.o
libtool: compile:  gcc -DHAVE_CONFIG_H -I. -I.. -I.. -g -O2 -MT env.lo -MD -MP -MF .deps/env.Tpo -c env.c  -fPIC -DPIC -o .libs/env.o
libtool: compile:  gcc -DHAVE_CONFIG_H -I. -I.. -I.. -g -O2 -MT fp.lo -MD -MP -MF .deps/fp.Tpo -c fp.c  -fPIC -DPIC -o .libs/fp.o
libtool: compile:  gcc -DHAVE_CONFIG_H -I. -I.. -I.. -g -O2 -MT make_rep.lo -MD -MP -MF .deps/make_rep.Tpo -c make_rep.c  -fPIC -DPIC -o .libs/make_rep.o
libtool: compile:  gcc -DHAVE_CONFIG_H -I. -I.. -I.. -g -O2 -MT print.lo -MD -MP -MF .deps/print.Tpo -c print.c  -fPIC -DPIC -o .libs/print.o
libtool: compile:  gcc -DHAVE_CONFIG_H -I. -I.. -I.. -g -O2 -MT fp.lo -MD -MP -MF .deps/fp.Tpo -c fp.c -o fp.o >/dev/null 2>&1
libtool: compile:  gcc -DHAVE_CONFIG_H -I. -I.. -I.. -g -O2 -MT print.lo -MD -MP -MF .deps/print.Tpo -c print.c -o print.o >/dev/null 2>&1
libtool: compile:  gcc -DHAVE_CONFIG_H -I. -I.. -I.. -g -O2 -MT read.lo -MD -MP -MF .deps/read.Tpo -c read.c -o read.o >/dev/null 2>&1
libtool: compile:  gcc -DHAVE_CONFIG_H -I. -I.. -I.. -g -O2 -MT env.lo -MD -MP -MF .deps/env.Tpo -c env.c -o env.o >/dev/null 2>&1
libtool: compile:  gcc -DHAVE_CONFIG_H -I. -I.. -I.. -g -O2 -MT make_rep.lo -MD -MP -MF .deps/make_rep.Tpo -c make_rep.c -o make_rep.o >/dev/null 2>&1
libtool: link: ar cr .libs/libgslieeeutils.a .libs/print.o .libs/make_rep.o .libs/env.o .libs/fp.o .libs/read.o 
libtool: link: ranlib .libs/libgslieeeutils.a
libtool: link: ( cd ".libs" && rm -f "libgslieeeutils.la" && ln -s "../libgslieeeutils.la" "libgslieeeutils.la" )
Making all in cblas
libtool: compile:  gcc -DHAVE_CONFIG_H -I. -I.. -I.. -g -O2 -MT sdot.lo -MD -MP -MF .deps/sdot.Tpo -c sdot.c  -fPIC -DPIC -o .libs/sdot.o
libtool: compile:  gcc -DHAVE_CONFIG_H -I. -I.. -I.. -g -O2 -MT sger.lo -MD -MP -MF .deps/sger.Tpo -c sger.c  -fPIC -DPIC -o .libs/sger.o
libtool: compile:  gcc -DHAVE_CONFIG_H -I. -I.. -I.. -g -O2 -MT scnrm2.lo -MD -MP -MF .deps/scnrm2.Tpo -c scnrm2.c  -fPIC -DPIC -o .libs/scnrm2.o
libtool: compile:  gcc -DHAVE_CONFIG_H -I. -I.. -I.. -g -O2 -MT sgemv.lo -MD -MP -MF .deps/sgemv.Tpo -c sgemv.c  -fPIC -DPIC -o .libs/sgemv.o
libtool: compile:  gcc -DHAVE_CONFIG_H -I. -I.. -I.. -g -O2 -MT sspr.lo -MD -MP -MF .deps/sspr.Tpo -c sspr.c  -fPIC -DPIC -o .libs/sspr.o
libtool: compile:  gcc -DHAVE_CONFIG_H -I. -I.. -I.. -g -O2 -MT sgbmv.lo -MD -MP -MF .deps/sgbmv.Tpo -c sgbmv.c  -fPIC -DPIC -o .libs/sgbmv.o
libtool: compile:  gcc -DHAVE_CONFIG_H -I. -I.. -I.. -g -O2 -MT srotm.lo -MD -MP -MF .deps/srotm.Tpo -c srotm.c  -fPIC -DPIC -o .libs/srotm.o
libtool: compile:  gcc -DHAVE_CONFIG_H -I. -I.. -I.. -g -O2 -MT scopy.lo -MD -MP -MF .deps/scopy.Tpo -c scopy.c  -fPIC -DPIC -o .libs/scopy.o
libtool: compile:  gcc -DHAVE_CONFIG_H -I. -I.. -I.. -g -O2 -MT saxpy.lo -MD -MP -MF .deps/saxpy.Tpo -c saxpy.c  -fPIC -DPIC -o .libs/saxpy.o
libtool: compile:  gcc -DHAVE_CONFIG_H -I. -I.. -I.. -g -O2 -MT srot.lo -MD -MP -MF .deps/srot.Tpo -c srot.c  -fPIC -DPIC -o .libs/srot.o
libtool: compile:  gcc -DHAVE_CONFIG_H -I. -I.. -I.. -g -O2 -MT sscal.lo -MD -MP -MF .deps/sscal.Tpo -c sscal.c  -fPIC -DPIC -o .libs/sscal.o
libtool: compile:  gcc -DHAVE_CONFIG_H -I. -I.. -I.. -g -O2 -MT sdsdot.lo -MD -MP -MF .deps/sdsdot.Tpo -c sdsdot.c  -fPIC -DPIC -o .libs/sdsdot.o
libtool: compile:  gcc -DHAVE_CONFIG_H -I. -I.. -I.. -g -O2 -MT sswap.lo -MD -MP -MF .deps/sswap.Tpo -c sswap.c  -fPIC -DPIC -o .libs/sswap.o
libtool: compile:  gcc -DHAVE_CONFIG_H -I. -I.. -I.. -g -O2 -MT sspr2.lo -MD -MP -MF .deps/sspr2.Tpo -c sspr2.c  -fPIC -DPIC -o .libs/sspr2.o
libtool: compile:  gcc -DHAVE_CONFIG_H -I. -I.. -I.. -g -O2 -MT scasum.lo -MD -MP -MF .deps/scasum.Tpo -c scasum.c  -fPIC -DPIC -o .libs/scasum.o
libtool: compile:  gcc -DHAVE_CONFIG_H -I. -I.. -I.. -g -O2 -MT srotmg.lo -MD -MP -MF .deps/srotmg.Tpo -c srotmg.c  -fPIC -DPIC -o .libs/srotmg.o
libtool: compile:  gcc -DHAVE_CONFIG_H -I. -I.. -I.. -g -O2 -MT sgemm.lo -MD -MP -MF .deps/sgemm.Tpo -c sgemm.c  -fPIC -DPIC -o .libs/sgemm.o
libtool: compile:  gcc -DHAVE_CONFIG_H -I. -I.. -I.. -g -O2 -MT snrm2.lo -MD -MP -MF .deps/snrm2.Tpo -c snrm2.c  -fPIC -DPIC -o .libs/snrm2.o
libtool: compile:  gcc -DHAVE_CONFIG_H -I. -I.. -I.. -g -O2 -MT ssbmv.lo -MD -MP -MF .deps/ssbmv.Tpo -c ssbmv.c  -fPIC -DPIC -o .libs/ssbmv.o
libtool: compile:  gcc -DHAVE_CONFIG_H -I. -I.. -I.. -g -O2 -MT sspmv.lo -MD -MP -MF .deps/sspmv.Tpo -c sspmv.c  -fPIC -DPIC -o .libs/sspmv.o
libtool: compile:  gcc -DHAVE_CONFIG_H -I. -I.. -I.. -g -O2 -MT ssymm.lo -MD -MP -MF .deps/ssymm.Tpo -c ssymm.c  -fPIC -DPIC -o .libs/ssymm.o
libtool: compile:  gcc -DHAVE_CONFIG_H -I. -I.. -I.. -g -O2 -MT srotg.lo -MD -MP -MF .deps/srotg.Tpo -c srotg.c  -fPIC -DPIC -o .libs/srotg.o
libtool: compile:  gcc -DHAVE_CONFIG_H -I. -I.. -I.. -g -O2 -MT sasum.lo -MD -MP -MF .deps/sasum.Tpo -c sasum.c  -fPIC -DPIC -o .libs/sasum.o
libtool: compile:  gcc -DHAVE_CONFIG_H -I. -I.. -I.. -g -O2 -MT ssymv.lo -MD -MP -MF .deps/ssymv.Tpo -c ssymv.c  -fPIC -DPIC -o .libs/ssymv.o
libtool: compile:  gcc -DHAVE_CONFIG_H -I. -I.. -I.. -g -O2 -MT scopy.lo -MD -MP -MF .deps/scopy.Tpo -c scopy.c -o scopy.o >/dev/null 2>&1
libtool: compile:  gcc -DHAVE_CONFIG_H -I. -I.. -I.. -g -O2 -MT sdot.lo -MD -MP -MF .deps/sdot.Tpo -c sdot.c -o sdot.o >/dev/null 2>&1
libtool: compile:  gcc -DHAVE_CONFIG_H -I. -I.. -I.. -g -O2 -MT sdsdot.lo -MD -MP -MF .deps/sdsdot.Tpo -c sdsdot.c -o sdsdot.o >/dev/null 2>&1
libtool: compile:  gcc -DHAVE_CONFIG_H -I. -I.. -I.. -g -O2 -MT srot.lo -MD -MP -MF .deps/srot.Tpo -c srot.c -o srot.o >/dev/null 2>&1
libtool: compile:  gcc -DHAVE_CONFIG_H -I. -I.. -I.. -g -O2 -MT sscal.lo -MD -MP -MF .deps/sscal.Tpo -c sscal.c -o sscal.o >/dev/null 2>&1
libtool: compile:  gcc -DHAVE_CONFIG_H -I. -I.. -I.. -g -O2 -MT sswap.lo -MD -MP -MF .deps/sswap.Tpo -c sswap.c -o sswap.o >/dev/null 2>&1
libtool: compile:  gcc -DHAVE_CONFIG_H -I. -I.. -I.. -g -O2 -MT scnrm2.lo -MD -MP -MF .deps/scnrm2.Tpo -c scnrm2.c -o scnrm2.o >/dev/null 2>&1
libtool: compile:  gcc -DHAVE_CONFIG_H -I. -I.. -I.. -g -O2 -MT scasum.lo -MD -MP -MF .deps/scasum.Tpo -c scasum.c -o scasum.o >/dev/null 2>&1
libtool: compile:  gcc -DHAVE_CONFIG_H -I. -I.. -I.. -g -O2 -MT srotm.lo -MD -MP -MF .deps/srotm.Tpo -c srotm.c -o srotm.o >/dev/null 2>&1
libtool: compile:  gcc -DHAVE_CONFIG_H -I. -I.. -I.. -g -O2 -MT saxpy.lo -MD -MP -MF .deps/saxpy.Tpo -c saxpy.c -o saxpy.o >/dev/null 2>&1
libtool: compile:  gcc -DHAVE_CONFIG_H -I. -I.. -I.. -g -O2 -MT srotmg.lo -MD -MP -MF .deps/srotmg.Tpo -c srotmg.c -o srotmg.o >/dev/null 2>&1
libtool: compile:  gcc -DHAVE_CONFIG_H -I. -I.. -I.. -g -O2 -MT sspr2.lo -MD -MP -MF .deps/sspr2.Tpo -c sspr2.c -o sspr2.o >/dev/null 2>&1
libtool: compile:  gcc -DHAVE_CONFIG_H -I. -I.. -I.. -g -O2 -MT sasum.lo -MD -MP -MF .deps/sasum.Tpo -c sasum.c -o sasum.o >/dev/null 2>&1
libtool: compile:  gcc -DHAVE_CONFIG_H -I. -I.. -I.. -g -O2 -MT sger.lo -MD -MP -MF .deps/sger.Tpo -c sger.c -o sger.o >/dev/null 2>&1
libtool: compile:  gcc -DHAVE_CONFIG_H -I. -I.. -I.. -g -O2 -MT sgemv.lo -MD -MP -MF .deps/sgemv.Tpo -c sgemv.c -o sgemv.o >/dev/null 2>&1
libtool: compile:  gcc -DHAVE_CONFIG_H -I. -I.. -I.. -g -O2 -MT srotg.lo -MD -MP -MF .deps/srotg.Tpo -c srotg.c -o srotg.o >/dev/null 2>&1
libtool: compile:  gcc -DHAVE_CONFIG_H -I. -I.. -I.. -g -O2 -MT sgbmv.lo -MD -MP -MF .deps/sgbmv.Tpo -c sgbmv.c -o sgbmv.o >/dev/null 2>&1
libtool: compile:  gcc -DHAVE_CONFIG_H -I. -I.. -I.. -g -O2 -MT snrm2.lo -MD -MP -MF .deps/snrm2.Tpo -c snrm2.c -o snrm2.o >/dev/null 2>&1
libtool: compile:  gcc -DHAVE_CONFIG_H -I. -I.. -I.. -g -O2 -MT sspmv.lo -MD -MP -MF .deps/sspmv.Tpo -c sspmv.c -o sspmv.o >/dev/null 2>&1
libtool: compile:  gcc -DHAVE_CONFIG_H -I. -I.. -I.. -g -O2 -MT ssyr.lo -MD -MP -MF .deps/ssyr.Tpo -c ssyr.c  -fPIC -DPIC -o .libs/ssyr.o
libtool: compile:  gcc -DHAVE_CONFIG_H -I. -I.. -I.. -g -O2 -MT sspr.lo -MD -MP -MF .deps/sspr.Tpo -c sspr.c -o sspr.o >/dev/null 2>&1
libtool: compile:  gcc -DHAVE_CONFIG_H -I. -I.. -I.. -g -O2 -MT ssymv.lo -MD -MP -MF .deps/ssymv.Tpo -c ssymv.c -o ssymv.o >/dev/null 2>&1
libtool: compile:  gcc -DHAVE_CONFIG_H -I. -I.. -I.. -g -O2 -MT ssbmv.lo -MD -MP -MF .deps/ssbmv.Tpo -c ssbmv.c -o ssbmv.o >/dev/null 2>&1
libtool: compile:  gcc -DHAVE_CONFIG_H -I. -I.. -I.. -g -O2 -MT ssyr2k.lo -MD -MP -MF .deps/ssyr2k.Tpo -c ssyr2k.c  -fPIC -DPIC -o .libs/ssyr2k.o
libtool: compile:  gcc -DHAVE_CONFIG_H -I. -I.. -I.. -g -O2 -MT ssyr2.lo -MD -MP -MF .deps/ssyr2.Tpo -c ssyr2.c  -fPIC -DPIC -o .libs/ssyr2.o
libtool: compile:  gcc -DHAVE_CONFIG_H -I. -I.. -I.. -g -O2 -MT ssyrk.lo -MD -MP -MF .deps/ssyrk.Tpo -c ssyrk.c  -fPIC -DPIC -o .libs/ssyrk.o
libtool: compile:  gcc -DHAVE_CONFIG_H -I. -I.. -I.. -g -O2 -MT stbsv.lo -MD -MP -MF .deps/stbsv.Tpo -c stbsv.c  -fPIC -DPIC -o .libs/stbsv.o
libtool: compile:  gcc -DHAVE_CONFIG_H -I. -I.. -I.. -g -O2 -MT stbmv.lo -MD -MP -MF .deps/stbmv.Tpo -c stbmv.c  -fPIC -DPIC -o .libs/stbmv.o
libtool: compile:  gcc -DHAVE_CONFIG_H -I. -I.. -I.. -g -O2 -MT stpsv.lo -MD -MP -MF .deps/stpsv.Tpo -c stpsv.c  -fPIC -DPIC -o .libs/stpsv.o
libtool: compile:  gcc -DHAVE_CONFIG_H -I. -I.. -I.. -g -O2 -MT ssymm.lo -MD -MP -MF .deps/ssymm.Tpo -c ssymm.c -o ssymm.o >/dev/null 2>&1
libtool: compile:  gcc -DHAVE_CONFIG_H -I. -I.. -I.. -g -O2 -MT strmm.lo -MD -MP -MF .deps/strmm.Tpo -c strmm.c  -fPIC -DPIC -o .libs/strmm.o
libtool: compile:  gcc -DHAVE_CONFIG_H -I. -I.. -I.. -g -O2 -MT ssyr.lo -MD -MP -MF .deps/ssyr.Tpo -c ssyr.c -o ssyr.o >/dev/null 2>&1
libtool: compile:  gcc -DHAVE_CONFIG_H -I. -I.. -I.. -g -O2 -MT strsm.lo -MD -MP -MF .deps/strsm.Tpo -c strsm.c  -fPIC -DPIC -o .libs/strsm.o
libtool: compile:  gcc -DHAVE_CONFIG_H -I. -I.. -I.. -g -O2 -MT strmv.lo -MD -MP -MF .deps/strmv.Tpo -c strmv.c  -fPIC -DPIC -o .libs/strmv.o
libtool: compile:  gcc -DHAVE_CONFIG_H -I. -I.. -I.. -g -O2 -MT strsv.lo -MD -MP -MF .deps/strsv.Tpo -c strsv.c  -fPIC -DPIC -o .libs/strsv.o
libtool: compile:  gcc -DHAVE_CONFIG_H -I. -I.. -I.. -g -O2 -MT sgemm.lo -MD -MP -MF .deps/sgemm.Tpo -c sgemm.c -o sgemm.o >/dev/null 2>&1
libtool: compile:  gcc -DHAVE_CONFIG_H -I. -I.. -I.. -g -O2 -MT stpmv.lo -MD -MP -MF .deps/stpmv.Tpo -c stpmv.c  -fPIC -DPIC -o .libs/stpmv.o
libtool: compile:  gcc -DHAVE_CONFIG_H -I. -I.. -I.. -g -O2 -MT daxpy.lo -MD -MP -MF .deps/daxpy.Tpo -c daxpy.c  -fPIC -DPIC -o .libs/daxpy.o
libtool: compile:  gcc -DHAVE_CONFIG_H -I. -I.. -I.. -g -O2 -MT dcopy.lo -MD -MP -MF .deps/dcopy.Tpo -c dcopy.c  -fPIC -DPIC -o .libs/dcopy.o
libtool: compile:  gcc -DHAVE_CONFIG_H -I. -I.. -I.. -g -O2 -MT dasum.lo -MD -MP -MF .deps/dasum.Tpo -c dasum.c  -fPIC -DPIC -o .libs/dasum.o
libtool: compile:  gcc -DHAVE_CONFIG_H -I. -I.. -I.. -g -O2 -MT ddot.lo -MD -MP -MF .deps/ddot.Tpo -c ddot.c  -fPIC -DPIC -o .libs/ddot.o
libtool: compile:  gcc -DHAVE_CONFIG_H -I. -I.. -I.. -g -O2 -MT ssyr2.lo -MD -MP -MF .deps/ssyr2.Tpo -c ssyr2.c -o ssyr2.o >/dev/null 2>&1
libtool: compile:  gcc -DHAVE_CONFIG_H -I. -I.. -I.. -g -O2 -MT dcopy.lo -MD -MP -MF .deps/dcopy.Tpo -c dcopy.c -o dcopy.o >/dev/null 2>&1
libtool: compile:  gcc -DHAVE_CONFIG_H -I. -I.. -I.. -g -O2 -MT dgbmv.lo -MD -MP -MF .deps/dgbmv.Tpo -c dgbmv.c  -fPIC -DPIC -o .libs/dgbmv.o
libtool: compile:  gcc -DHAVE_CONFIG_H -I. -I.. -I.. -g -O2 -MT ddot.lo -MD -MP -MF .deps/ddot.Tpo -c ddot.c -o ddot.o >/dev/null 2>&1
libtool: compile:  gcc -DHAVE_CONFIG_H -I. -I.. -I.. -g -O2 -MT daxpy.lo -MD -MP -MF .deps/daxpy.Tpo -c daxpy.c -o daxpy.o >/dev/null 2>&1
libtool: compile:  gcc -DHAVE_CONFIG_H -I. -I.. -I.. -g -O2 -MT dgemm.lo -MD -MP -MF .deps/dgemm.Tpo -c dgemm.c  -fPIC -DPIC -o .libs/dgemm.o
libtool: compile:  gcc -DHAVE_CONFIG_H -I. -I.. -I.. -g -O2 -MT dasum.lo -MD -MP -MF .deps/dasum.Tpo -c dasum.c -o dasum.o >/dev/null 2>&1
libtool: compile:  gcc -DHAVE_CONFIG_H -I. -I.. -I.. -g -O2 -MT strmv.lo -MD -MP -MF .deps/strmv.Tpo -c strmv.c -o strmv.o >/dev/null 2>&1
libtool: compile:  gcc -DHAVE_CONFIG_H -I. -I.. -I.. -g -O2 -MT dger.lo -MD -MP -MF .deps/dger.Tpo -c dger.c  -fPIC -DPIC -o .libs/dger.o
libtool: compile:  gcc -DHAVE_CONFIG_H -I. -I.. -I.. -g -O2 -MT dgemv.lo -MD -MP -MF .deps/dgemv.Tpo -c dgemv.c  -fPIC -DPIC -o .libs/dgemv.o
libtool: compile:  gcc -DHAVE_CONFIG_H -I. -I.. -I.. -g -O2 -MT stbmv.lo -MD -MP -MF .deps/stbmv.Tpo -c stbmv.c -o stbmv.o >/dev/null 2>&1
libtool: compile:  gcc -DHAVE_CONFIG_H -I. -I.. -I.. -g -O2 -MT dnrm2.lo -MD -MP -MF .deps/dnrm2.Tpo -c dnrm2.c  -fPIC -DPIC -o .libs/dnrm2.o
libtool: compile:  gcc -DHAVE_CONFIG_H -I. -I.. -I.. -g -O2 -MT stpsv.lo -MD -MP -MF .deps/stpsv.Tpo -c stpsv.c -o stpsv.o >/dev/null 2>&1
libtool: compile:  gcc -DHAVE_CONFIG_H -I. -I.. -I.. -g -O2 -MT ssyrk.lo -MD -MP -MF .deps/ssyrk.Tpo -c ssyrk.c -o ssyrk.o >/dev/null 2>&1
libtool: compile:  gcc -DHAVE_CONFIG_H -I. -I.. -I.. -g -O2 -MT drot.lo -MD -MP -MF .deps/drot.Tpo -c drot.c  -fPIC -DPIC -o .libs/drot.o
libtool: compile:  gcc -DHAVE_CONFIG_H -I. -I.. -I.. -g -O2 -MT stbsv.lo -MD -MP -MF .deps/stbsv.Tpo -c stbsv.c -o stbsv.o >/dev/null 2>&1
libtool: compile:  gcc -DHAVE_CONFIG_H -I. -I.. -I.. -g -O2 -MT stpmv.lo -MD -MP -MF .deps/stpmv.Tpo -c stpmv.c -o stpmv.o >/dev/null 2>&1
libtool: compile:  gcc -DHAVE_CONFIG_H -I. -I.. -I.. -g -O2 -MT ssyr2k.lo -MD -MP -MF .deps/ssyr2k.Tpo -c ssyr2k.c -o ssyr2k.o >/dev/null 2>&1
libtool: compile:  gcc -DHAVE_CONFIG_H -I. -I.. -I.. -g -O2 -MT drotg.lo -MD -MP -MF .deps/drotg.Tpo -c drotg.c  -fPIC -DPIC -o .libs/drotg.o
libtool: compile:  gcc -DHAVE_CONFIG_H -I. -I.. -I.. -g -O2 -MT strsv.lo -MD -MP -MF .deps/strsv.Tpo -c strsv.c -o strsv.o >/dev/null 2>&1
libtool: compile:  gcc -DHAVE_CONFIG_H -I. -I.. -I.. -g -O2 -MT dgbmv.lo -MD -MP -MF .deps/dgbmv.Tpo -c dgbmv.c -o dgbmv.o >/dev/null 2>&1
libtool: compile:  gcc -DHAVE_CONFIG_H -I. -I.. -I.. -g -O2 -MT drotm.lo -MD -MP -MF .deps/drotm.Tpo -c drotm.c  -fPIC -DPIC -o .libs/drotm.o
libtool: compile:  gcc -DHAVE_CONFIG_H -I. -I.. -I.. -g -O2 -MT strmm.lo -MD -MP -MF .deps/strmm.Tpo -c strmm.c -o strmm.o >/dev/null 2>&1
libtool: compile:  gcc -DHAVE_CONFIG_H -I. -I.. -I.. -g -O2 -MT dger.lo -MD -MP -MF .deps/dger.Tpo -c dger.c -o dger.o >/dev/null 2>&1
libtool: compile:  gcc -DHAVE_CONFIG_H -I. -I.. -I.. -g -O2 -MT dnrm2.lo -MD -MP -MF .deps/dnrm2.Tpo -c dnrm2.c -o dnrm2.o >/dev/null 2>&1
libtool: compile:  gcc -DHAVE_CONFIG_H -I. -I.. -I.. -g -O2 -MT drot.lo -MD -MP -MF .deps/drot.Tpo -c drot.c -o drot.o >/dev/null 2>&1
libtool: compile:  gcc -DHAVE_CONFIG_H -I. -I.. -I.. -g -O2 -MT dsbmv.lo -MD -MP -MF .deps/dsbmv.Tpo -c dsbmv.c  -fPIC -DPIC -o .libs/dsbmv.o
libtool: compile:  gcc -DHAVE_CONFIG_H -I. -I.. -I.. -g -O2 -MT drotmg.lo -MD -MP -MF .deps/drotmg.Tpo -c drotmg.c  -fPIC -DPIC -o .libs/drotmg.o
libtool: compile:  gcc -DHAVE_CONFIG_H -I. -I.. -I.. -g -O2 -MT dsdot.lo -MD -MP -MF .deps/dsdot.Tpo -c dsdot.c  -fPIC -DPIC -o .libs/dsdot.o
libtool: compile:  gcc -DHAVE_CONFIG_H -I. -I.. -I.. -g -O2 -MT dscal.lo -MD -MP -MF .deps/dscal.Tpo -c dscal.c  -fPIC -DPIC -o .libs/dscal.o
libtool: compile:  gcc -DHAVE_CONFIG_H -I. -I.. -I.. -g -O2 -MT drotg.lo -MD -MP -MF .deps/drotg.Tpo -c drotg.c -o drotg.o >/dev/null 2>&1
libtool: compile:  gcc -DHAVE_CONFIG_H -I. -I.. -I.. -g -O2 -MT dgemv.lo -MD -MP -MF .deps/dgemv.Tpo -c dgemv.c -o dgemv.o >/dev/null 2>&1
libtool: compile:  gcc -DHAVE_CONFIG_H -I. -I.. -I.. -g -O2 -MT dspmv.lo -MD -MP -MF .deps/dspmv.Tpo -c dspmv.c  -fPIC -DPIC -o .libs/dspmv.o
libtool: compile:  gcc -DHAVE_CONFIG_H -I. -I.. -I.. -g -O2 -MT drotm.lo -MD -MP -MF .deps/drotm.Tpo -c drotm.c -o drotm.o >/dev/null 2>&1
libtool: compile:  gcc -DHAVE_CONFIG_H -I. -I.. -I.. -g -O2 -MT drotmg.lo -MD -MP -MF .deps/drotmg.Tpo -c drotmg.c -o drotmg.o >/dev/null 2>&1
libtool: compile:  gcc -DHAVE_CONFIG_H -I. -I.. -I.. -g -O2 -MT strsm.lo -MD -MP -MF .deps/strsm.Tpo -c strsm.c -o strsm.o >/dev/null 2>&1
libtool: compile:  gcc -DHAVE_CONFIG_H -I. -I.. -I.. -g -O2 -MT dscal.lo -MD -MP -MF .deps/dscal.Tpo -c dscal.c -o dscal.o >/dev/null 2>&1
libtool: compile:  gcc -DHAVE_CONFIG_H -I. -I.. -I.. -g -O2 -MT dsdot.lo -MD -MP -MF .deps/dsdot.Tpo -c dsdot.c -o dsdot.o >/dev/null 2>&1
libtool: compile:  gcc -DHAVE_CONFIG_H -I. -I.. -I.. -g -O2 -MT dspr.lo -MD -MP -MF .deps/dspr.Tpo -c dspr.c  -fPIC -DPIC -o .libs/dspr.o
libtool: compile:  gcc -DHAVE_CONFIG_H -I. -I.. -I.. -g -O2 -MT dswap.lo -MD -MP -MF .deps/dswap.Tpo -c dswap.c  -fPIC -DPIC -o .libs/dswap.o
libtool: compile:  gcc -DHAVE_CONFIG_H -I. -I.. -I.. -g -O2 -MT dgemm.lo -MD -MP -MF .deps/dgemm.Tpo -c dgemm.c -o dgemm.o >/dev/null 2>&1
libtool: compile:  gcc -DHAVE_CONFIG_H -I. -I.. -I.. -g -O2 -MT dsbmv.lo -MD -MP -MF .deps/dsbmv.Tpo -c dsbmv.c -o dsbmv.o >/dev/null 2>&1
libtool: compile:  gcc -DHAVE_CONFIG_H -I. -I.. -I.. -g -O2 -MT dsymm.lo -MD -MP -MF .deps/dsymm.Tpo -c dsymm.c  -fPIC -DPIC -o .libs/dsymm.o
libtool: compile:  gcc -DHAVE_CONFIG_H -I. -I.. -I.. -g -O2 -MT dspr2.lo -MD -MP -MF .deps/dspr2.Tpo -c dspr2.c  -fPIC -DPIC -o .libs/dspr2.o
libtool: compile:  gcc -DHAVE_CONFIG_H -I. -I.. -I.. -g -O2 -MT dsyr.lo -MD -MP -MF .deps/dsyr.Tpo -c dsyr.c  -fPIC -DPIC -o .libs/dsyr.o
libtool: compile:  gcc -DHAVE_CONFIG_H -I. -I.. -I.. -g -O2 -MT dsyr2k.lo -MD -MP -MF .deps/dsyr2k.Tpo -c dsyr2k.c  -fPIC -DPIC -o .libs/dsyr2k.o
libtool: compile:  gcc -DHAVE_CONFIG_H -I. -I.. -I.. -g -O2 -MT dsyr2.lo -MD -MP -MF .deps/dsyr2.Tpo -c dsyr2.c  -fPIC -DPIC -o .libs/dsyr2.o
libtool: compile:  gcc -DHAVE_CONFIG_H -I. -I.. -I.. -g -O2 -MT dsyrk.lo -MD -MP -MF .deps/dsyrk.Tpo -c dsyrk.c  -fPIC -DPIC -o .libs/dsyrk.o
libtool: compile:  gcc -DHAVE_CONFIG_H -I. -I.. -I.. -g -O2 -MT dsymv.lo -MD -MP -MF .deps/dsymv.Tpo -c dsymv.c  -fPIC -DPIC -o .libs/dsymv.o
libtool: compile:  gcc -DHAVE_CONFIG_H -I. -I.. -I.. -g -O2 -MT dtbmv.lo -MD -MP -MF .deps/dtbmv.Tpo -c dtbmv.c  -fPIC -DPIC -o .libs/dtbmv.o
libtool: compile:  gcc -DHAVE_CONFIG_H -I. -I.. -I.. -g -O2 -MT dswap.lo -MD -MP -MF .deps/dswap.Tpo -c dswap.c -o dswap.o >/dev/null 2>&1
libtool: compile:  gcc -DHAVE_CONFIG_H -I. -I.. -I.. -g -O2 -MT dtpsv.lo -MD -MP -MF .deps/dtpsv.Tpo -c dtpsv.c  -fPIC -DPIC -o .libs/dtpsv.o
libtool: compile:  gcc -DHAVE_CONFIG_H -I. -I.. -I.. -g -O2 -MT dtpmv.lo -MD -MP -MF .deps/dtpmv.Tpo -c dtpmv.c  -fPIC -DPIC -o .libs/dtpmv.o
libtool: compile:  gcc -DHAVE_CONFIG_H -I. -I.. -I.. -g -O2 -MT dtbsv.lo -MD -MP -MF .deps/dtbsv.Tpo -c dtbsv.c  -fPIC -DPIC -o .libs/dtbsv.o
libtool: compile:  gcc -DHAVE_CONFIG_H -I. -I.. -I.. -g -O2 -MT dspmv.lo -MD -MP -MF .deps/dspmv.Tpo -c dspmv.c -o dspmv.o >/dev/null 2>&1
libtool: compile:  gcc -DHAVE_CONFIG_H -I. -I.. -I.. -g -O2 -MT dspr.lo -MD -MP -MF .deps/dspr.Tpo -c dspr.c -o dspr.o >/dev/null 2>&1
libtool: compile:  gcc -DHAVE_CONFIG_H -I. -I.. -I.. -g -O2 -MT dtrmm.lo -MD -MP -MF .deps/dtrmm.Tpo -c dtrmm.c  -fPIC -DPIC -o .libs/dtrmm.o
libtool: compile:  gcc -DHAVE_CONFIG_H -I. -I.. -I.. -g -O2 -MT dtrmv.lo -MD -MP -MF .deps/dtrmv.Tpo -c dtrmv.c  -fPIC -DPIC -o .libs/dtrmv.o
libtool: compile:  gcc -DHAVE_CONFIG_H -I. -I.. -I.. -g -O2 -MT dtrsv.lo -MD -MP -MF .deps/dtrsv.Tpo -c dtrsv.c  -fPIC -DPIC -o .libs/dtrsv.o
libtool: compile:  gcc -DHAVE_CONFIG_H -I. -I.. -I.. -g -O2 -MT dtrsm.lo -MD -MP -MF .deps/dtrsm.Tpo -c dtrsm.c  -fPIC -DPIC -o .libs/dtrsm.o
libtool: compile:  gcc -DHAVE_CONFIG_H -I. -I.. -I.. -g -O2 -MT dspr2.lo -MD -MP -MF .deps/dspr2.Tpo -c dspr2.c -o dspr2.o >/dev/null 2>&1
libtool: compile:  gcc -DHAVE_CONFIG_H -I. -I.. -I.. -g -O2 -MT dzasum.lo -MD -MP -MF .deps/dzasum.Tpo -c dzasum.c  -fPIC -DPIC -o .libs/dzasum.o
libtool: compile:  gcc -DHAVE_CONFIG_H -I. -I.. -I.. -g -O2 -MT dznrm2.lo -MD -MP -MF .deps/dznrm2.Tpo -c dznrm2.c  -fPIC -DPIC -o .libs/dznrm2.o
libtool: compile:  gcc -DHAVE_CONFIG_H -I. -I.. -I.. -g -O2 -MT dsyr.lo -MD -MP -MF .deps/dsyr.Tpo -c dsyr.c -o dsyr.o >/dev/null 2>&1
libtool: compile:  gcc -DHAVE_CONFIG_H -I. -I.. -I.. -g -O2 -MT caxpy.lo -MD -MP -MF .deps/caxpy.Tpo -c caxpy.c  -fPIC -DPIC -o .libs/caxpy.o
libtool: compile:  gcc -DHAVE_CONFIG_H -I. -I.. -I.. -g -O2 -MT dsymv.lo -MD -MP -MF .deps/dsymv.Tpo -c dsymv.c -o dsymv.o >/dev/null 2>&1
libtool: compile:  gcc -DHAVE_CONFIG_H -I. -I.. -I.. -g -O2 -MT dzasum.lo -MD -MP -MF .deps/dzasum.Tpo -c dzasum.c -o dzasum.o >/dev/null 2>&1
libtool: compile:  gcc -DHAVE_CONFIG_H -I. -I.. -I.. -g -O2 -MT dtbmv.lo -MD -MP -MF .deps/dtbmv.Tpo -c dtbmv.c -o dtbmv.o >/dev/null 2>&1
libtool: compile:  gcc -DHAVE_CONFIG_H -I. -I.. -I.. -g -O2 -MT dsyr2.lo -MD -MP -MF .deps/dsyr2.Tpo -c dsyr2.c -o dsyr2.o >/dev/null 2>&1
libtool: compile:  gcc -DHAVE_CONFIG_H -I. -I.. -I.. -g -O2 -MT ccopy.lo -MD -MP -MF .deps/ccopy.Tpo -c ccopy.c  -fPIC -DPIC -o .libs/ccopy.o
libtool: compile:  gcc -DHAVE_CONFIG_H -I. -I.. -I.. -g -O2 -MT dtpmv.lo -MD -MP -MF .deps/dtpmv.Tpo -c dtpmv.c -o dtpmv.o >/dev/null 2>&1
libtool: compile:  gcc -DHAVE_CONFIG_H -I. -I.. -I.. -g -O2 -MT dsymm.lo -MD -MP -MF .deps/dsymm.Tpo -c dsymm.c -o dsymm.o >/dev/null 2>&1
libtool: compile:  gcc -DHAVE_CONFIG_H -I. -I.. -I.. -g -O2 -MT dsyrk.lo -MD -MP -MF .deps/dsyrk.Tpo -c dsyrk.c -o dsyrk.o >/dev/null 2>&1
libtool: compile:  gcc -DHAVE_CONFIG_H -I. -I.. -I.. -g -O2 -MT cdotc_sub.lo -MD -MP -MF .deps/cdotc_sub.Tpo -c cdotc_sub.c  -fPIC -DPIC -o .libs/cdotc_sub.o
libtool: compile:  gcc -DHAVE_CONFIG_H -I. -I.. -I.. -g -O2 -MT dsyr2k.lo -MD -MP -MF .deps/dsyr2k.Tpo -c dsyr2k.c -o dsyr2k.o >/dev/null 2>&1
libtool: compile:  gcc -DHAVE_CONFIG_H -I. -I.. -I.. -g -O2 -MT dtbsv.lo -MD -MP -MF .deps/dtbsv.Tpo -c dtbsv.c -o dtbsv.o >/dev/null 2>&1
libtool: compile:  gcc -DHAVE_CONFIG_H -I. -I.. -I.. -g -O2 -MT dznrm2.lo -MD -MP -MF .deps/dznrm2.Tpo -c dznrm2.c -o dznrm2.o >/dev/null 2>&1
libtool: compile:  gcc -DHAVE_CONFIG_H -I. -I.. -I.. -g -O2 -MT caxpy.lo -MD -MP -MF .deps/caxpy.Tpo -c caxpy.c -o caxpy.o >/dev/null 2>&1
libtool: compile:  gcc -DHAVE_CONFIG_H -I. -I.. -I.. -g -O2 -MT dtpsv.lo -MD -MP -MF .deps/dtpsv.Tpo -c dtpsv.c -o dtpsv.o >/dev/null 2>&1
libtool: compile:  gcc -DHAVE_CONFIG_H -I. -I.. -I.. -g -O2 -MT cgemm.lo -MD -MP -MF .deps/cgemm.Tpo -c cgemm.c  -fPIC -DPIC -o .libs/cgemm.o
libtool: compile:  gcc -DHAVE_CONFIG_H -I. -I.. -I.. -g -O2 -MT cdotu_sub.lo -MD -MP -MF .deps/cdotu_sub.Tpo -c cdotu_sub.c  -fPIC -DPIC -o .libs/cdotu_sub.o
libtool: compile:  gcc -DHAVE_CONFIG_H -I. -I.. -I.. -g -O2 -MT cdotc_sub.lo -MD -MP -MF .deps/cdotc_sub.Tpo -c cdotc_sub.c -o cdotc_sub.o >/dev/null 2>&1
libtool: compile:  gcc -DHAVE_CONFIG_H -I. -I.. -I.. -g -O2 -MT ccopy.lo -MD -MP -MF .deps/ccopy.Tpo -c ccopy.c -o ccopy.o >/dev/null 2>&1
libtool: compile:  gcc -DHAVE_CONFIG_H -I. -I.. -I.. -g -O2 -MT cgbmv.lo -MD -MP -MF .deps/cgbmv.Tpo -c cgbmv.c  -fPIC -DPIC -o .libs/cgbmv.o
libtool: compile:  gcc -DHAVE_CONFIG_H -I. -I.. -I.. -g -O2 -MT dtrmv.lo -MD -MP -MF .deps/dtrmv.Tpo -c dtrmv.c -o dtrmv.o >/dev/null 2>&1
libtool: compile:  gcc -DHAVE_CONFIG_H -I. -I.. -I.. -g -O2 -MT dtrsv.lo -MD -MP -MF .deps/dtrsv.Tpo -c dtrsv.c -o dtrsv.o >/dev/null 2>&1
libtool: compile:  gcc -DHAVE_CONFIG_H -I. -I.. -I.. -g -O2 -MT cdotu_sub.lo -MD -MP -MF .deps/cdotu_sub.Tpo -c cdotu_sub.c -o cdotu_sub.o >/dev/null 2>&1
libtool: compile:  gcc -DHAVE_CONFIG_H -I. -I.. -I.. -g -O2 -MT cgemv.lo -MD -MP -MF .deps/cgemv.Tpo -c cgemv.c  -fPIC -DPIC -o .libs/cgemv.o
libtool: compile:  gcc -DHAVE_CONFIG_H -I. -I.. -I.. -g -O2 -MT cgerc.lo -MD -MP -MF .deps/cgerc.Tpo -c cgerc.c  -fPIC -DPIC -o .libs/cgerc.o
libtool: compile:  gcc -DHAVE_CONFIG_H -I. -I.. -I.. -g -O2 -MT cgeru.lo -MD -MP -MF .deps/cgeru.Tpo -c cgeru.c  -fPIC -DPIC -o .libs/cgeru.o
libtool: compile:  gcc -DHAVE_CONFIG_H -I. -I.. -I.. -g -O2 -MT chbmv.lo -MD -MP -MF .deps/chbmv.Tpo -c chbmv.c  -fPIC -DPIC -o .libs/chbmv.o
libtool: compile:  gcc -DHAVE_CONFIG_H -I. -I.. -I.. -g -O2 -MT dtrmm.lo -MD -MP -MF .deps/dtrmm.Tpo -c dtrmm.c -o dtrmm.o >/dev/null 2>&1
libtool: compile:  gcc -DHAVE_CONFIG_H -I. -I.. -I.. -g -O2 -MT dtrsm.lo -MD -MP -MF .deps/dtrsm.Tpo -c dtrsm.c -o dtrsm.o >/dev/null 2>&1
libtool: compile:  gcc -DHAVE_CONFIG_H -I. -I.. -I.. -g -O2 -MT chemm.lo -MD -MP -MF .deps/chemm.Tpo -c chemm.c  -fPIC -DPIC -o .libs/chemm.o
libtool: compile:  gcc -DHAVE_CONFIG_H -I. -I.. -I.. -g -O2 -MT chemv.lo -MD -MP -MF .deps/chemv.Tpo -c chemv.c  -fPIC -DPIC -o .libs/chemv.o
libtool: compile:  gcc -DHAVE_CONFIG_H -I. -I.. -I.. -g -O2 -MT cher2k.lo -MD -MP -MF .deps/cher2k.Tpo -c cher2k.c  -fPIC -DPIC -o .libs/cher2k.o
libtool: compile:  gcc -DHAVE_CONFIG_H -I. -I.. -I.. -g -O2 -MT cher.lo -MD -MP -MF .deps/cher.Tpo -c cher.c  -fPIC -DPIC -o .libs/cher.o
libtool: compile:  gcc -DHAVE_CONFIG_H -I. -I.. -I.. -g -O2 -MT cherk.lo -MD -MP -MF .deps/cherk.Tpo -c cherk.c  -fPIC -DPIC -o .libs/cherk.o
libtool: compile:  gcc -DHAVE_CONFIG_H -I. -I.. -I.. -g -O2 -MT chpmv.lo -MD -MP -MF .deps/chpmv.Tpo -c chpmv.c  -fPIC -DPIC -o .libs/chpmv.o
libtool: compile:  gcc -DHAVE_CONFIG_H -I. -I.. -I.. -g -O2 -MT cher2.lo -MD -MP -MF .deps/cher2.Tpo -c cher2.c  -fPIC -DPIC -o .libs/cher2.o
libtool: compile:  gcc -DHAVE_CONFIG_H -I. -I.. -I.. -g -O2 -MT chpr.lo -MD -MP -MF .deps/chpr.Tpo -c chpr.c  -fPIC -DPIC -o .libs/chpr.o
libtool: compile:  gcc -DHAVE_CONFIG_H -I. -I.. -I.. -g -O2 -MT chpr2.lo -MD -MP -MF .deps/chpr2.Tpo -c chpr2.c  -fPIC -DPIC -o .libs/chpr2.o
libtool: compile:  gcc -DHAVE_CONFIG_H -I. -I.. -I.. -g -O2 -MT cgerc.lo -MD -MP -MF .deps/cgerc.Tpo -c cgerc.c -o cgerc.o >/dev/null 2>&1
libtool: compile:  gcc -DHAVE_CONFIG_H -I. -I.. -I.. -g -O2 -MT cscal.lo -MD -MP -MF .deps/cscal.Tpo -c cscal.c  -fPIC -DPIC -o .libs/cscal.o
libtool: compile:  gcc -DHAVE_CONFIG_H -I. -I.. -I.. -g -O2 -MT cgeru.lo -MD -MP -MF .deps/cgeru.Tpo -c cgeru.c -o cgeru.o >/dev/null 2>&1
libtool: compile:  gcc -DHAVE_CONFIG_H -I. -I.. -I.. -g -O2 -MT cgbmv.lo -MD -MP -MF .deps/cgbmv.Tpo -c cgbmv.c -o cgbmv.o >/dev/null 2>&1
libtool: compile:  gcc -DHAVE_CONFIG_H -I. -I.. -I.. -g -O2 -MT csscal.lo -MD -MP -MF .deps/csscal.Tpo -c csscal.c  -fPIC -DPIC -o .libs/csscal.o
libtool: compile:  gcc -DHAVE_CONFIG_H -I. -I.. -I.. -g -O2 -MT csymm.lo -MD -MP -MF .deps/csymm.Tpo -c csymm.c  -fPIC -DPIC -o .libs/csymm.o
libtool: compile:  gcc -DHAVE_CONFIG_H -I. -I.. -I.. -g -O2 -MT csyr2k.lo -MD -MP -MF .deps/csyr2k.Tpo -c csyr2k.c  -fPIC -DPIC -o .libs/csyr2k.o
libtool: compile:  gcc -DHAVE_CONFIG_H -I. -I.. -I.. -g -O2 -MT cgemm.lo -MD -MP -MF .deps/cgemm.Tpo -c cgemm.c -o cgemm.o >/dev/null 2>&1
libtool: compile:  gcc -DHAVE_CONFIG_H -I. -I.. -I.. -g -O2 -MT cswap.lo -MD -MP -MF .deps/cswap.Tpo -c cswap.c  -fPIC -DPIC -o .libs/cswap.o
libtool: compile:  gcc -DHAVE_CONFIG_H -I. -I.. -I.. -g -O2 -MT cscal.lo -MD -MP -MF .deps/cscal.Tpo -c cscal.c -o cscal.o >/dev/null 2>&1
libtool: compile:  gcc -DHAVE_CONFIG_H -I. -I.. -I.. -g -O2 -MT cher.lo -MD -MP -MF .deps/cher.Tpo -c cher.c -o cher.o >/dev/null 2>&1
libtool: compile:  gcc -DHAVE_CONFIG_H -I. -I.. -I.. -g -O2 -MT cgemv.lo -MD -MP -MF .deps/cgemv.Tpo -c cgemv.c -o cgemv.o >/dev/null 2>&1
libtool: compile:  gcc -DHAVE_CONFIG_H -I. -I.. -I.. -g -O2 -MT csyrk.lo -MD -MP -MF .deps/csyrk.Tpo -c csyrk.c  -fPIC -DPIC -o .libs/csyrk.o
libtool: compile:  gcc -DHAVE_CONFIG_H -I. -I.. -I.. -g -O2 -MT ctbmv.lo -MD -MP -MF .deps/ctbmv.Tpo -c ctbmv.c  -fPIC -DPIC -o .libs/ctbmv.o
libtool: compile:  gcc -DHAVE_CONFIG_H -I. -I.. -I.. -g -O2 -MT chbmv.lo -MD -MP -MF .deps/chbmv.Tpo -c chbmv.c -o chbmv.o >/dev/null 2>&1
libtool: compile:  gcc -DHAVE_CONFIG_H -I. -I.. -I.. -g -O2 -MT cher2.lo -MD -MP -MF .deps/cher2.Tpo -c cher2.c -o cher2.o >/dev/null 2>&1
libtool: compile:  gcc -DHAVE_CONFIG_H -I. -I.. -I.. -g -O2 -MT chpr.lo -MD -MP -MF .deps/chpr.Tpo -c chpr.c -o chpr.o >/dev/null 2>&1
libtool: compile:  gcc -DHAVE_CONFIG_H -I. -I.. -I.. -g -O2 -MT csscal.lo -MD -MP -MF .deps/csscal.Tpo -c csscal.c -o csscal.o >/dev/null 2>&1
libtool: compile:  gcc -DHAVE_CONFIG_H -I. -I.. -I.. -g -O2 -MT chpmv.lo -MD -MP -MF .deps/chpmv.Tpo -c chpmv.c -o chpmv.o >/dev/null 2>&1
libtool: compile:  gcc -DHAVE_CONFIG_H -I. -I.. -I.. -g -O2 -MT cswap.lo -MD -MP -MF .deps/cswap.Tpo -c cswap.c -o cswap.o >/dev/null 2>&1
libtool: compile:  gcc -DHAVE_CONFIG_H -I. -I.. -I.. -g -O2 -MT chpr2.lo -MD -MP -MF .deps/chpr2.Tpo -c chpr2.c -o chpr2.o >/dev/null 2>&1
libtool: compile:  gcc -DHAVE_CONFIG_H -I. -I.. -I.. -g -O2 -MT cherk.lo -MD -MP -MF .deps/cherk.Tpo -c cherk.c -o cherk.o >/dev/null 2>&1
libtool: compile:  gcc -DHAVE_CONFIG_H -I. -I.. -I.. -g -O2 -MT chemv.lo -MD -MP -MF .deps/chemv.Tpo -c chemv.c -o chemv.o >/dev/null 2>&1
libtool: compile:  gcc -DHAVE_CONFIG_H -I. -I.. -I.. -g -O2 -MT ctbsv.lo -MD -MP -MF .deps/ctbsv.Tpo -c ctbsv.c  -fPIC -DPIC -o .libs/ctbsv.o
libtool: compile:  gcc -DHAVE_CONFIG_H -I. -I.. -I.. -g -O2 -MT chemm.lo -MD -MP -MF .deps/chemm.Tpo -c chemm.c -o chemm.o >/dev/null 2>&1
libtool: compile:  gcc -DHAVE_CONFIG_H -I. -I.. -I.. -g -O2 -MT ctpmv.lo -MD -MP -MF .deps/ctpmv.Tpo -c ctpmv.c  -fPIC -DPIC -o .libs/ctpmv.o
libtool: compile:  gcc -DHAVE_CONFIG_H -I. -I.. -I.. -g -O2 -MT ctpsv.lo -MD -MP -MF .deps/ctpsv.Tpo -c ctpsv.c  -fPIC -DPIC -o .libs/ctpsv.o
libtool: compile:  gcc -DHAVE_CONFIG_H -I. -I.. -I.. -g -O2 -MT ctbmv.lo -MD -MP -MF .deps/ctbmv.Tpo -c ctbmv.c -o ctbmv.o >/dev/null 2>&1
libtool: compile:  gcc -DHAVE_CONFIG_H -I. -I.. -I.. -g -O2 -MT ctrmv.lo -MD -MP -MF .deps/ctrmv.Tpo -c ctrmv.c  -fPIC -DPIC -o .libs/ctrmv.o
libtool: compile:  gcc -DHAVE_CONFIG_H -I. -I.. -I.. -g -O2 -MT cher2k.lo -MD -MP -MF .deps/cher2k.Tpo -c cher2k.c -o cher2k.o >/dev/null 2>&1
libtool: compile:  gcc -DHAVE_CONFIG_H -I. -I.. -I.. -g -O2 -MT ctrsm.lo -MD -MP -MF .deps/ctrsm.Tpo -c ctrsm.c  -fPIC -DPIC -o .libs/ctrsm.o
libtool: compile:  gcc -DHAVE_CONFIG_H -I. -I.. -I.. -g -O2 -MT ctrmm.lo -MD -MP -MF .deps/ctrmm.Tpo -c ctrmm.c  -fPIC -DPIC -o .libs/ctrmm.o
libtool: compile:  gcc -DHAVE_CONFIG_H -I. -I.. -I.. -g -O2 -MT ctrsv.lo -MD -MP -MF .deps/ctrsv.Tpo -c ctrsv.c  -fPIC -DPIC -o .libs/ctrsv.o
libtool: compile:  gcc -DHAVE_CONFIG_H -I. -I.. -I.. -g -O2 -MT csymm.lo -MD -MP -MF .deps/csymm.Tpo -c csymm.c -o csymm.o >/dev/null 2>&1
libtool: compile:  gcc -DHAVE_CONFIG_H -I. -I.. -I.. -g -O2 -MT zcopy.lo -MD -MP -MF .deps/zcopy.Tpo -c zcopy.c  -fPIC -DPIC -o .libs/zcopy.o
libtool: compile:  gcc -DHAVE_CONFIG_H -I. -I.. -I.. -g -O2 -MT csyrk.lo -MD -MP -MF .deps/csyrk.Tpo -c csyrk.c -o csyrk.o >/dev/null 2>&1
libtool: compile:  gcc -DHAVE_CONFIG_H -I. -I.. -I.. -g -O2 -MT zdotc_sub.lo -MD -MP -MF .deps/zdotc_sub.Tpo -c zdotc_sub.c  -fPIC -DPIC -o .libs/zdotc_sub.o
libtool: compile:  gcc -DHAVE_CONFIG_H -I. -I.. -I.. -g -O2 -MT csyr2k.lo -MD -MP -MF .deps/csyr2k.Tpo -c csyr2k.c -o csyr2k.o >/dev/null 2>&1
libtool: compile:  gcc -DHAVE_CONFIG_H -I. -I.. -I.. -g -O2 -MT zaxpy.lo -MD -MP -MF .deps/zaxpy.Tpo -c zaxpy.c  -fPIC -DPIC -o .libs/zaxpy.o
libtool: compile:  gcc -DHAVE_CONFIG_H -I. -I.. -I.. -g -O2 -MT zdotu_sub.lo -MD -MP -MF .deps/zdotu_sub.Tpo -c zdotu_sub.c  -fPIC -DPIC -o .libs/zdotu_sub.o
libtool: compile:  gcc -DHAVE_CONFIG_H -I. -I.. -I.. -g -O2 -MT zdscal.lo -MD -MP -MF .deps/zdscal.Tpo -c zdscal.c  -fPIC -DPIC -o .libs/zdscal.o
libtool: compile:  gcc -DHAVE_CONFIG_H -I. -I.. -I.. -g -O2 -MT zcopy.lo -MD -MP -MF .deps/zcopy.Tpo -c zcopy.c -o zcopy.o >/dev/null 2>&1
libtool: compile:  gcc -DHAVE_CONFIG_H -I. -I.. -I.. -g -O2 -MT zaxpy.lo -MD -MP -MF .deps/zaxpy.Tpo -c zaxpy.c -o zaxpy.o >/dev/null 2>&1
libtool: compile:  gcc -DHAVE_CONFIG_H -I. -I.. -I.. -g -O2 -MT zgemv.lo -MD -MP -MF .deps/zgemv.Tpo -c zgemv.c  -fPIC -DPIC -o .libs/zgemv.o
libtool: compile:  gcc -DHAVE_CONFIG_H -I. -I.. -I.. -g -O2 -MT zgemm.lo -MD -MP -MF .deps/zgemm.Tpo -c zgemm.c  -fPIC -DPIC -o .libs/zgemm.o
libtool: compile:  gcc -DHAVE_CONFIG_H -I. -I.. -I.. -g -O2 -MT zgbmv.lo -MD -MP -MF .deps/zgbmv.Tpo -c zgbmv.c  -fPIC -DPIC -o .libs/zgbmv.o
libtool: compile:  gcc -DHAVE_CONFIG_H -I. -I.. -I.. -g -O2 -MT zgerc.lo -MD -MP -MF .deps/zgerc.Tpo -c zgerc.c  -fPIC -DPIC -o .libs/zgerc.o
libtool: compile:  gcc -DHAVE_CONFIG_H -I. -I.. -I.. -g -O2 -MT ctpmv.lo -MD -MP -MF .deps/ctpmv.Tpo -c ctpmv.c -o ctpmv.o >/dev/null 2>&1
libtool: compile:  gcc -DHAVE_CONFIG_H -I. -I.. -I.. -g -O2 -MT zdotc_sub.lo -MD -MP -MF .deps/zdotc_sub.Tpo -c zdotc_sub.c -o zdotc_sub.o >/dev/null 2>&1
libtool: compile:  gcc -DHAVE_CONFIG_H -I. -I.. -I.. -g -O2 -MT zdotu_sub.lo -MD -MP -MF .deps/zdotu_sub.Tpo -c zdotu_sub.c -o zdotu_sub.o >/dev/null 2>&1
libtool: compile:  gcc -DHAVE_CONFIG_H -I. -I.. -I.. -g -O2 -MT ctrmv.lo -MD -MP -MF .deps/ctrmv.Tpo -c ctrmv.c -o ctrmv.o >/dev/null 2>&1
libtool: compile:  gcc -DHAVE_CONFIG_H -I. -I.. -I.. -g -O2 -MT zdscal.lo -MD -MP -MF .deps/zdscal.Tpo -c zdscal.c -o zdscal.o >/dev/null 2>&1
libtool: compile:  gcc -DHAVE_CONFIG_H -I. -I.. -I.. -g -O2 -MT ctbsv.lo -MD -MP -MF .deps/ctbsv.Tpo -c ctbsv.c -o ctbsv.o >/dev/null 2>&1
libtool: compile:  gcc -DHAVE_CONFIG_H -I. -I.. -I.. -g -O2 -MT zhbmv.lo -MD -MP -MF .deps/zhbmv.Tpo -c zhbmv.c  -fPIC -DPIC -o .libs/zhbmv.o
libtool: compile:  gcc -DHAVE_CONFIG_H -I. -I.. -I.. -g -O2 -MT zgeru.lo -MD -MP -MF .deps/zgeru.Tpo -c zgeru.c  -fPIC -DPIC -o .libs/zgeru.o
libtool: compile:  gcc -DHAVE_CONFIG_H -I. -I.. -I.. -g -O2 -MT ctpsv.lo -MD -MP -MF .deps/ctpsv.Tpo -c ctpsv.c -o ctpsv.o >/dev/null 2>&1
libtool: compile:  gcc -DHAVE_CONFIG_H -I. -I.. -I.. -g -O2 -MT ctrsv.lo -MD -MP -MF .deps/ctrsv.Tpo -c ctrsv.c -o ctrsv.o >/dev/null 2>&1
libtool: compile:  gcc -DHAVE_CONFIG_H -I. -I.. -I.. -g -O2 -MT zhemm.lo -MD -MP -MF .deps/zhemm.Tpo -c zhemm.c  -fPIC -DPIC -o .libs/zhemm.o
libtool: compile:  gcc -DHAVE_CONFIG_H -I. -I.. -I.. -g -O2 -MT zhemv.lo -MD -MP -MF .deps/zhemv.Tpo -c zhemv.c  -fPIC -DPIC -o .libs/zhemv.o
libtool: compile:  gcc -DHAVE_CONFIG_H -I. -I.. -I.. -g -O2 -MT zgerc.lo -MD -MP -MF .deps/zgerc.Tpo -c zgerc.c -o zgerc.o >/dev/null 2>&1
libtool: compile:  gcc -DHAVE_CONFIG_H -I. -I.. -I.. -g -O2 -MT zher.lo -MD -MP -MF .deps/zher.Tpo -c zher.c  -fPIC -DPIC -o .libs/zher.o
libtool: compile:  gcc -DHAVE_CONFIG_H -I. -I.. -I.. -g -O2 -MT zher2.lo -MD -MP -MF .deps/zher2.Tpo -c zher2.c  -fPIC -DPIC -o .libs/zher2.o
libtool: compile:  gcc -DHAVE_CONFIG_H -I. -I.. -I.. -g -O2 -MT zher2k.lo -MD -MP -MF .deps/zher2k.Tpo -c zher2k.c  -fPIC -DPIC -o .libs/zher2k.o
libtool: compile:  gcc -DHAVE_CONFIG_H -I. -I.. -I.. -g -O2 -MT zgemv.lo -MD -MP -MF .deps/zgemv.Tpo -c zgemv.c -o zgemv.o >/dev/null 2>&1
libtool: compile:  gcc -DHAVE_CONFIG_H -I. -I.. -I.. -g -O2 -MT zherk.lo -MD -MP -MF .deps/zherk.Tpo -c zherk.c  -fPIC -DPIC -o .libs/zherk.o
libtool: compile:  gcc -DHAVE_CONFIG_H -I. -I.. -I.. -g -O2 -MT zgeru.lo -MD -MP -MF .deps/zgeru.Tpo -c zgeru.c -o zgeru.o >/dev/null 2>&1
libtool: compile:  gcc -DHAVE_CONFIG_H -I. -I.. -I.. -g -O2 -MT zhpmv.lo -MD -MP -MF .deps/zhpmv.Tpo -c zhpmv.c  -fPIC -DPIC -o .libs/zhpmv.o
libtool: compile:  gcc -DHAVE_CONFIG_H -I. -I.. -I.. -g -O2 -MT zgbmv.lo -MD -MP -MF .deps/zgbmv.Tpo -c zgbmv.c -o zgbmv.o >/dev/null 2>&1
libtool: compile:  gcc -DHAVE_CONFIG_H -I. -I.. -I.. -g -O2 -MT zhbmv.lo -MD -MP -MF .deps/zhbmv.Tpo -c zhbmv.c -o zhbmv.o >/dev/null 2>&1
libtool: compile:  gcc -DHAVE_CONFIG_H -I. -I.. -I.. -g -O2 -MT zhpr.lo -MD -MP -MF .deps/zhpr.Tpo -c zhpr.c  -fPIC -DPIC -o .libs/zhpr.o
libtool: compile:  gcc -DHAVE_CONFIG_H -I. -I.. -I.. -g -O2 -MT zhpr2.lo -MD -MP -MF .deps/zhpr2.Tpo -c zhpr2.c  -fPIC -DPIC -o .libs/zhpr2.o
libtool: compile:  gcc -DHAVE_CONFIG_H -I. -I.. -I.. -g -O2 -MT zgemm.lo -MD -MP -MF .deps/zgemm.Tpo -c zgemm.c -o zgemm.o >/dev/null 2>&1
libtool: compile:  gcc -DHAVE_CONFIG_H -I. -I.. -I.. -g -O2 -MT ctrmm.lo -MD -MP -MF .deps/ctrmm.Tpo -c ctrmm.c -o ctrmm.o >/dev/null 2>&1
libtool: compile:  gcc -DHAVE_CONFIG_H -I. -I.. -I.. -g -O2 -MT zscal.lo -MD -MP -MF .deps/zscal.Tpo -c zscal.c  -fPIC -DPIC -o .libs/zscal.o
libtool: compile:  gcc -DHAVE_CONFIG_H -I. -I.. -I.. -g -O2 -MT zher.lo -MD -MP -MF .deps/zher.Tpo -c zher.c -o zher.o >/dev/null 2>&1
libtool: compile:  gcc -DHAVE_CONFIG_H -I. -I.. -I.. -g -O2 -MT zhemv.lo -MD -MP -MF .deps/zhemv.Tpo -c zhemv.c -o zhemv.o >/dev/null 2>&1
libtool: compile:  gcc -DHAVE_CONFIG_H -I. -I.. -I.. -g -O2 -MT zswap.lo -MD -MP -MF .deps/zswap.Tpo -c zswap.c  -fPIC -DPIC -o .libs/zswap.o
libtool: compile:  gcc -DHAVE_CONFIG_H -I. -I.. -I.. -g -O2 -MT zsymm.lo -MD -MP -MF .deps/zsymm.Tpo -c zsymm.c  -fPIC -DPIC -o .libs/zsymm.o
libtool: compile:  gcc -DHAVE_CONFIG_H -I. -I.. -I.. -g -O2 -MT zhpr.lo -MD -MP -MF .deps/zhpr.Tpo -c zhpr.c -o zhpr.o >/dev/null 2>&1
libtool: compile:  gcc -DHAVE_CONFIG_H -I. -I.. -I.. -g -O2 -MT zher2.lo -MD -MP -MF .deps/zher2.Tpo -c zher2.c -o zher2.o >/dev/null 2>&1
libtool: compile:  gcc -DHAVE_CONFIG_H -I. -I.. -I.. -g -O2 -MT zswap.lo -MD -MP -MF .deps/zswap.Tpo -c zswap.c -o zswap.o >/dev/null 2>&1
libtool: compile:  gcc -DHAVE_CONFIG_H -I. -I.. -I.. -g -O2 -MT ctrsm.lo -MD -MP -MF .deps/ctrsm.Tpo -c ctrsm.c -o ctrsm.o >/dev/null 2>&1
libtool: compile:  gcc -DHAVE_CONFIG_H -I. -I.. -I.. -g -O2 -MT zsyr2k.lo -MD -MP -MF .deps/zsyr2k.Tpo -c zsyr2k.c  -fPIC -DPIC -o .libs/zsyr2k.o
libtool: compile:  gcc -DHAVE_CONFIG_H -I. -I.. -I.. -g -O2 -MT zscal.lo -MD -MP -MF .deps/zscal.Tpo -c zscal.c -o zscal.o >/dev/null 2>&1
libtool: compile:  gcc -DHAVE_CONFIG_H -I. -I.. -I.. -g -O2 -MT zsyrk.lo -MD -MP -MF .deps/zsyrk.Tpo -c zsyrk.c  -fPIC -DPIC -o .libs/zsyrk.o
libtool: compile:  gcc -DHAVE_CONFIG_H -I. -I.. -I.. -g -O2 -MT zhpmv.lo -MD -MP -MF .deps/zhpmv.Tpo -c zhpmv.c -o zhpmv.o >/dev/null 2>&1
libtool: compile:  gcc -DHAVE_CONFIG_H -I. -I.. -I.. -g -O2 -MT ztbmv.lo -MD -MP -MF .deps/ztbmv.Tpo -c ztbmv.c  -fPIC -DPIC -o .libs/ztbmv.o
libtool: compile:  gcc -DHAVE_CONFIG_H -I. -I.. -I.. -g -O2 -MT ztbsv.lo -MD -MP -MF .deps/ztbsv.Tpo -c ztbsv.c  -fPIC -DPIC -o .libs/ztbsv.o
libtool: compile:  gcc -DHAVE_CONFIG_H -I. -I.. -I.. -g -O2 -MT ztpmv.lo -MD -MP -MF .deps/ztpmv.Tpo -c ztpmv.c  -fPIC -DPIC -o .libs/ztpmv.o
libtool: compile:  gcc -DHAVE_CONFIG_H -I. -I.. -I.. -g -O2 -MT zhpr2.lo -MD -MP -MF .deps/zhpr2.Tpo -c zhpr2.c -o zhpr2.o >/dev/null 2>&1
libtool: compile:  gcc -DHAVE_CONFIG_H -I. -I.. -I.. -g -O2 -MT ztpsv.lo -MD -MP -MF .deps/ztpsv.Tpo -c ztpsv.c  -fPIC -DPIC -o .libs/ztpsv.o
libtool: compile:  gcc -DHAVE_CONFIG_H -I. -I.. -I.. -g -O2 -MT zherk.lo -MD -MP -MF .deps/zherk.Tpo -c zherk.c -o zherk.o >/dev/null 2>&1
libtool: compile:  gcc -DHAVE_CONFIG_H -I. -I.. -I.. -g -O2 -MT ztrmm.lo -MD -MP -MF .deps/ztrmm.Tpo -c ztrmm.c  -fPIC -DPIC -o .libs/ztrmm.o
libtool: compile:  gcc -DHAVE_CONFIG_H -I. -I.. -I.. -g -O2 -MT ztrsm.lo -MD -MP -MF .deps/ztrsm.Tpo -c ztrsm.c  -fPIC -DPIC -o .libs/ztrsm.o
libtool: compile:  gcc -DHAVE_CONFIG_H -I. -I.. -I.. -g -O2 -MT ztrsv.lo -MD -MP -MF .deps/ztrsv.Tpo -c ztrsv.c  -fPIC -DPIC -o .libs/ztrsv.o
libtool: compile:  gcc -DHAVE_CONFIG_H -I. -I.. -I.. -g -O2 -MT idamax.lo -MD -MP -MF .deps/idamax.Tpo -c idamax.c  -fPIC -DPIC -o .libs/idamax.o
libtool: compile:  gcc -DHAVE_CONFIG_H -I. -I.. -I.. -g -O2 -MT ztrmv.lo -MD -MP -MF .deps/ztrmv.Tpo -c ztrmv.c  -fPIC -DPIC -o .libs/ztrmv.o
libtool: compile:  gcc -DHAVE_CONFIG_H -I. -I.. -I.. -g -O2 -MT icamax.lo -MD -MP -MF .deps/icamax.Tpo -c icamax.c  -fPIC -DPIC -o .libs/icamax.o
libtool: compile:  gcc -DHAVE_CONFIG_H -I. -I.. -I.. -g -O2 -MT zher2k.lo -MD -MP -MF .deps/zher2k.Tpo -c zher2k.c -o zher2k.o >/dev/null 2>&1
libtool: compile:  gcc -DHAVE_CONFIG_H -I. -I.. -I.. -g -O2 -MT zhemm.lo -MD -MP -MF .deps/zhemm.Tpo -c zhemm.c -o zhemm.o >/dev/null 2>&1
libtool: compile:  gcc -DHAVE_CONFIG_H -I. -I.. -I.. -g -O2 -MT ztbmv.lo -MD -MP -MF .deps/ztbmv.Tpo -c ztbmv.c -o ztbmv.o >/dev/null 2>&1
libtool: compile:  gcc -DHAVE_CONFIG_H -I. -I.. -I.. -g -O2 -MT izamax.lo -MD -MP -MF .deps/izamax.Tpo -c izamax.c  -fPIC -DPIC -o .libs/izamax.o
libtool: compile:  gcc -DHAVE_CONFIG_H -I. -I.. -I.. -g -O2 -MT isamax.lo -MD -MP -MF .deps/isamax.Tpo -c isamax.c  -fPIC -DPIC -o .libs/isamax.o
libtool: compile:  gcc -DHAVE_CONFIG_H -I. -I.. -I.. -g -O2 -MT idamax.lo -MD -MP -MF .deps/idamax.Tpo -c idamax.c -o idamax.o >/dev/null 2>&1
libtool: compile:  gcc -DHAVE_CONFIG_H -I. -I.. -I.. -g -O2 -MT ztpmv.lo -MD -MP -MF .deps/ztpmv.Tpo -c ztpmv.c -o ztpmv.o >/dev/null 2>&1
libtool: compile:  gcc -DHAVE_CONFIG_H -I. -I.. -I.. -g -O2 -MT icamax.lo -MD -MP -MF .deps/icamax.Tpo -c icamax.c -o icamax.o >/dev/null 2>&1
libtool: compile:  gcc -DHAVE_CONFIG_H -I. -I.. -I.. -g -O2 -MT zsyrk.lo -MD -MP -MF .deps/zsyrk.Tpo -c zsyrk.c -o zsyrk.o >/dev/null 2>&1
libtool: compile:  gcc -DHAVE_CONFIG_H -I. -I.. -I.. -g -O2 -MT xerbla.lo -MD -MP -MF .deps/xerbla.Tpo -c xerbla.c  -fPIC -DPIC -o .libs/xerbla.o
libtool: compile:  gcc -DHAVE_CONFIG_H -I. -I.. -I.. -g -O2 -MT zsymm.lo -MD -MP -MF .deps/zsymm.Tpo -c zsymm.c -o zsymm.o >/dev/null 2>&1
libtool: compile:  gcc -DHAVE_CONFIG_H -I. -I.. -I.. -g -O2 -MT zsyr2k.lo -MD -MP -MF .deps/zsyr2k.Tpo -c zsyr2k.c -o zsyr2k.o >/dev/null 2>&1
libtool: compile:  gcc -DHAVE_CONFIG_H -I. -I.. -I.. -g -O2 -MT ztbsv.lo -MD -MP -MF .deps/ztbsv.Tpo -c ztbsv.c -o ztbsv.o >/dev/null 2>&1
libtool: compile:  gcc -DHAVE_CONFIG_H -I. -I.. -I.. -g -O2 -MT izamax.lo -MD -MP -MF .deps/izamax.Tpo -c izamax.c -o izamax.o >/dev/null 2>&1
libtool: compile:  gcc -DHAVE_CONFIG_H -I. -I.. -I.. -g -O2 -MT xerbla.lo -MD -MP -MF .deps/xerbla.Tpo -c xerbla.c -o xerbla.o >/dev/null 2>&1
libtool: compile:  gcc -DHAVE_CONFIG_H -I. -I.. -I.. -g -O2 -MT isamax.lo -MD -MP -MF .deps/isamax.Tpo -c isamax.c -o isamax.o >/dev/null 2>&1
libtool: compile:  gcc -DHAVE_CONFIG_H -I. -I.. -I.. -g -O2 -MT ztpsv.lo -MD -MP -MF .deps/ztpsv.Tpo -c ztpsv.c -o ztpsv.o >/dev/null 2>&1
libtool: compile:  gcc -DHAVE_CONFIG_H -I. -I.. -I.. -g -O2 -MT ztrmv.lo -MD -MP -MF .deps/ztrmv.Tpo -c ztrmv.c -o ztrmv.o >/dev/null 2>&1
libtool: compile:  gcc -DHAVE_CONFIG_H -I. -I.. -I.. -g -O2 -MT ztrmm.lo -MD -MP -MF .deps/ztrmm.Tpo -c ztrmm.c -o ztrmm.o >/dev/null 2>&1
libtool: compile:  gcc -DHAVE_CONFIG_H -I. -I.. -I.. -g -O2 -MT ztrsv.lo -MD -MP -MF .deps/ztrsv.Tpo -c ztrsv.c -o ztrsv.o >/dev/null 2>&1
libtool: compile:  gcc -DHAVE_CONFIG_H -I. -I.. -I.. -g -O2 -MT ztrsm.lo -MD -MP -MF .deps/ztrsm.Tpo -c ztrsm.c -o ztrsm.o >/dev/null 2>&1
libtool: link: gcc -shared  -fPIC -DPIC  .libs/sasum.o .libs/saxpy.o .libs/scasum.o .libs/scnrm2.o .libs/scopy.o .libs/sdot.o .libs/sdsdot.o .libs/sgbmv.o .libs/sgemm.o .libs/sgemv.o .libs/sger.o .libs/snrm2.o .libs/srot.o .libs/srotg.o .libs/srotm.o .libs/srotmg.o .libs/ssbmv.o .libs/sscal.o .libs/sspmv.o .libs/sspr.o .libs/sspr2.o .libs/sswap.o .libs/ssymm.o .libs/ssymv.o .libs/ssyr.o .libs/ssyr2.o .libs/ssyr2k.o .libs/ssyrk.o .libs/stbmv.o .libs/stbsv.o .libs/stpmv.o .libs/stpsv.o .libs/strmm.o .libs/strmv.o .libs/strsm.o .libs/strsv.o .libs/dasum.o .libs/daxpy.o .libs/dcopy.o .libs/ddot.o .libs/dgbmv.o .libs/dgemm.o .libs/dgemv.o .libs/dger.o .libs/dnrm2.o .libs/drot.o .libs/drotg.o .libs/drotm.o .libs/drotmg.o .libs/dsbmv.o .libs/dscal.o .libs/dsdot.o .libs/dspmv.o .libs/dspr.o .libs/dspr2.o .libs/dswap.o .libs/dsymm.o .libs/dsymv.o .libs/dsyr.o .libs/dsyr2.o .libs/dsyr2k.o .libs/dsyrk.o .libs/dtbmv.o .libs/dtbsv.o .libs/dtpmv.o .libs/dtpsv.o .libs/dtrmm.o .libs/dtrmv.o .libs/dtrsm.o .libs/dtrsv.o .libs/dzasum.o .libs/dznrm2.o .libs/caxpy.o .libs/ccopy.o .libs/cdotc_sub.o .libs/cdotu_sub.o .libs/cgbmv.o .libs/cgemm.o .libs/cgemv.o .libs/cgerc.o .libs/cgeru.o .libs/chbmv.o .libs/chemm.o .libs/chemv.o .libs/cher.o .libs/cher2.o .libs/cher2k.o .libs/cherk.o .libs/chpmv.o .libs/chpr.o .libs/chpr2.o .libs/cscal.o .libs/csscal.o .libs/cswap.o .libs/csymm.o .libs/csyr2k.o .libs/csyrk.o .libs/ctbmv.o .libs/ctbsv.o .libs/ctpmv.o .libs/ctpsv.o .libs/ctrmm.o .libs/ctrmv.o .libs/ctrsm.o .libs/ctrsv.o .libs/zaxpy.o .libs/zcopy.o .libs/zdotc_sub.o .libs/zdotu_sub.o .libs/zdscal.o .libs/zgbmv.o .libs/zgemm.o .libs/zgemv.o .libs/zgerc.o .libs/zgeru.o .libs/zhbmv.o .libs/zhemm.o .libs/zhemv.o .libs/zher.o .libs/zher2.o .libs/zher2k.o .libs/zherk.o .libs/zhpmv.o .libs/zhpr.o .libs/zhpr2.o .libs/zscal.o .libs/zswap.o .libs/zsymm.o .libs/zsyr2k.o .libs/zsyrk.o .libs/ztbmv.o .libs/ztbsv.o .libs/ztpmv.o .libs/ztpsv.o .libs/ztrmm.o .libs/ztrmv.o .libs/ztrsm.o .libs/ztrsv.o .libs/icamax.o .libs/idamax.o .libs/isamax.o .libs/izamax.o .libs/xerbla.o   -lm  -g -O2   -Wl,-soname -Wl,libgslcblas.so.0 -o .libs/libgslcblas.so.0.0.0
libtool: link: (cd ".libs" && rm -f "libgslcblas.so.0" && ln -s "libgslcblas.so.0.0.0" "libgslcblas.so.0")
libtool: link: (cd ".libs" && rm -f "libgslcblas.so" && ln -s "libgslcblas.so.0.0.0" "libgslcblas.so")
libtool: link: ar cr .libs/libgslcblas.a  sasum.o saxpy.o scasum.o scnrm2.o scopy.o sdot.o sdsdot.o sgbmv.o sgemm.o sgemv.o sger.o snrm2.o srot.o srotg.o srotm.o srotmg.o ssbmv.o sscal.o sspmv.o sspr.o sspr2.o sswap.o ssymm.o ssymv.o ssyr.o ssyr2.o ssyr2k.o ssyrk.o stbmv.o stbsv.o stpmv.o stpsv.o strmm.o strmv.o strsm.o strsv.o dasum.o daxpy.o dcopy.o ddot.o dgbmv.o dgemm.o dgemv.o dger.o dnrm2.o drot.o drotg.o drotm.o drotmg.o dsbmv.o dscal.o dsdot.o dspmv.o dspr.o dspr2.o dswap.o dsymm.o dsymv.o dsyr.o dsyr2.o dsyr2k.o dsyrk.o dtbmv.o dtbsv.o dtpmv.o dtpsv.o dtrmm.o dtrmv.o dtrsm.o dtrsv.o dzasum.o dznrm2.o caxpy.o ccopy.o cdotc_sub.o cdotu_sub.o cgbmv.o cgemm.o cgemv.o cgerc.o cgeru.o chbmv.o chemm.o chemv.o cher.o cher2.o cher2k.o cherk.o chpmv.o chpr.o chpr2.o cscal.o csscal.o cswap.o csymm.o csyr2k.o csyrk.o ctbmv.o ctbsv.o ctpmv.o ctpsv.o ctrmm.o ctrmv.o ctrsm.o ctrsv.o zaxpy.o zcopy.o zdotc_sub.o zdotu_sub.o zdscal.o zgbmv.o zgemm.o zgemv.o zgerc.o zgeru.o zhbmv.o zhemm.o zhemv.o zher.o zher2.o zher2k.o zherk.o zhpmv.o zhpr.o zhpr2.o zscal.o zswap.o zsymm.o zsyr2k.o zsyrk.o ztbmv.o ztbsv.o ztpmv.o ztpsv.o ztrmm.o ztrmv.o ztrsm.o ztrsv.o icamax.o idamax.o isamax.o izamax.o xerbla.o
libtool: link: ranlib .libs/libgslcblas.a
libtool: link: ( cd ".libs" && rm -f "libgslcblas.la" && ln -s "../libgslcblas.la" "libgslcblas.la" )
Making all in blas
libtool: compile:  gcc -DHAVE_CONFIG_H -I. -I.. -I.. -g -O2 -MT blas.lo -MD -MP -MF .deps/blas.Tpo -c blas.c  -fPIC -DPIC -o .libs/blas.o
libtool: compile:  gcc -DHAVE_CONFIG_H -I. -I.. -I.. -g -O2 -MT blas.lo -MD -MP -MF .deps/blas.Tpo -c blas.c -o blas.o >/dev/null 2>&1
libtool: link: ar cr .libs/libgslblas.a .libs/blas.o 
libtool: link: ranlib .libs/libgslblas.a
libtool: link: ( cd ".libs" && rm -f "libgslblas.la" && ln -s "../libgslblas.la" "libgslblas.la" )
Making all in linalg
libtool: compile:  gcc -DHAVE_CONFIG_H -I. -I.. -I.. -g -O2 -MT qrc.lo -MD -MP -MF .deps/qrc.Tpo -c qrc.c  -fPIC -DPIC -o .libs/qrc.o
libtool: compile:  gcc -DHAVE_CONFIG_H -I. -I.. -I.. -g -O2 -MT hh.lo -MD -MP -MF .deps/hh.Tpo -c hh.c  -fPIC -DPIC -o .libs/hh.o
libtool: compile:  gcc -DHAVE_CONFIG_H -I. -I.. -I.. -g -O2 -MT qr_band.lo -MD -MP -MF .deps/qr_band.Tpo -c qr_band.c  -fPIC -DPIC -o .libs/qr_band.o
libtool: compile:  gcc -DHAVE_CONFIG_H -I. -I.. -I.. -g -O2 -MT ql.lo -MD -MP -MF .deps/ql.Tpo -c ql.c  -fPIC -DPIC -o .libs/ql.o
libtool: compile:  gcc -DHAVE_CONFIG_H -I. -I.. -I.. -g -O2 -MT exponential.lo -MD -MP -MF .deps/exponential.Tpo -c exponential.c  -fPIC -DPIC -o .libs/exponential.o
libtool: compile:  gcc -DHAVE_CONFIG_H -I. -I.. -I.. -g -O2 -MT qrpt.lo -MD -MP -MF .deps/qrpt.Tpo -c qrpt.c  -fPIC -DPIC -o .libs/qrpt.o
libtool: compile:  gcc -DHAVE_CONFIG_H -I. -I.. -I.. -g -O2 -MT rqrc.lo -MD -MP -MF .deps/rqrc.Tpo -c rqrc.c  -fPIC -DPIC -o .libs/rqrc.o
libtool: compile:  gcc -DHAVE_CONFIG_H -I. -I.. -I.. -g -O2 -MT lu_band.lo -MD -MP -MF .deps/lu_band.Tpo -c lu_band.c  -fPIC -DPIC -o .libs/lu_band.o
libtool: compile:  gcc -DHAVE_CONFIG_H -I. -I.. -I.. -g -O2 -MT cod.lo -MD -MP -MF .deps/cod.Tpo -c cod.c  -fPIC -DPIC -o .libs/cod.o
libtool: compile:  gcc -DHAVE_CONFIG_H -I. -I.. -I.. -g -O2 -MT invtri.lo -MD -MP -MF .deps/invtri.Tpo -c invtri.c  -fPIC -DPIC -o .libs/invtri.o
libtool: compile:  gcc -DHAVE_CONFIG_H -I. -I.. -I.. -g -O2 -MT condest.lo -MD -MP -MF .deps/condest.Tpo -c condest.c  -fPIC -DPIC -o .libs/condest.o
libtool: compile:  gcc -DHAVE_CONFIG_H -I. -I.. -I.. -g -O2 -MT tridiag.lo -MD -MP -MF .deps/tridiag.Tpo -c tridiag.c  -fPIC -DPIC -o .libs/tridiag.o
libtool: compile:  gcc -DHAVE_CONFIG_H -I. -I.. -I.. -g -O2 -MT invtri_complex.lo -MD -MP -MF .deps/invtri_complex.Tpo -c invtri_complex.c  -fPIC -DPIC -o .libs/invtri_complex.o
libtool: compile:  gcc -DHAVE_CONFIG_H -I. -I.. -I.. -g -O2 -MT qr_ur.lo -MD -MP -MF .deps/qr_ur.Tpo -c qr_ur.c  -fPIC -DPIC -o .libs/qr_ur.o
libtool: compile:  gcc -DHAVE_CONFIG_H -I. -I.. -I.. -g -O2 -MT qr_uz.lo -MD -MP -MF .deps/qr_uz.Tpo -c qr_uz.c  -fPIC -DPIC -o .libs/qr_uz.o
libtool: compile:  gcc -DHAVE_CONFIG_H -I. -I.. -I.. -g -O2 -MT qr_ud.lo -MD -MP -MF .deps/qr_ud.Tpo -c qr_ud.c  -fPIC -DPIC -o .libs/qr_ud.o
libtool: compile:  gcc -DHAVE_CONFIG_H -I. -I.. -I.. -g -O2 -MT lu.lo -MD -MP -MF .deps/lu.Tpo -c lu.c  -fPIC -DPIC -o .libs/lu.o
libtool: compile:  gcc -DHAVE_CONFIG_H -I. -I.. -I.. -g -O2 -MT qr_uu.lo -MD -MP -MF .deps/qr_uu.Tpo -c qr_uu.c  -fPIC -DPIC -o .libs/qr_uu.o
libtool: compile:  gcc -DHAVE_CONFIG_H -I. -I.. -I.. -g -O2 -MT multiply.lo -MD -MP -MF .deps/multiply.Tpo -c multiply.c  -fPIC -DPIC -o .libs/multiply.o
libtool: compile:  gcc -DHAVE_CONFIG_H -I. -I.. -I.. -g -O2 -MT qr.lo -MD -MP -MF .deps/qr.Tpo -c qr.c  -fPIC -DPIC -o .libs/qr.o
libtool: compile:  gcc -DHAVE_CONFIG_H -I. -I.. -I.. -g -O2 -MT lq.lo -MD -MP -MF .deps/lq.Tpo -c lq.c  -fPIC -DPIC -o .libs/lq.o
libtool: compile:  gcc -DHAVE_CONFIG_H -I. -I.. -I.. -g -O2 -MT luc.lo -MD -MP -MF .deps/luc.Tpo -c luc.c  -fPIC -DPIC -o .libs/luc.o
libtool: compile:  gcc -DHAVE_CONFIG_H -I. -I.. -I.. -g -O2 -MT rqr.lo -MD -MP -MF .deps/rqr.Tpo -c rqr.c  -fPIC -DPIC -o .libs/rqr.o
libtool: compile:  gcc -DHAVE_CONFIG_H -I. -I.. -I.. -g -O2 -MT ptlq.lo -MD -MP -MF .deps/ptlq.Tpo -c ptlq.c  -fPIC -DPIC -o .libs/ptlq.o
libtool: compile:  gcc -DHAVE_CONFIG_H -I. -I.. -I.. -g -O2 -MT invtri_complex.lo -MD -MP -MF .deps/invtri_complex.Tpo -c invtri_complex.c -o invtri_complex.o >/dev/null 2>&1
libtool: compile:  gcc -DHAVE_CONFIG_H -I. -I.. -I.. -g -O2 -MT qr_uz.lo -MD -MP -MF .deps/qr_uz.Tpo -c qr_uz.c -o qr_uz.o >/dev/null 2>&1
libtool: compile:  gcc -DHAVE_CONFIG_H -I. -I.. -I.. -g -O2 -MT qr_band.lo -MD -MP -MF .deps/qr_band.Tpo -c qr_band.c -o qr_band.o >/dev/null 2>&1
libtool: compile:  gcc -DHAVE_CONFIG_H -I. -I.. -I.. -g -O2 -MT qr_uu.lo -MD -MP -MF .deps/qr_uu.Tpo -c qr_uu.c -o qr_uu.o >/dev/null 2>&1
libtool: compile:  gcc -DHAVE_CONFIG_H -I. -I.. -I.. -g -O2 -MT hh.lo -MD -MP -MF .deps/hh.Tpo -c hh.c -o hh.o >/dev/null 2>&1
libtool: compile:  gcc -DHAVE_CONFIG_H -I. -I.. -I.. -g -O2 -MT ql.lo -MD -MP -MF .deps/ql.Tpo -c ql.c -o ql.o >/dev/null 2>&1
libtool: compile:  gcc -DHAVE_CONFIG_H -I. -I.. -I.. -g -O2 -MT exponential.lo -MD -MP -MF .deps/exponential.Tpo -c exponential.c -o exponential.o >/dev/null 2>&1
libtool: compile:  gcc -DHAVE_CONFIG_H -I. -I.. -I.. -g -O2 -MT qrc.lo -MD -MP -MF .deps/qrc.Tpo -c qrc.c -o qrc.o >/dev/null 2>&1
libtool: compile:  gcc -DHAVE_CONFIG_H -I. -I.. -I.. -g -O2 -MT invtri.lo -MD -MP -MF .deps/invtri.Tpo -c invtri.c -o invtri.o >/dev/null 2>&1
libtool: compile:  gcc -DHAVE_CONFIG_H -I. -I.. -I.. -g -O2 -MT condest.lo -MD -MP -MF .deps/condest.Tpo -c condest.c -o condest.o >/dev/null 2>&1
libtool: compile:  gcc -DHAVE_CONFIG_H -I. -I.. -I.. -g -O2 -MT multiply.lo -MD -MP -MF .deps/multiply.Tpo -c multiply.c -o multiply.o >/dev/null 2>&1
libtool: compile:  gcc -DHAVE_CONFIG_H -I. -I.. -I.. -g -O2 -MT cod.lo -MD -MP -MF .deps/cod.Tpo -c cod.c -o cod.o >/dev/null 2>&1
libtool: compile:  gcc -DHAVE_CONFIG_H -I. -I.. -I.. -g -O2 -MT lu.lo -MD -MP -MF .deps/lu.Tpo -c lu.c -o lu.o >/dev/null 2>&1
libtool: compile:  gcc -DHAVE_CONFIG_H -I. -I.. -I.. -g -O2 -MT tridiag.lo -MD -MP -MF .deps/tridiag.Tpo -c tridiag.c -o tridiag.o >/dev/null 2>&1
libtool: compile:  gcc -DHAVE_CONFIG_H -I. -I.. -I.. -g -O2 -MT qr_ur.lo -MD -MP -MF .deps/qr_ur.Tpo -c qr_ur.c -o qr_ur.o >/dev/null 2>&1
libtool: compile:  gcc -DHAVE_CONFIG_H -I. -I.. -I.. -g -O2 -MT luc.lo -MD -MP -MF .deps/luc.Tpo -c luc.c -o luc.o >/dev/null 2>&1
libtool: compile:  gcc -DHAVE_CONFIG_H -I. -I.. -I.. -g -O2 -MT qrpt.lo -MD -MP -MF .deps/qrpt.Tpo -c qrpt.c -o qrpt.o >/dev/null 2>&1
libtool: compile:  gcc -DHAVE_CONFIG_H -I. -I.. -I.. -g -O2 -MT lu_band.lo -MD -MP -MF .deps/lu_band.Tpo -c lu_band.c -o lu_band.o >/dev/null 2>&1
libtool: compile:  gcc -DHAVE_CONFIG_H -I. -I.. -I.. -g -O2 -MT qr_ud.lo -MD -MP -MF .deps/qr_ud.Tpo -c qr_ud.c -o qr_ud.o >/dev/null 2>&1
libtool: compile:  gcc -DHAVE_CONFIG_H -I. -I.. -I.. -g -O2 -MT lq.lo -MD -MP -MF .deps/lq.Tpo -c lq.c -o lq.o >/dev/null 2>&1
libtool: compile:  gcc -DHAVE_CONFIG_H -I. -I.. -I.. -g -O2 -MT rqr.lo -MD -MP -MF .deps/rqr.Tpo -c rqr.c -o rqr.o >/dev/null 2>&1
libtool: compile:  gcc -DHAVE_CONFIG_H -I. -I.. -I.. -g -O2 -MT svd.lo -MD -MP -MF .deps/svd.Tpo -c svd.c  -fPIC -DPIC -o .libs/svd.o
libtool: compile:  gcc -DHAVE_CONFIG_H -I. -I.. -I.. -g -O2 -MT hessenberg.lo -MD -MP -MF .deps/hessenberg.Tpo -c hessenberg.c  -fPIC -DPIC -o .libs/hessenberg.o
libtool: compile:  gcc -DHAVE_CONFIG_H -I. -I.. -I.. -g -O2 -MT qr.lo -MD -MP -MF .deps/qr.Tpo -c qr.c -o qr.o >/dev/null 2>&1
libtool: compile:  gcc -DHAVE_CONFIG_H -I. -I.. -I.. -g -O2 -MT householder.lo -MD -MP -MF .deps/householder.Tpo -c householder.c  -fPIC -DPIC -o .libs/householder.o
libtool: compile:  gcc -DHAVE_CONFIG_H -I. -I.. -I.. -g -O2 -MT hesstri.lo -MD -MP -MF .deps/hesstri.Tpo -c hesstri.c  -fPIC -DPIC -o .libs/hesstri.o
libtool: compile:  gcc -DHAVE_CONFIG_H -I. -I.. -I.. -g -O2 -MT ptlq.lo -MD -MP -MF .deps/ptlq.Tpo -c ptlq.c -o ptlq.o >/dev/null 2>&1
libtool: compile:  gcc -DHAVE_CONFIG_H -I. -I.. -I.. -g -O2 -MT cholesky.lo -MD -MP -MF .deps/cholesky.Tpo -c cholesky.c  -fPIC -DPIC -o .libs/cholesky.o
libtool: compile:  gcc -DHAVE_CONFIG_H -I. -I.. -I.. -g -O2 -MT householdercomplex.lo -MD -MP -MF .deps/householdercomplex.Tpo -c householdercomplex.c  -fPIC -DPIC -o .libs/householdercomplex.o
libtool: compile:  gcc -DHAVE_CONFIG_H -I. -I.. -I.. -g -O2 -MT rqrc.lo -MD -MP -MF .deps/rqrc.Tpo -c rqrc.c -o rqrc.o >/dev/null 2>&1
libtool: compile:  gcc -DHAVE_CONFIG_H -I. -I.. -I.. -g -O2 -MT choleskyc.lo -MD -MP -MF .deps/choleskyc.Tpo -c choleskyc.c  -fPIC -DPIC -o .libs/choleskyc.o
libtool: compile:  gcc -DHAVE_CONFIG_H -I. -I.. -I.. -g -O2 -MT mcholesky.lo -MD -MP -MF .deps/mcholesky.Tpo -c mcholesky.c  -fPIC -DPIC -o .libs/mcholesky.o
libtool: compile:  gcc -DHAVE_CONFIG_H -I. -I.. -I.. -g -O2 -MT pcholesky.lo -MD -MP -MF .deps/pcholesky.Tpo -c pcholesky.c  -fPIC -DPIC -o .libs/pcholesky.o
libtool: compile:  gcc -DHAVE_CONFIG_H -I. -I.. -I.. -g -O2 -MT cholesky_band.lo -MD -MP -MF .deps/cholesky_band.Tpo -c cholesky_band.c  -fPIC -DPIC -o .libs/cholesky_band.o
libtool: compile:  gcc -DHAVE_CONFIG_H -I. -I.. -I.. -g -O2 -MT hessenberg.lo -MD -MP -MF .deps/hessenberg.Tpo -c hessenberg.c -o hessenberg.o >/dev/null 2>&1
libtool: compile:  gcc -DHAVE_CONFIG_H -I. -I.. -I.. -g -O2 -MT hermtd.lo -MD -MP -MF .deps/hermtd.Tpo -c hermtd.c  -fPIC -DPIC -o .libs/hermtd.o
libtool: compile:  gcc -DHAVE_CONFIG_H -I. -I.. -I.. -g -O2 -MT ldlt.lo -MD -MP -MF .deps/ldlt.Tpo -c ldlt.c  -fPIC -DPIC -o .libs/ldlt.o
libtool: compile:  gcc -DHAVE_CONFIG_H -I. -I.. -I.. -g -O2 -MT symmtd.lo -MD -MP -MF .deps/symmtd.Tpo -c symmtd.c  -fPIC -DPIC -o .libs/symmtd.o
libtool: compile:  gcc -DHAVE_CONFIG_H -I. -I.. -I.. -g -O2 -MT ldlt_band.lo -MD -MP -MF .deps/ldlt_band.Tpo -c ldlt_band.c  -fPIC -DPIC -o .libs/ldlt_band.o
libtool: compile:  gcc -DHAVE_CONFIG_H -I. -I.. -I.. -g -O2 -MT hesstri.lo -MD -MP -MF .deps/hesstri.Tpo -c hesstri.c -o hesstri.o >/dev/null 2>&1
libtool: compile:  gcc -DHAVE_CONFIG_H -I. -I.. -I.. -g -O2 -MT bidiag.lo -MD -MP -MF .deps/bidiag.Tpo -c bidiag.c  -fPIC -DPIC -o .libs/bidiag.o
libtool: compile:  gcc -DHAVE_CONFIG_H -I. -I.. -I.. -g -O2 -MT balance.lo -MD -MP -MF .deps/balance.Tpo -c balance.c  -fPIC -DPIC -o .libs/balance.o
libtool: compile:  gcc -DHAVE_CONFIG_H -I. -I.. -I.. -g -O2 -MT householdercomplex.lo -MD -MP -MF .deps/householdercomplex.Tpo -c householdercomplex.c -o householdercomplex.o >/dev/null 2>&1
libtool: compile:  gcc -DHAVE_CONFIG_H -I. -I.. -I.. -g -O2 -MT cholesky.lo -MD -MP -MF .deps/cholesky.Tpo -c cholesky.c -o cholesky.o >/dev/null 2>&1
libtool: compile:  gcc -DHAVE_CONFIG_H -I. -I.. -I.. -g -O2 -MT inline.lo -MD -MP -MF .deps/inline.Tpo -c inline.c  -fPIC -DPIC -o .libs/inline.o
libtool: compile:  gcc -DHAVE_CONFIG_H -I. -I.. -I.. -g -O2 -MT balancemat.lo -MD -MP -MF .deps/balancemat.Tpo -c balancemat.c  -fPIC -DPIC -o .libs/balancemat.o
libtool: compile:  gcc -DHAVE_CONFIG_H -I. -I.. -I.. -g -O2 -MT mcholesky.lo -MD -MP -MF .deps/mcholesky.Tpo -c mcholesky.c -o mcholesky.o >/dev/null 2>&1
libtool: compile:  gcc -DHAVE_CONFIG_H -I. -I.. -I.. -g -O2 -MT choleskyc.lo -MD -MP -MF .deps/choleskyc.Tpo -c choleskyc.c -o choleskyc.o >/dev/null 2>&1
libtool: compile:  gcc -DHAVE_CONFIG_H -I. -I.. -I.. -g -O2 -MT householder.lo -MD -MP -MF .deps/householder.Tpo -c householder.c -o householder.o >/dev/null 2>&1
libtool: compile:  gcc -DHAVE_CONFIG_H -I. -I.. -I.. -g -O2 -MT pcholesky.lo -MD -MP -MF .deps/pcholesky.Tpo -c pcholesky.c -o pcholesky.o >/dev/null 2>&1
libtool: compile:  gcc -DHAVE_CONFIG_H -I. -I.. -I.. -g -O2 -MT hermtd.lo -MD -MP -MF .deps/hermtd.Tpo -c hermtd.c -o hermtd.o >/dev/null 2>&1
libtool: compile:  gcc -DHAVE_CONFIG_H -I. -I.. -I.. -g -O2 -MT trimult_complex.lo -MD -MP -MF .deps/trimult_complex.Tpo -c trimult_complex.c  -fPIC -DPIC -o .libs/trimult_complex.o
libtool: compile:  gcc -DHAVE_CONFIG_H -I. -I.. -I.. -g -O2 -MT trimult.lo -MD -MP -MF .deps/trimult.Tpo -c trimult.c  -fPIC -DPIC -o .libs/trimult.o
libtool: compile:  gcc -DHAVE_CONFIG_H -I. -I.. -I.. -g -O2 -MT symmtd.lo -MD -MP -MF .deps/symmtd.Tpo -c symmtd.c -o symmtd.o >/dev/null 2>&1
libtool: compile:  gcc -DHAVE_CONFIG_H -I. -I.. -I.. -g -O2 -MT cholesky_band.lo -MD -MP -MF .deps/cholesky_band.Tpo -c cholesky_band.c -o cholesky_band.o >/dev/null 2>&1
libtool: compile:  gcc -DHAVE_CONFIG_H -I. -I.. -I.. -g -O2 -MT ldlt.lo -MD -MP -MF .deps/ldlt.Tpo -c ldlt.c -o ldlt.o >/dev/null 2>&1
libtool: compile:  gcc -DHAVE_CONFIG_H -I. -I.. -I.. -g -O2 -MT ldlt_band.lo -MD -MP -MF .deps/ldlt_band.Tpo -c ldlt_band.c -o ldlt_band.o >/dev/null 2>&1
libtool: compile:  gcc -DHAVE_CONFIG_H -I. -I.. -I.. -g -O2 -MT balance.lo -MD -MP -MF .deps/balance.Tpo -c balance.c -o balance.o >/dev/null 2>&1
libtool: compile:  gcc -DHAVE_CONFIG_H -I. -I.. -I.. -g -O2 -MT inline.lo -MD -MP -MF .deps/inline.Tpo -c inline.c -o inline.o >/dev/null 2>&1
libtool: compile:  gcc -DHAVE_CONFIG_H -I. -I.. -I.. -g -O2 -MT bidiag.lo -MD -MP -MF .deps/bidiag.Tpo -c bidiag.c -o bidiag.o >/dev/null 2>&1
libtool: compile:  gcc -DHAVE_CONFIG_H -I. -I.. -I.. -g -O2 -MT balancemat.lo -MD -MP -MF .deps/balancemat.Tpo -c balancemat.c -o balancemat.o >/dev/null 2>&1
libtool: compile:  gcc -DHAVE_CONFIG_H -I. -I.. -I.. -g -O2 -MT trimult.lo -MD -MP -MF .deps/trimult.Tpo -c trimult.c -o trimult.o >/dev/null 2>&1
libtool: compile:  gcc -DHAVE_CONFIG_H -I. -I.. -I.. -g -O2 -MT trimult_complex.lo -MD -MP -MF .deps/trimult_complex.Tpo -c trimult_complex.c -o trimult_complex.o >/dev/null 2>&1
libtool: compile:  gcc -DHAVE_CONFIG_H -I. -I.. -I.. -g -O2 -MT svd.lo -MD -MP -MF .deps/svd.Tpo -c svd.c -o svd.o >/dev/null 2>&1
libtool: link: ar cr .libs/libgsllinalg.a .libs/cod.o .libs/condest.o .libs/invtri.o .libs/invtri_complex.o .libs/multiply.o .libs/exponential.o .libs/tridiag.o .libs/lu.o .libs/lu_band.o .libs/luc.o .libs/hh.o .libs/ql.o .libs/qr.o .libs/qr_band.o .libs/qrc.o .libs/qrpt.o .libs/qr_ud.o .libs/qr_ur.o .libs/qr_uu.o .libs/qr_uz.o .libs/rqr.o .libs/rqrc.o .libs/lq.o .libs/ptlq.o .libs/svd.o .libs/householder.o .libs/householdercomplex.o .libs/hessenberg.o .libs/hesstri.o .libs/cholesky.o .libs/choleskyc.o .libs/mcholesky.o .libs/pcholesky.o .libs/cholesky_band.o .libs/ldlt.o .libs/ldlt_band.o .libs/symmtd.o .libs/hermtd.o .libs/bidiag.o .libs/balance.o .libs/balancemat.o .libs/inline.o .libs/trimult.o .libs/trimult_complex.o 
libtool: link: ranlib .libs/libgsllinalg.a
libtool: link: ( cd ".libs" && rm -f "libgsllinalg.la" && ln -s "../libgsllinalg.la" "libgsllinalg.la" )
Making all in eigen
libtool: compile:  gcc -DHAVE_CONFIG_H -I. -I.. -I.. -g -O2 -MT genhermv.lo -MD -MP -MF .deps/genhermv.Tpo -c genhermv.c  -fPIC -DPIC -o .libs/genhermv.o
libtool: compile:  gcc -DHAVE_CONFIG_H -I. -I.. -I.. -g -O2 -MT nonsymm.lo -MD -MP -MF .deps/nonsymm.Tpo -c nonsymm.c  -fPIC -DPIC -o .libs/nonsymm.o
libtool: compile:  gcc -DHAVE_CONFIG_H -I. -I.. -I.. -g -O2 -MT hermv.lo -MD -MP -MF .deps/hermv.Tpo -c hermv.c  -fPIC -DPIC -o .libs/hermv.o
libtool: compile:  gcc -DHAVE_CONFIG_H -I. -I.. -I.. -g -O2 -MT genherm.lo -MD -MP -MF .deps/genherm.Tpo -c genherm.c  -fPIC -DPIC -o .libs/genherm.o
libtool: compile:  gcc -DHAVE_CONFIG_H -I. -I.. -I.. -g -O2 -MT symm.lo -MD -MP -MF .deps/symm.Tpo -c symm.c  -fPIC -DPIC -o .libs/symm.o
libtool: compile:  gcc -DHAVE_CONFIG_H -I. -I.. -I.. -g -O2 -MT jacobi.lo -MD -MP -MF .deps/jacobi.Tpo -c jacobi.c  -fPIC -DPIC -o .libs/jacobi.o
libtool: compile:  gcc -DHAVE_CONFIG_H -I. -I.. -I.. -g -O2 -MT nonsymmv.lo -MD -MP -MF .deps/nonsymmv.Tpo -c nonsymmv.c  -fPIC -DPIC -o .libs/nonsymmv.o
libtool: compile:  gcc -DHAVE_CONFIG_H -I. -I.. -I.. -g -O2 -MT herm.lo -MD -MP -MF .deps/herm.Tpo -c herm.c  -fPIC -DPIC -o .libs/herm.o
libtool: compile:  gcc -DHAVE_CONFIG_H -I. -I.. -I.. -g -O2 -MT sort.lo -MD -MP -MF .deps/sort.Tpo -c sort.c  -fPIC -DPIC -o .libs/sort.o
libtool: compile:  gcc -DHAVE_CONFIG_H -I. -I.. -I.. -g -O2 -MT symmv.lo -MD -MP -MF .deps/symmv.Tpo -c symmv.c  -fPIC -DPIC -o .libs/symmv.o
libtool: compile:  gcc -DHAVE_CONFIG_H -I. -I.. -I.. -g -O2 -MT schur.lo -MD -MP -MF .deps/schur.Tpo -c schur.c  -fPIC -DPIC -o .libs/schur.o
libtool: compile:  gcc -DHAVE_CONFIG_H -I. -I.. -I.. -g -O2 -MT gen.lo -MD -MP -MF .deps/gen.Tpo -c gen.c  -fPIC -DPIC -o .libs/gen.o
libtool: compile:  gcc -DHAVE_CONFIG_H -I. -I.. -I.. -g -O2 -MT francis.lo -MD -MP -MF .deps/francis.Tpo -c francis.c  -fPIC -DPIC -o .libs/francis.o
libtool: compile:  gcc -DHAVE_CONFIG_H -I. -I.. -I.. -g -O2 -MT gensymmv.lo -MD -MP -MF .deps/gensymmv.Tpo -c gensymmv.c  -fPIC -DPIC -o .libs/gensymmv.o
libtool: compile:  gcc -DHAVE_CONFIG_H -I. -I.. -I.. -g -O2 -MT genv.lo -MD -MP -MF .deps/genv.Tpo -c genv.c  -fPIC -DPIC -o .libs/genv.o
libtool: compile:  gcc -DHAVE_CONFIG_H -I. -I.. -I.. -g -O2 -MT gensymm.lo -MD -MP -MF .deps/gensymm.Tpo -c gensymm.c  -fPIC -DPIC -o .libs/gensymm.o
libtool: compile:  gcc -DHAVE_CONFIG_H -I. -I.. -I.. -g -O2 -MT genhermv.lo -MD -MP -MF .deps/genhermv.Tpo -c genhermv.c -o genhermv.o >/dev/null 2>&1
libtool: compile:  gcc -DHAVE_CONFIG_H -I. -I.. -I.. -g -O2 -MT nonsymm.lo -MD -MP -MF .deps/nonsymm.Tpo -c nonsymm.c -o nonsymm.o >/dev/null 2>&1
libtool: compile:  gcc -DHAVE_CONFIG_H -I. -I.. -I.. -g -O2 -MT gensymmv.lo -MD -MP -MF .deps/gensymmv.Tpo -c gensymmv.c -o gensymmv.o >/dev/null 2>&1
libtool: compile:  gcc -DHAVE_CONFIG_H -I. -I.. -I.. -g -O2 -MT genherm.lo -MD -MP -MF .deps/genherm.Tpo -c genherm.c -o genherm.o >/dev/null 2>&1
libtool: compile:  gcc -DHAVE_CONFIG_H -I. -I.. -I.. -g -O2 -MT gensymm.lo -MD -MP -MF .deps/gensymm.Tpo -c gensymm.c -o gensymm.o >/dev/null 2>&1
libtool: compile:  gcc -DHAVE_CONFIG_H -I. -I.. -I.. -g -O2 -MT herm.lo -MD -MP -MF .deps/herm.Tpo -c herm.c -o herm.o >/dev/null 2>&1
libtool: compile:  gcc -DHAVE_CONFIG_H -I. -I.. -I.. -g -O2 -MT jacobi.lo -MD -MP -MF .deps/jacobi.Tpo -c jacobi.c -o jacobi.o >/dev/null 2>&1
libtool: compile:  gcc -DHAVE_CONFIG_H -I. -I.. -I.. -g -O2 -MT symm.lo -MD -MP -MF .deps/symm.Tpo -c symm.c -o symm.o >/dev/null 2>&1
libtool: compile:  gcc -DHAVE_CONFIG_H -I. -I.. -I.. -g -O2 -MT sort.lo -MD -MP -MF .deps/sort.Tpo -c sort.c -o sort.o >/dev/null 2>&1
libtool: compile:  gcc -DHAVE_CONFIG_H -I. -I.. -I.. -g -O2 -MT symmv.lo -MD -MP -MF .deps/symmv.Tpo -c symmv.c -o symmv.o >/dev/null 2>&1
libtool: compile:  gcc -DHAVE_CONFIG_H -I. -I.. -I.. -g -O2 -MT hermv.lo -MD -MP -MF .deps/hermv.Tpo -c hermv.c -o hermv.o >/dev/null 2>&1
libtool: compile:  gcc -DHAVE_CONFIG_H -I. -I.. -I.. -g -O2 -MT francis.lo -MD -MP -MF .deps/francis.Tpo -c francis.c -o francis.o >/dev/null 2>&1
libtool: compile:  gcc -DHAVE_CONFIG_H -I. -I.. -I.. -g -O2 -MT schur.lo -MD -MP -MF .deps/schur.Tpo -c schur.c -o schur.o >/dev/null 2>&1
libtool: compile:  gcc -DHAVE_CONFIG_H -I. -I.. -I.. -g -O2 -MT nonsymmv.lo -MD -MP -MF .deps/nonsymmv.Tpo -c nonsymmv.c -o nonsymmv.o >/dev/null 2>&1
libtool: compile:  gcc -DHAVE_CONFIG_H -I. -I.. -I.. -g -O2 -MT genv.lo -MD -MP -MF .deps/genv.Tpo -c genv.c -o genv.o >/dev/null 2>&1
libtool: compile:  gcc -DHAVE_CONFIG_H -I. -I.. -I.. -g -O2 -MT gen.lo -MD -MP -MF .deps/gen.Tpo -c gen.c -o gen.o >/dev/null 2>&1
libtool: link: ar cr .libs/libgsleigen.a .libs/jacobi.o .libs/symm.o .libs/symmv.o .libs/nonsymm.o .libs/nonsymmv.o .libs/herm.o .libs/hermv.o .libs/gensymm.o .libs/gensymmv.o .libs/genherm.o .libs/genhermv.o .libs/gen.o .libs/genv.o .libs/sort.o .libs/francis.o .libs/schur.o 
libtool: link: ranlib .libs/libgsleigen.a
libtool: link: ( cd ".libs" && rm -f "libgsleigen.la" && ln -s "../libgsleigen.la" "libgsleigen.la" )
Making all in specfunc
libtool: compile:  gcc -DHAVE_CONFIG_H -I. -I.. -I.. -g -O2 -MT bessel_Inu.lo -MD -MP -MF .deps/bessel_Inu.Tpo -c bessel_Inu.c  -fPIC -DPIC -o .libs/bessel_Inu.o
libtool: compile:  gcc -DHAVE_CONFIG_H -I. -I.. -I.. -g -O2 -MT bessel_In.lo -MD -MP -MF .deps/bessel_In.Tpo -c bessel_In.c  -fPIC -DPIC -o .libs/bessel_In.o
libtool: compile:  gcc -DHAVE_CONFIG_H -I. -I.. -I.. -g -O2 -MT airy_zero.lo -MD -MP -MF .deps/airy_zero.Tpo -c airy_zero.c  -fPIC -DPIC -o .libs/airy_zero.o
libtool: compile:  gcc -DHAVE_CONFIG_H -I. -I.. -I.. -g -O2 -MT bessel.lo -MD -MP -MF .deps/bessel.Tpo -c bessel.c  -fPIC -DPIC -o .libs/bessel.o
libtool: compile:  gcc -DHAVE_CONFIG_H -I. -I.. -I.. -g -O2 -MT bessel_K0.lo -MD -MP -MF .deps/bessel_K0.Tpo -c bessel_K0.c  -fPIC -DPIC -o .libs/bessel_K0.o
libtool: compile:  gcc -DHAVE_CONFIG_H -I. -I.. -I.. -g -O2 -MT bessel_Jnu.lo -MD -MP -MF .deps/bessel_Jnu.Tpo -c bessel_Jnu.c  -fPIC -DPIC -o .libs/bessel_Jnu.o
libtool: compile:  gcc -DHAVE_CONFIG_H -I. -I.. -I.. -g -O2 -MT airy.lo -MD -MP -MF .deps/airy.Tpo -c airy.c  -fPIC -DPIC -o .libs/airy.o
libtool: compile:  gcc -DHAVE_CONFIG_H -I. -I.. -I.. -g -O2 -MT bessel_Yn.lo -MD -MP -MF .deps/bessel_Yn.Tpo -c bessel_Yn.c  -fPIC -DPIC -o .libs/bessel_Yn.o
libtool: compile:  gcc -DHAVE_CONFIG_H -I. -I.. -I.. -g -O2 -MT bessel_Jn.lo -MD -MP -MF .deps/bessel_Jn.Tpo -c bessel_Jn.c  -fPIC -DPIC -o .libs/bessel_Jn.o
libtool: compile:  gcc -DHAVE_CONFIG_H -I. -I.. -I.. -g -O2 -MT atanint.lo -MD -MP -MF .deps/atanint.Tpo -c atanint.c  -fPIC -DPIC -o .libs/atanint.o
libtool: compile:  gcc -DHAVE_CONFIG_H -I. -I.. -I.. -g -O2 -MT airy_der.lo -MD -MP -MF .deps/airy_der.Tpo -c airy_der.c  -fPIC -DPIC -o .libs/airy_der.o
libtool: compile:  gcc -DHAVE_CONFIG_H -I. -I.. -I.. -g -O2 -MT alf_P.lo -MD -MP -MF .deps/alf_P.Tpo -c alf_P.c  -fPIC -DPIC -o .libs/alf_P.o
libtool: compile:  gcc -DHAVE_CONFIG_H -I. -I.. -I.. -g -O2 -MT bessel_amp_phase.lo -MD -MP -MF .deps/bessel_amp_phase.Tpo -c bessel_amp_phase.c  -fPIC -DPIC -o .libs/bessel_amp_phase.o
libtool: compile:  gcc -DHAVE_CONFIG_H -I. -I.. -I.. -g -O2 -MT bessel_I0.lo -MD -MP -MF .deps/bessel_I0.Tpo -c bessel_I0.c  -fPIC -DPIC -o .libs/bessel_I0.o
libtool: compile:  gcc -DHAVE_CONFIG_H -I. -I.. -I.. -g -O2 -MT bessel_J1.lo -MD -MP -MF .deps/bessel_J1.Tpo -c bessel_J1.c  -fPIC -DPIC -o .libs/bessel_J1.o
libtool: compile:  gcc -DHAVE_CONFIG_H -I. -I.. -I.. -g -O2 -MT bessel_J0.lo -MD -MP -MF .deps/bessel_J0.Tpo -c bessel_J0.c  -fPIC -DPIC -o .libs/bessel_J0.o
libtool: compile:  gcc -DHAVE_CONFIG_H -I. -I.. -I.. -g -O2 -MT bessel_K1.lo -MD -MP -MF .deps/bessel_K1.Tpo -c bessel_K1.c  -fPIC -DPIC -o .libs/bessel_K1.o
libtool: compile:  gcc -DHAVE_CONFIG_H -I. -I.. -I.. -g -O2 -MT bessel_Kn.lo -MD -MP -MF .deps/bessel_Kn.Tpo -c bessel_Kn.c  -fPIC -DPIC -o .libs/bessel_Kn.o
libtool: compile:  gcc -DHAVE_CONFIG_H -I. -I.. -I.. -g -O2 -MT bessel_Ynu.lo -MD -MP -MF .deps/bessel_Ynu.Tpo -c bessel_Ynu.c  -fPIC -DPIC -o .libs/bessel_Ynu.o
libtool: compile:  gcc -DHAVE_CONFIG_H -I. -I.. -I.. -g -O2 -MT bessel_Knu.lo -MD -MP -MF .deps/bessel_Knu.Tpo -c bessel_Knu.c  -fPIC -DPIC -o .libs/bessel_Knu.o
libtool: compile:  gcc -DHAVE_CONFIG_H -I. -I.. -I.. -g -O2 -MT bessel_I1.lo -MD -MP -MF .deps/bessel_I1.Tpo -c bessel_I1.c  -fPIC -DPIC -o .libs/bessel_I1.o
libtool: compile:  gcc -DHAVE_CONFIG_H -I. -I.. -I.. -g -O2 -MT bessel_Y1.lo -MD -MP -MF .deps/bessel_Y1.Tpo -c bessel_Y1.c  -fPIC -DPIC -o .libs/bessel_Y1.o
libtool: compile:  gcc -DHAVE_CONFIG_H -I. -I.. -I.. -g -O2 -MT bessel_Y0.lo -MD -MP -MF .deps/bessel_Y0.Tpo -c bessel_Y0.c  -fPIC -DPIC -o .libs/bessel_Y0.o
libtool: compile:  gcc -DHAVE_CONFIG_H -I. -I.. -I.. -g -O2 -MT bessel_i.lo -MD -MP -MF .deps/bessel_i.Tpo -c bessel_i.c  -fPIC -DPIC -o .libs/bessel_i.o
libtool: compile:  gcc -DHAVE_CONFIG_H -I. -I.. -I.. -g -O2 -MT bessel_amp_phase.lo -MD -MP -MF .deps/bessel_amp_phase.Tpo -c bessel_amp_phase.c -o bessel_amp_phase.o >/dev/null 2>&1
libtool: compile:  gcc -DHAVE_CONFIG_H -I. -I.. -I.. -g -O2 -MT bessel_Inu.lo -MD -MP -MF .deps/bessel_Inu.Tpo -c bessel_Inu.c -o bessel_Inu.o >/dev/null 2>&1
libtool: compile:  gcc -DHAVE_CONFIG_H -I. -I.. -I.. -g -O2 -MT atanint.lo -MD -MP -MF .deps/atanint.Tpo -c atanint.c -o atanint.o >/dev/null 2>&1
libtool: compile:  gcc -DHAVE_CONFIG_H -I. -I.. -I.. -g -O2 -MT bessel_Jn.lo -MD -MP -MF .deps/bessel_Jn.Tpo -c bessel_Jn.c -o bessel_Jn.o >/dev/null 2>&1
libtool: compile:  gcc -DHAVE_CONFIG_H -I. -I.. -I.. -g -O2 -MT bessel_Yn.lo -MD -MP -MF .deps/bessel_Yn.Tpo -c bessel_Yn.c -o bessel_Yn.o >/dev/null 2>&1
libtool: compile:  gcc -DHAVE_CONFIG_H -I. -I.. -I.. -g -O2 -MT bessel_K1.lo -MD -MP -MF .deps/bessel_K1.Tpo -c bessel_K1.c -o bessel_K1.o >/dev/null 2>&1
libtool: compile:  gcc -DHAVE_CONFIG_H -I. -I.. -I.. -g -O2 -MT bessel_Ynu.lo -MD -MP -MF .deps/bessel_Ynu.Tpo -c bessel_Ynu.c -o bessel_Ynu.o >/dev/null 2>&1
libtool: compile:  gcc -DHAVE_CONFIG_H -I. -I.. -I.. -g -O2 -MT bessel_K0.lo -MD -MP -MF .deps/bessel_K0.Tpo -c bessel_K0.c -o bessel_K0.o >/dev/null 2>&1
libtool: compile:  gcc -DHAVE_CONFIG_H -I. -I.. -I.. -g -O2 -MT bessel_Kn.lo -MD -MP -MF .deps/bessel_Kn.Tpo -c bessel_Kn.c -o bessel_Kn.o >/dev/null 2>&1
libtool: compile:  gcc -DHAVE_CONFIG_H -I. -I.. -I.. -g -O2 -MT bessel_Jnu.lo -MD -MP -MF .deps/bessel_Jnu.Tpo -c bessel_Jnu.c -o bessel_Jnu.o >/dev/null 2>&1
libtool: compile:  gcc -DHAVE_CONFIG_H -I. -I.. -I.. -g -O2 -MT bessel_J0.lo -MD -MP -MF .deps/bessel_J0.Tpo -c bessel_J0.c -o bessel_J0.o >/dev/null 2>&1
libtool: compile:  gcc -DHAVE_CONFIG_H -I. -I.. -I.. -g -O2 -MT airy_zero.lo -MD -MP -MF .deps/airy_zero.Tpo -c airy_zero.c -o airy_zero.o >/dev/null 2>&1
libtool: compile:  gcc -DHAVE_CONFIG_H -I. -I.. -I.. -g -O2 -MT bessel_Y0.lo -MD -MP -MF .deps/bessel_Y0.Tpo -c bessel_Y0.c -o bessel_Y0.o >/dev/null 2>&1
libtool: compile:  gcc -DHAVE_CONFIG_H -I. -I.. -I.. -g -O2 -MT bessel_Y1.lo -MD -MP -MF .deps/bessel_Y1.Tpo -c bessel_Y1.c -o bessel_Y1.o >/dev/null 2>&1
libtool: compile:  gcc -DHAVE_CONFIG_H -I. -I.. -I.. -g -O2 -MT bessel_J1.lo -MD -MP -MF .deps/bessel_J1.Tpo -c bessel_J1.c -o bessel_J1.o >/dev/null 2>&1
libtool: compile:  gcc -DHAVE_CONFIG_H -I. -I.. -I.. -g -O2 -MT bessel_I1.lo -MD -MP -MF .deps/bessel_I1.Tpo -c bessel_I1.c -o bessel_I1.o >/dev/null 2>&1
libtool: compile:  gcc -DHAVE_CONFIG_H -I. -I.. -I.. -g -O2 -MT bessel_I0.lo -MD -MP -MF .deps/bessel_I0.Tpo -c bessel_I0.c -o bessel_I0.o >/dev/null 2>&1
libtool: compile:  gcc -DHAVE_CONFIG_H -I. -I.. -I.. -g -O2 -MT bessel_Knu.lo -MD -MP -MF .deps/bessel_Knu.Tpo -c bessel_Knu.c -o bessel_Knu.o >/dev/null 2>&1
libtool: compile:  gcc -DHAVE_CONFIG_H -I. -I.. -I.. -g -O2 -MT bessel_In.lo -MD -MP -MF .deps/bessel_In.Tpo -c bessel_In.c -o bessel_In.o >/dev/null 2>&1
libtool: compile:  gcc -DHAVE_CONFIG_H -I. -I.. -I.. -g -O2 -MT bessel_j.lo -MD -MP -MF .deps/bessel_j.Tpo -c bessel_j.c  -fPIC -DPIC -o .libs/bessel_j.o
libtool: compile:  gcc -DHAVE_CONFIG_H -I. -I.. -I.. -g -O2 -MT airy_der.lo -MD -MP -MF .deps/airy_der.Tpo -c airy_der.c -o airy_der.o >/dev/null 2>&1
libtool: compile:  gcc -DHAVE_CONFIG_H -I. -I.. -I.. -g -O2 -MT bessel_i.lo -MD -MP -MF .deps/bessel_i.Tpo -c bessel_i.c -o bessel_i.o >/dev/null 2>&1
libtool: compile:  gcc -DHAVE_CONFIG_H -I. -I.. -I.. -g -O2 -MT airy.lo -MD -MP -MF .deps/airy.Tpo -c airy.c -o airy.o >/dev/null 2>&1
libtool: compile:  gcc -DHAVE_CONFIG_H -I. -I.. -I.. -g -O2 -MT bessel_k.lo -MD -MP -MF .deps/bessel_k.Tpo -c bessel_k.c  -fPIC -DPIC -o .libs/bessel_k.o
libtool: compile:  gcc -DHAVE_CONFIG_H -I. -I.. -I.. -g -O2 -MT bessel_temme.lo -MD -MP -MF .deps/bessel_temme.Tpo -c bessel_temme.c  -fPIC -DPIC -o .libs/bessel_temme.o
libtool: compile:  gcc -DHAVE_CONFIG_H -I. -I.. -I.. -g -O2 -MT bessel_olver.lo -MD -MP -MF .deps/bessel_olver.Tpo -c bessel_olver.c  -fPIC -DPIC -o .libs/bessel_olver.o
libtool: compile:  gcc -DHAVE_CONFIG_H -I. -I.. -I.. -g -O2 -MT bessel.lo -MD -MP -MF .deps/bessel.Tpo -c bessel.c -o bessel.o >/dev/null 2>&1
libtool: compile:  gcc -DHAVE_CONFIG_H -I. -I.. -I.. -g -O2 -MT bessel_y.lo -MD -MP -MF .deps/bessel_y.Tpo -c bessel_y.c  -fPIC -DPIC -o .libs/bessel_y.o
libtool: compile:  gcc -DHAVE_CONFIG_H -I. -I.. -I.. -g -O2 -MT bessel_zero.lo -MD -MP -MF .deps/bessel_zero.Tpo -c bessel_zero.c  -fPIC -DPIC -o .libs/bessel_zero.o
libtool: compile:  gcc -DHAVE_CONFIG_H -I. -I.. -I.. -g -O2 -MT beta_inc.lo -MD -MP -MF .deps/beta_inc.Tpo -c beta_inc.c  -fPIC -DPIC -o .libs/beta_inc.o
libtool: compile:  gcc -DHAVE_CONFIG_H -I. -I.. -I.. -g -O2 -MT coulomb.lo -MD -MP -MF .deps/coulomb.Tpo -c coulomb.c  -fPIC -DPIC -o .libs/coulomb.o
libtool: compile:  gcc -DHAVE_CONFIG_H -I. -I.. -I.. -g -O2 -MT bessel_sequence.lo -MD -MP -MF .deps/bessel_sequence.Tpo -c bessel_sequence.c  -fPIC -DPIC -o .libs/bessel_sequence.o
libtool: compile:  gcc -DHAVE_CONFIG_H -I. -I.. -I.. -g -O2 -MT beta.lo -MD -MP -MF .deps/beta.Tpo -c beta.c  -fPIC -DPIC -o .libs/beta.o
libtool: compile:  gcc -DHAVE_CONFIG_H -I. -I.. -I.. -g -O2 -MT coulomb_bound.lo -MD -MP -MF .deps/coulomb_bound.Tpo -c coulomb_bound.c  -fPIC -DPIC -o .libs/coulomb_bound.o
libtool: compile:  gcc -DHAVE_CONFIG_H -I. -I.. -I.. -g -O2 -MT dawson.lo -MD -MP -MF .deps/dawson.Tpo -c dawson.c  -fPIC -DPIC -o .libs/dawson.o
libtool: compile:  gcc -DHAVE_CONFIG_H -I. -I.. -I.. -g -O2 -MT clausen.lo -MD -MP -MF .deps/clausen.Tpo -c clausen.c  -fPIC -DPIC -o .libs/clausen.o
libtool: compile:  gcc -DHAVE_CONFIG_H -I. -I.. -I.. -g -O2 -MT coupling.lo -MD -MP -MF .deps/coupling.Tpo -c coupling.c  -fPIC -DPIC -o .libs/coupling.o
libtool: compile:  gcc -DHAVE_CONFIG_H -I. -I.. -I.. -g -O2 -MT debye.lo -MD -MP -MF .deps/debye.Tpo -c debye.c  -fPIC -DPIC -o .libs/debye.o
libtool: compile:  gcc -DHAVE_CONFIG_H -I. -I.. -I.. -g -O2 -MT elementary.lo -MD -MP -MF .deps/elementary.Tpo -c elementary.c  -fPIC -DPIC -o .libs/elementary.o
libtool: compile:  gcc -DHAVE_CONFIG_H -I. -I.. -I.. -g -O2 -MT dilog.lo -MD -MP -MF .deps/dilog.Tpo -c dilog.c  -fPIC -DPIC -o .libs/dilog.o
libtool: compile:  gcc -DHAVE_CONFIG_H -I. -I.. -I.. -g -O2 -MT bessel_temme.lo -MD -MP -MF .deps/bessel_temme.Tpo -c bessel_temme.c -o bessel_temme.o >/dev/null 2>&1
libtool: compile:  gcc -DHAVE_CONFIG_H -I. -I.. -I.. -g -O2 -MT bessel_j.lo -MD -MP -MF .deps/bessel_j.Tpo -c bessel_j.c -o bessel_j.o >/dev/null 2>&1
libtool: compile:  gcc -DHAVE_CONFIG_H -I. -I.. -I.. -g -O2 -MT bessel_k.lo -MD -MP -MF .deps/bessel_k.Tpo -c bessel_k.c -o bessel_k.o >/dev/null 2>&1
libtool: compile:  gcc -DHAVE_CONFIG_H -I. -I.. -I.. -g -O2 -MT ellint.lo -MD -MP -MF .deps/ellint.Tpo -c ellint.c  -fPIC -DPIC -o .libs/ellint.o
libtool: compile:  gcc -DHAVE_CONFIG_H -I. -I.. -I.. -g -O2 -MT elljac.lo -MD -MP -MF .deps/elljac.Tpo -c elljac.c  -fPIC -DPIC -o .libs/elljac.o
libtool: compile:  gcc -DHAVE_CONFIG_H -I. -I.. -I.. -g -O2 -MT alf_P.lo -MD -MP -MF .deps/alf_P.Tpo -c alf_P.c -o alf_P.o >/dev/null 2>&1
libtool: compile:  gcc -DHAVE_CONFIG_H -I. -I.. -I.. -g -O2 -MT beta_inc.lo -MD -MP -MF .deps/beta_inc.Tpo -c beta_inc.c -o beta_inc.o >/dev/null 2>&1
libtool: compile:  gcc -DHAVE_CONFIG_H -I. -I.. -I.. -g -O2 -MT beta.lo -MD -MP -MF .deps/beta.Tpo -c beta.c -o beta.o >/dev/null 2>&1
libtool: compile:  gcc -DHAVE_CONFIG_H -I. -I.. -I.. -g -O2 -MT bessel_y.lo -MD -MP -MF .deps/bessel_y.Tpo -c bessel_y.c -o bessel_y.o >/dev/null 2>&1
libtool: compile:  gcc -DHAVE_CONFIG_H -I. -I.. -I.. -g -O2 -MT bessel_sequence.lo -MD -MP -MF .deps/bessel_sequence.Tpo -c bessel_sequence.c -o bessel_sequence.o >/dev/null 2>&1
libtool: compile:  gcc -DHAVE_CONFIG_H -I. -I.. -I.. -g -O2 -MT dawson.lo -MD -MP -MF .deps/dawson.Tpo -c dawson.c -o dawson.o >/dev/null 2>&1
libtool: compile:  gcc -DHAVE_CONFIG_H -I. -I.. -I.. -g -O2 -MT clausen.lo -MD -MP -MF .deps/clausen.Tpo -c clausen.c -o clausen.o >/dev/null 2>&1
libtool: compile:  gcc -DHAVE_CONFIG_H -I. -I.. -I.. -g -O2 -MT coulomb_bound.lo -MD -MP -MF .deps/coulomb_bound.Tpo -c coulomb_bound.c -o coulomb_bound.o >/dev/null 2>&1
libtool: compile:  gcc -DHAVE_CONFIG_H -I. -I.. -I.. -g -O2 -MT elementary.lo -MD -MP -MF .deps/elementary.Tpo -c elementary.c -o elementary.o >/dev/null 2>&1
libtool: compile:  gcc -DHAVE_CONFIG_H -I. -I.. -I.. -g -O2 -MT bessel_zero.lo -MD -MP -MF .deps/bessel_zero.Tpo -c bessel_zero.c -o bessel_zero.o >/dev/null 2>&1
libtool: compile:  gcc -DHAVE_CONFIG_H -I. -I.. -I.. -g -O2 -MT erfc.lo -MD -MP -MF .deps/erfc.Tpo -c erfc.c  -fPIC -DPIC -o .libs/erfc.o
libtool: compile:  gcc -DHAVE_CONFIG_H -I. -I.. -I.. -g -O2 -MT elljac.lo -MD -MP -MF .deps/elljac.Tpo -c elljac.c -o elljac.o >/dev/null 2>&1
libtool: compile:  gcc -DHAVE_CONFIG_H -I. -I.. -I.. -g -O2 -MT expint3.lo -MD -MP -MF .deps/expint3.Tpo -c expint3.c  -fPIC -DPIC -o .libs/expint3.o
libtool: compile:  gcc -DHAVE_CONFIG_H -I. -I.. -I.. -g -O2 -MT gamma.lo -MD -MP -MF .deps/gamma.Tpo -c gamma.c  -fPIC -DPIC -o .libs/gamma.o
libtool: compile:  gcc -DHAVE_CONFIG_H -I. -I.. -I.. -g -O2 -MT gegenbauer.lo -MD -MP -MF .deps/gegenbauer.Tpo -c gegenbauer.c  -fPIC -DPIC -o .libs/gegenbauer.o
libtool: compile:  gcc -DHAVE_CONFIG_H -I. -I.. -I.. -g -O2 -MT exp.lo -MD -MP -MF .deps/exp.Tpo -c exp.c  -fPIC -DPIC -o .libs/exp.o
libtool: compile:  gcc -DHAVE_CONFIG_H -I. -I.. -I.. -g -O2 -MT bessel_olver.lo -MD -MP -MF .deps/bessel_olver.Tpo -c bessel_olver.c -o bessel_olver.o >/dev/null 2>&1
libtool: compile:  gcc -DHAVE_CONFIG_H -I. -I.. -I.. -g -O2 -MT expint.lo -MD -MP -MF .deps/expint.Tpo -c expint.c  -fPIC -DPIC -o .libs/expint.o
libtool: compile:  gcc -DHAVE_CONFIG_H -I. -I.. -I.. -g -O2 -MT fermi_dirac.lo -MD -MP -MF .deps/fermi_dirac.Tpo -c fermi_dirac.c  -fPIC -DPIC -o .libs/fermi_dirac.o
libtool: compile:  gcc -DHAVE_CONFIG_H -I. -I.. -I.. -g -O2 -MT debye.lo -MD -MP -MF .deps/debye.Tpo -c debye.c -o debye.o >/dev/null 2>&1
libtool: compile:  gcc -DHAVE_CONFIG_H -I. -I.. -I.. -g -O2 -MT dilog.lo -MD -MP -MF .deps/dilog.Tpo -c dilog.c -o dilog.o >/dev/null 2>&1
libtool: compile:  gcc -DHAVE_CONFIG_H -I. -I.. -I.. -g -O2 -MT hermite.lo -MD -MP -MF .deps/hermite.Tpo -c hermite.c  -fPIC -DPIC -o .libs/hermite.o
libtool: compile:  gcc -DHAVE_CONFIG_H -I. -I.. -I.. -g -O2 -MT gamma_inc.lo -MD -MP -MF .deps/gamma_inc.Tpo -c gamma_inc.c  -fPIC -DPIC -o .libs/gamma_inc.o
libtool: compile:  gcc -DHAVE_CONFIG_H -I. -I.. -I.. -g -O2 -MT hyperg_0F1.lo -MD -MP -MF .deps/hyperg_0F1.Tpo -c hyperg_0F1.c  -fPIC -DPIC -o .libs/hyperg_0F1.o
libtool: compile:  gcc -DHAVE_CONFIG_H -I. -I.. -I.. -g -O2 -MT coupling.lo -MD -MP -MF .deps/coupling.Tpo -c coupling.c -o coupling.o >/dev/null 2>&1
libtool: compile:  gcc -DHAVE_CONFIG_H -I. -I.. -I.. -g -O2 -MT hyperg_1F1.lo -MD -MP -MF .deps/hyperg_1F1.Tpo -c hyperg_1F1.c  -fPIC -DPIC -o .libs/hyperg_1F1.o
libtool: compile:  gcc -DHAVE_CONFIG_H -I. -I.. -I.. -g -O2 -MT hyperg_2F1.lo -MD -MP -MF .deps/hyperg_2F1.Tpo -c hyperg_2F1.c  -fPIC -DPIC -o .libs/hyperg_2F1.o
libtool: compile:  gcc -DHAVE_CONFIG_H -I. -I.. -I.. -g -O2 -MT hyperg_2F0.lo -MD -MP -MF .deps/hyperg_2F0.Tpo -c hyperg_2F0.c  -fPIC -DPIC -o .libs/hyperg_2F0.o
libtool: compile:  gcc -DHAVE_CONFIG_H -I. -I.. -I.. -g -O2 -MT erfc.lo -MD -MP -MF .deps/erfc.Tpo -c erfc.c -o erfc.o >/dev/null 2>&1
libtool: compile:  gcc -DHAVE_CONFIG_H -I. -I.. -I.. -g -O2 -MT expint3.lo -MD -MP -MF .deps/expint3.Tpo -c expint3.c -o expint3.o >/dev/null 2>&1
libtool: compile:  gcc -DHAVE_CONFIG_H -I. -I.. -I.. -g -O2 -MT hyperg_U.lo -MD -MP -MF .deps/hyperg_U.Tpo -c hyperg_U.c  -fPIC -DPIC -o .libs/hyperg_U.o
libtool: compile:  gcc -DHAVE_CONFIG_H -I. -I.. -I.. -g -O2 -MT inline.lo -MD -MP -MF .deps/inline.Tpo -c inline.c  -fPIC -DPIC -o .libs/inline.o
libtool: compile:  gcc -DHAVE_CONFIG_H -I. -I.. -I.. -g -O2 -MT hyperg.lo -MD -MP -MF .deps/hyperg.Tpo -c hyperg.c  -fPIC -DPIC -o .libs/hyperg.o
libtool: compile:  gcc -DHAVE_CONFIG_H -I. -I.. -I.. -g -O2 -MT gegenbauer.lo -MD -MP -MF .deps/gegenbauer.Tpo -c gegenbauer.c -o gegenbauer.o >/dev/null 2>&1
libtool: compile:  gcc -DHAVE_CONFIG_H -I. -I.. -I.. -g -O2 -MT laguerre.lo -MD -MP -MF .deps/laguerre.Tpo -c laguerre.c  -fPIC -DPIC -o .libs/laguerre.o
libtool: compile:  gcc -DHAVE_CONFIG_H -I. -I.. -I.. -g -O2 -MT hyperg_2F0.lo -MD -MP -MF .deps/hyperg_2F0.Tpo -c hyperg_2F0.c -o hyperg_2F0.o >/dev/null 2>&1
libtool: compile:  gcc -DHAVE_CONFIG_H -I. -I.. -I.. -g -O2 -MT hyperg_0F1.lo -MD -MP -MF .deps/hyperg_0F1.Tpo -c hyperg_0F1.c -o hyperg_0F1.o >/dev/null 2>&1
libtool: compile:  gcc -DHAVE_CONFIG_H -I. -I.. -I.. -g -O2 -MT inline.lo -MD -MP -MF .deps/inline.Tpo -c inline.c -o inline.o >/dev/null 2>&1
libtool: compile:  gcc -DHAVE_CONFIG_H -I. -I.. -I.. -g -O2 -MT coulomb.lo -MD -MP -MF .deps/coulomb.Tpo -c coulomb.c -o coulomb.o >/dev/null 2>&1
libtool: compile:  gcc -DHAVE_CONFIG_H -I. -I.. -I.. -g -O2 -MT ellint.lo -MD -MP -MF .deps/ellint.Tpo -c ellint.c -o ellint.o >/dev/null 2>&1
libtool: compile:  gcc -DHAVE_CONFIG_H -I. -I.. -I.. -g -O2 -MT expint.lo -MD -MP -MF .deps/expint.Tpo -c expint.c -o expint.o >/dev/null 2>&1
libtool: compile:  gcc -DHAVE_CONFIG_H -I. -I.. -I.. -g -O2 -MT lambert.lo -MD -MP -MF .deps/lambert.Tpo -c lambert.c  -fPIC -DPIC -o .libs/lambert.o
libtool: compile:  gcc -DHAVE_CONFIG_H -I. -I.. -I.. -g -O2 -MT hyperg.lo -MD -MP -MF .deps/hyperg.Tpo -c hyperg.c -o hyperg.o >/dev/null 2>&1
libtool: compile:  gcc -DHAVE_CONFIG_H -I. -I.. -I.. -g -O2 -MT laguerre.lo -MD -MP -MF .deps/laguerre.Tpo -c laguerre.c -o laguerre.o >/dev/null 2>&1
libtool: compile:  gcc -DHAVE_CONFIG_H -I. -I.. -I.. -g -O2 -MT exp.lo -MD -MP -MF .deps/exp.Tpo -c exp.c -o exp.o >/dev/null 2>&1
libtool: compile:  gcc -DHAVE_CONFIG_H -I. -I.. -I.. -g -O2 -MT legendre_H3d.lo -MD -MP -MF .deps/legendre_H3d.Tpo -c legendre_H3d.c  -fPIC -DPIC -o .libs/legendre_H3d.o
libtool: compile:  gcc -DHAVE_CONFIG_H -I. -I.. -I.. -g -O2 -MT legendre_con.lo -MD -MP -MF .deps/legendre_con.Tpo -c legendre_con.c  -fPIC -DPIC -o .libs/legendre_con.o
libtool: compile:  gcc -DHAVE_CONFIG_H -I. -I.. -I.. -g -O2 -MT legendre_Qn.lo -MD -MP -MF .deps/legendre_Qn.Tpo -c legendre_Qn.c  -fPIC -DPIC -o .libs/legendre_Qn.o
libtool: compile:  gcc -DHAVE_CONFIG_H -I. -I.. -I.. -g -O2 -MT legendre_P.lo -MD -MP -MF .deps/legendre_P.Tpo -c legendre_P.c  -fPIC -DPIC -o .libs/legendre_P.o
libtool: compile:  gcc -DHAVE_CONFIG_H -I. -I.. -I.. -g -O2 -MT legendre_poly.lo -MD -MP -MF .deps/legendre_poly.Tpo -c legendre_poly.c  -fPIC -DPIC -o .libs/legendre_poly.o
libtool: compile:  gcc -DHAVE_CONFIG_H -I. -I.. -I.. -g -O2 -MT lambert.lo -MD -MP -MF .deps/lambert.Tpo -c lambert.c -o lambert.o >/dev/null 2>&1
libtool: compile:  gcc -DHAVE_CONFIG_H -I. -I.. -I.. -g -O2 -MT gamma.lo -MD -MP -MF .deps/gamma.Tpo -c gamma.c -o gamma.o >/dev/null 2>&1
libtool: compile:  gcc -DHAVE_CONFIG_H -I. -I.. -I.. -g -O2 -MT gamma_inc.lo -MD -MP -MF .deps/gamma_inc.Tpo -c gamma_inc.c -o gamma_inc.o >/dev/null 2>&1
libtool: compile:  gcc -DHAVE_CONFIG_H -I. -I.. -I.. -g -O2 -MT log.lo -MD -MP -MF .deps/log.Tpo -c log.c  -fPIC -DPIC -o .libs/log.o
libtool: compile:  gcc -DHAVE_CONFIG_H -I. -I.. -I.. -g -O2 -MT mathieu_coeff.lo -MD -MP -MF .deps/mathieu_coeff.Tpo -c mathieu_coeff.c  -fPIC -DPIC -o .libs/mathieu_coeff.o
libtool: compile:  gcc -DHAVE_CONFIG_H -I. -I.. -I.. -g -O2 -MT mathieu_angfunc.lo -MD -MP -MF .deps/mathieu_angfunc.Tpo -c mathieu_angfunc.c  -fPIC -DPIC -o .libs/mathieu_angfunc.o
libtool: compile:  gcc -DHAVE_CONFIG_H -I. -I.. -I.. -g -O2 -MT mathieu_charv.lo -MD -MP -MF .deps/mathieu_charv.Tpo -c mathieu_charv.c  -fPIC -DPIC -o .libs/mathieu_charv.o
libtool: compile:  gcc -DHAVE_CONFIG_H -I. -I.. -I.. -g -O2 -MT fermi_dirac.lo -MD -MP -MF .deps/fermi_dirac.Tpo -c fermi_dirac.c -o fermi_dirac.o >/dev/null 2>&1
libtool: compile:  gcc -DHAVE_CONFIG_H -I. -I.. -I.. -g -O2 -MT log.lo -MD -MP -MF .deps/log.Tpo -c log.c -o log.o >/dev/null 2>&1
libtool: compile:  gcc -DHAVE_CONFIG_H -I. -I.. -I.. -g -O2 -MT mathieu_radfunc.lo -MD -MP -MF .deps/mathieu_radfunc.Tpo -c mathieu_radfunc.c  -fPIC -DPIC -o .libs/mathieu_radfunc.o
libtool: compile:  gcc -DHAVE_CONFIG_H -I. -I.. -I.. -g -O2 -MT mathieu_workspace.lo -MD -MP -MF .deps/mathieu_workspace.Tpo -c mathieu_workspace.c  -fPIC -DPIC -o .libs/mathieu_workspace.o
libtool: compile:  gcc -DHAVE_CONFIG_H -I. -I.. -I.. -g -O2 -MT poch.lo -MD -MP -MF .deps/poch.Tpo -c poch.c  -fPIC -DPIC -o .libs/poch.o
libtool: compile:  gcc -DHAVE_CONFIG_H -I. -I.. -I.. -g -O2 -MT pow_int.lo -MD -MP -MF .deps/pow_int.Tpo -c pow_int.c  -fPIC -DPIC -o .libs/pow_int.o
libtool: compile:  gcc -DHAVE_CONFIG_H -I. -I.. -I.. -g -O2 -MT psi.lo -MD -MP -MF .deps/psi.Tpo -c psi.c  -fPIC -DPIC -o .libs/psi.o
libtool: compile:  gcc -DHAVE_CONFIG_H -I. -I.. -I.. -g -O2 -MT hyperg_2F1.lo -MD -MP -MF .deps/hyperg_2F1.Tpo -c hyperg_2F1.c -o hyperg_2F1.o >/dev/null 2>&1
libtool: compile:  gcc -DHAVE_CONFIG_H -I. -I.. -I.. -g -O2 -MT legendre_H3d.lo -MD -MP -MF .deps/legendre_H3d.Tpo -c legendre_H3d.c -o legendre_H3d.o >/dev/null 2>&1
libtool: compile:  gcc -DHAVE_CONFIG_H -I. -I.. -I.. -g -O2 -MT legendre_Qn.lo -MD -MP -MF .deps/legendre_Qn.Tpo -c legendre_Qn.c -o legendre_Qn.o >/dev/null 2>&1
libtool: compile:  gcc -DHAVE_CONFIG_H -I. -I.. -I.. -g -O2 -MT pow_int.lo -MD -MP -MF .deps/pow_int.Tpo -c pow_int.c -o pow_int.o >/dev/null 2>&1
libtool: compile:  gcc -DHAVE_CONFIG_H -I. -I.. -I.. -g -O2 -MT mathieu_coeff.lo -MD -MP -MF .deps/mathieu_coeff.Tpo -c mathieu_coeff.c -o mathieu_coeff.o >/dev/null 2>&1
libtool: compile:  gcc -DHAVE_CONFIG_H -I. -I.. -I.. -g -O2 -MT result.lo -MD -MP -MF .deps/result.Tpo -c result.c  -fPIC -DPIC -o .libs/result.o
libtool: compile:  gcc -DHAVE_CONFIG_H -I. -I.. -I.. -g -O2 -MT mathieu_angfunc.lo -MD -MP -MF .deps/mathieu_angfunc.Tpo -c mathieu_angfunc.c -o mathieu_angfunc.o >/dev/null 2>&1
libtool: compile:  gcc -DHAVE_CONFIG_H -I. -I.. -I.. -g -O2 -MT shint.lo -MD -MP -MF .deps/shint.Tpo -c shint.c  -fPIC -DPIC -o .libs/shint.o
libtool: compile:  gcc -DHAVE_CONFIG_H -I. -I.. -I.. -g -O2 -MT mathieu_workspace.lo -MD -MP -MF .deps/mathieu_workspace.Tpo -c mathieu_workspace.c -o mathieu_workspace.o >/dev/null 2>&1
libtool: compile:  gcc -DHAVE_CONFIG_H -I. -I.. -I.. -g -O2 -MT hyperg_1F1.lo -MD -MP -MF .deps/hyperg_1F1.Tpo -c hyperg_1F1.c -o hyperg_1F1.o >/dev/null 2>&1
libtool: compile:  gcc -DHAVE_CONFIG_H -I. -I.. -I.. -g -O2 -MT legendre_poly.lo -MD -MP -MF .deps/legendre_poly.Tpo -c legendre_poly.c -o legendre_poly.o >/dev/null 2>&1
libtool: compile:  gcc -DHAVE_CONFIG_H -I. -I.. -I.. -g -O2 -MT result.lo -MD -MP -MF .deps/result.Tpo -c result.c -o result.o >/dev/null 2>&1
libtool: compile:  gcc -DHAVE_CONFIG_H -I. -I.. -I.. -g -O2 -MT poch.lo -MD -MP -MF .deps/poch.Tpo -c poch.c -o poch.o >/dev/null 2>&1
libtool: compile:  gcc -DHAVE_CONFIG_H -I. -I.. -I.. -g -O2 -MT sincos_pi.lo -MD -MP -MF .deps/sincos_pi.Tpo -c sincos_pi.c  -fPIC -DPIC -o .libs/sincos_pi.o
libtool: compile:  gcc -DHAVE_CONFIG_H -I. -I.. -I.. -g -O2 -MT sinint.lo -MD -MP -MF .deps/sinint.Tpo -c sinint.c  -fPIC -DPIC -o .libs/sinint.o
libtool: compile:  gcc -DHAVE_CONFIG_H -I. -I.. -I.. -g -O2 -MT mathieu_radfunc.lo -MD -MP -MF .deps/mathieu_radfunc.Tpo -c mathieu_radfunc.c -o mathieu_radfunc.o >/dev/null 2>&1
libtool: compile:  gcc -DHAVE_CONFIG_H -I. -I.. -I.. -g -O2 -MT synchrotron.lo -MD -MP -MF .deps/synchrotron.Tpo -c synchrotron.c  -fPIC -DPIC -o .libs/synchrotron.o
libtool: compile:  gcc -DHAVE_CONFIG_H -I. -I.. -I.. -g -O2 -MT shint.lo -MD -MP -MF .deps/shint.Tpo -c shint.c -o shint.o >/dev/null 2>&1
libtool: compile:  gcc -DHAVE_CONFIG_H -I. -I.. -I.. -g -O2 -MT transport.lo -MD -MP -MF .deps/transport.Tpo -c transport.c  -fPIC -DPIC -o .libs/transport.o
libtool: compile:  gcc -DHAVE_CONFIG_H -I. -I.. -I.. -g -O2 -MT hermite.lo -MD -MP -MF .deps/hermite.Tpo -c hermite.c -o hermite.o >/dev/null 2>&1
libtool: compile:  gcc -DHAVE_CONFIG_H -I. -I.. -I.. -g -O2 -MT psi.lo -MD -MP -MF .deps/psi.Tpo -c psi.c -o psi.o >/dev/null 2>&1
libtool: compile:  gcc -DHAVE_CONFIG_H -I. -I.. -I.. -g -O2 -MT trig.lo -MD -MP -MF .deps/trig.Tpo -c trig.c  -fPIC -DPIC -o .libs/trig.o
libtool: compile:  gcc -DHAVE_CONFIG_H -I. -I.. -I.. -g -O2 -MT mathieu_charv.lo -MD -MP -MF .deps/mathieu_charv.Tpo -c mathieu_charv.c -o mathieu_charv.o >/dev/null 2>&1
libtool: compile:  gcc -DHAVE_CONFIG_H -I. -I.. -I.. -g -O2 -MT zeta.lo -MD -MP -MF .deps/zeta.Tpo -c zeta.c  -fPIC -DPIC -o .libs/zeta.o
libtool: compile:  gcc -DHAVE_CONFIG_H -I. -I.. -I.. -g -O2 -MT legendre_P.lo -MD -MP -MF .deps/legendre_P.Tpo -c legendre_P.c -o legendre_P.o >/dev/null 2>&1
libtool: compile:  gcc -DHAVE_CONFIG_H -I. -I.. -I.. -g -O2 -MT sincos_pi.lo -MD -MP -MF .deps/sincos_pi.Tpo -c sincos_pi.c -o sincos_pi.o >/dev/null 2>&1
libtool: compile:  gcc -DHAVE_CONFIG_H -I. -I.. -I.. -g -O2 -MT sinint.lo -MD -MP -MF .deps/sinint.Tpo -c sinint.c -o sinint.o >/dev/null 2>&1
libtool: compile:  gcc -DHAVE_CONFIG_H -I. -I.. -I.. -g -O2 -MT legendre_con.lo -MD -MP -MF .deps/legendre_con.Tpo -c legendre_con.c -o legendre_con.o >/dev/null 2>&1
libtool: compile:  gcc -DHAVE_CONFIG_H -I. -I.. -I.. -g -O2 -MT synchrotron.lo -MD -MP -MF .deps/synchrotron.Tpo -c synchrotron.c -o synchrotron.o >/dev/null 2>&1
libtool: compile:  gcc -DHAVE_CONFIG_H -I. -I.. -I.. -g -O2 -MT hyperg_U.lo -MD -MP -MF .deps/hyperg_U.Tpo -c hyperg_U.c -o hyperg_U.o >/dev/null 2>&1
libtool: compile:  gcc -DHAVE_CONFIG_H -I. -I.. -I.. -g -O2 -MT transport.lo -MD -MP -MF .deps/transport.Tpo -c transport.c -o transport.o >/dev/null 2>&1
libtool: compile:  gcc -DHAVE_CONFIG_H -I. -I.. -I.. -g -O2 -MT zeta.lo -MD -MP -MF .deps/zeta.Tpo -c zeta.c -o zeta.o >/dev/null 2>&1
libtool: compile:  gcc -DHAVE_CONFIG_H -I. -I.. -I.. -g -O2 -MT trig.lo -MD -MP -MF .deps/trig.Tpo -c trig.c -o trig.o >/dev/null 2>&1
libtool: link: ar cr .libs/libgslspecfunc.a .libs/airy.o .libs/airy_der.o .libs/airy_zero.o .libs/alf_P.o .libs/atanint.o .libs/bessel.o .libs/bessel_I0.o .libs/bessel_I1.o .libs/bessel_In.o .libs/bessel_Inu.o .libs/bessel_J0.o .libs/bessel_J1.o .libs/bessel_Jn.o .libs/bessel_Jnu.o .libs/bessel_K0.o .libs/bessel_K1.o .libs/bessel_Kn.o .libs/bessel_Knu.o .libs/bessel_Y0.o .libs/bessel_Y1.o .libs/bessel_Yn.o .libs/bessel_Ynu.o .libs/bessel_amp_phase.o .libs/bessel_i.o .libs/bessel_j.o .libs/bessel_k.o .libs/bessel_olver.o .libs/bessel_temme.o .libs/bessel_y.o .libs/bessel_zero.o .libs/bessel_sequence.o .libs/beta.o .libs/beta_inc.o .libs/clausen.o .libs/coulomb.o .libs/coupling.o .libs/coulomb_bound.o .libs/dawson.o .libs/debye.o .libs/dilog.o .libs/elementary.o .libs/ellint.o .libs/elljac.o .libs/erfc.o .libs/exp.o .libs/expint.o .libs/expint3.o .libs/fermi_dirac.o .libs/gegenbauer.o .libs/gamma.o .libs/gamma_inc.o .libs/hermite.o .libs/hyperg_0F1.o .libs/hyperg_2F0.o .libs/hyperg_1F1.o .libs/hyperg_2F1.o .libs/hyperg_U.o .libs/hyperg.o .libs/inline.o .libs/laguerre.o .libs/lambert.o .libs/legendre_H3d.o .libs/legendre_P.o .libs/legendre_Qn.o .libs/legendre_con.o .libs/legendre_poly.o .libs/log.o .libs/mathieu_angfunc.o .libs/mathieu_charv.o .libs/mathieu_coeff.o .libs/mathieu_radfunc.o .libs/mathieu_workspace.o .libs/poch.o .libs/pow_int.o .libs/psi.o .libs/result.o .libs/shint.o .libs/sincos_pi.o .libs/sinint.o .libs/synchrotron.o .libs/transport.o .libs/trig.o .libs/zeta.o 
libtool: link: ranlib .libs/libgslspecfunc.a
libtool: link: ( cd ".libs" && rm -f "libgslspecfunc.la" && ln -s "../libgslspecfunc.la" "libgslspecfunc.la" )
Making all in dht
libtool: compile:  gcc -DHAVE_CONFIG_H -I. -I.. -I.. -g -O2 -MT dht.lo -MD -MP -MF .deps/dht.Tpo -c dht.c  -fPIC -DPIC -o .libs/dht.o
libtool: compile:  gcc -DHAVE_CONFIG_H -I. -I.. -I.. -g -O2 -MT dht.lo -MD -MP -MF .deps/dht.Tpo -c dht.c -o dht.o >/dev/null 2>&1
libtool: link: ar cr .libs/libgsldht.a .libs/dht.o 
libtool: link: ranlib .libs/libgsldht.a
libtool: link: ( cd ".libs" && rm -f "libgsldht.la" && ln -s "../libgsldht.la" "libgsldht.la" )
Making all in qrng
libtool: compile:  gcc -DHAVE_CONFIG_H -I. -I.. -I.. -g -O2 -MT qrng.lo -MD -MP -MF .deps/qrng.Tpo -c qrng.c  -fPIC -DPIC -o .libs/qrng.o
libtool: compile:  gcc -DHAVE_CONFIG_H -I. -I.. -I.. -g -O2 -MT reversehalton.lo -MD -MP -MF .deps/reversehalton.Tpo -c reversehalton.c  -fPIC -DPIC -o .libs/reversehalton.o
libtool: compile:  gcc -DHAVE_CONFIG_H -I. -I.. -I.. -g -O2 -MT niederreiter-2.lo -MD -MP -MF .deps/niederreiter-2.Tpo -c niederreiter-2.c  -fPIC -DPIC -o .libs/niederreiter-2.o
libtool: compile:  gcc -DHAVE_CONFIG_H -I. -I.. -I.. -g -O2 -MT halton.lo -MD -MP -MF .deps/halton.Tpo -c halton.c  -fPIC -DPIC -o .libs/halton.o
libtool: compile:  gcc -DHAVE_CONFIG_H -I. -I.. -I.. -g -O2 -MT sobol.lo -MD -MP -MF .deps/sobol.Tpo -c sobol.c  -fPIC -DPIC -o .libs/sobol.o
libtool: compile:  gcc -DHAVE_CONFIG_H -I. -I.. -I.. -g -O2 -MT inline.lo -MD -MP -MF .deps/inline.Tpo -c inline.c  -fPIC -DPIC -o .libs/inline.o
libtool: compile:  gcc -DHAVE_CONFIG_H -I. -I.. -I.. -g -O2 -MT reversehalton.lo -MD -MP -MF .deps/reversehalton.Tpo -c reversehalton.c -o reversehalton.o >/dev/null 2>&1
libtool: compile:  gcc -DHAVE_CONFIG_H -I. -I.. -I.. -g -O2 -MT halton.lo -MD -MP -MF .deps/halton.Tpo -c halton.c -o halton.o >/dev/null 2>&1
libtool: compile:  gcc -DHAVE_CONFIG_H -I. -I.. -I.. -g -O2 -MT inline.lo -MD -MP -MF .deps/inline.Tpo -c inline.c -o inline.o >/dev/null 2>&1
libtool: compile:  gcc -DHAVE_CONFIG_H -I. -I.. -I.. -g -O2 -MT qrng.lo -MD -MP -MF .deps/qrng.Tpo -c qrng.c -o qrng.o >/dev/null 2>&1
libtool: compile:  gcc -DHAVE_CONFIG_H -I. -I.. -I.. -g -O2 -MT sobol.lo -MD -MP -MF .deps/sobol.Tpo -c sobol.c -o sobol.o >/dev/null 2>&1
libtool: compile:  gcc -DHAVE_CONFIG_H -I. -I.. -I.. -g -O2 -MT niederreiter-2.lo -MD -MP -MF .deps/niederreiter-2.Tpo -c niederreiter-2.c -o niederreiter-2.o >/dev/null 2>&1
libtool: link: ar cr .libs/libgslqrng.a .libs/qrng.o .libs/niederreiter-2.o .libs/sobol.o .libs/halton.o .libs/reversehalton.o .libs/inline.o 
libtool: link: ranlib .libs/libgslqrng.a
libtool: link: ( cd ".libs" && rm -f "libgslqrng.la" && ln -s "../libgslqrng.la" "libgslqrng.la" )
Making all in rng
libtool: compile:  gcc -DHAVE_CONFIG_H -I. -I.. -I.. -g -O2 -MT knuthran.lo -MD -MP -MF .deps/knuthran.Tpo -c knuthran.c  -fPIC -DPIC -o .libs/knuthran.o
libtool: compile:  gcc -DHAVE_CONFIG_H -I. -I.. -I.. -g -O2 -MT coveyou.lo -MD -MP -MF .deps/coveyou.Tpo -c coveyou.c  -fPIC -DPIC -o .libs/coveyou.o
libtool: compile:  gcc -DHAVE_CONFIG_H -I. -I.. -I.. -g -O2 -MT knuthran2002.lo -MD -MP -MF .deps/knuthran2002.Tpo -c knuthran2002.c  -fPIC -DPIC -o .libs/knuthran2002.o
libtool: compile:  gcc -DHAVE_CONFIG_H -I. -I.. -I.. -g -O2 -MT gfsr4.lo -MD -MP -MF .deps/gfsr4.Tpo -c gfsr4.c  -fPIC -DPIC -o .libs/gfsr4.o
libtool: compile:  gcc -DHAVE_CONFIG_H -I. -I.. -I.. -g -O2 -MT ran0.lo -MD -MP -MF .deps/ran0.Tpo -c ran0.c  -fPIC -DPIC -o .libs/ran0.o
libtool: compile:  gcc -DHAVE_CONFIG_H -I. -I.. -I.. -g -O2 -MT file.lo -MD -MP -MF .deps/file.Tpo -c file.c  -fPIC -DPIC -o .libs/file.o
libtool: compile:  gcc -DHAVE_CONFIG_H -I. -I.. -I.. -g -O2 -MT knuthran2.lo -MD -MP -MF .deps/knuthran2.Tpo -c knuthran2.c  -fPIC -DPIC -o .libs/knuthran2.o
libtool: compile:  gcc -DHAVE_CONFIG_H -I. -I.. -I.. -g -O2 -MT fishman20.lo -MD -MP -MF .deps/fishman20.Tpo -c fishman20.c  -fPIC -DPIC -o .libs/fishman20.o
libtool: compile:  gcc -DHAVE_CONFIG_H -I. -I.. -I.. -g -O2 -MT minstd.lo -MD -MP -MF .deps/minstd.Tpo -c minstd.c  -fPIC -DPIC -o .libs/minstd.o
libtool: compile:  gcc -DHAVE_CONFIG_H -I. -I.. -I.. -g -O2 -MT cmrg.lo -MD -MP -MF .deps/cmrg.Tpo -c cmrg.c  -fPIC -DPIC -o .libs/cmrg.o
libtool: compile:  gcc -DHAVE_CONFIG_H -I. -I.. -I.. -g -O2 -MT borosh13.lo -MD -MP -MF .deps/borosh13.Tpo -c borosh13.c  -fPIC -DPIC -o .libs/borosh13.o
libtool: compile:  gcc -DHAVE_CONFIG_H -I. -I.. -I.. -g -O2 -MT mt.lo -MD -MP -MF .deps/mt.Tpo -c mt.c  -fPIC -DPIC -o .libs/mt.o
libtool: compile:  gcc -DHAVE_CONFIG_H -I. -I.. -I.. -g -O2 -MT mrg.lo -MD -MP -MF .deps/mrg.Tpo -c mrg.c  -fPIC -DPIC -o .libs/mrg.o
libtool: compile:  gcc -DHAVE_CONFIG_H -I. -I.. -I.. -g -O2 -MT default.lo -MD -MP -MF .deps/default.Tpo -c default.c  -fPIC -DPIC -o .libs/default.o
libtool: compile:  gcc -DHAVE_CONFIG_H -I. -I.. -I.. -g -O2 -MT ran3.lo -MD -MP -MF .deps/ran3.Tpo -c ran3.c  -fPIC -DPIC -o .libs/ran3.o
libtool: compile:  gcc -DHAVE_CONFIG_H -I. -I.. -I.. -g -O2 -MT rand48.lo -MD -MP -MF .deps/rand48.Tpo -c rand48.c  -fPIC -DPIC -o .libs/rand48.o
libtool: compile:  gcc -DHAVE_CONFIG_H -I. -I.. -I.. -g -O2 -MT r250.lo -MD -MP -MF .deps/r250.Tpo -c r250.c  -fPIC -DPIC -o .libs/r250.o
libtool: compile:  gcc -DHAVE_CONFIG_H -I. -I.. -I.. -g -O2 -MT lecuyer21.lo -MD -MP -MF .deps/lecuyer21.Tpo -c lecuyer21.c  -fPIC -DPIC -o .libs/lecuyer21.o
libtool: compile:  gcc -DHAVE_CONFIG_H -I. -I.. -I.. -g -O2 -MT ran2.lo -MD -MP -MF .deps/ran2.Tpo -c ran2.c  -fPIC -DPIC -o .libs/ran2.o
libtool: compile:  gcc -DHAVE_CONFIG_H -I. -I.. -I.. -g -O2 -MT ran1.lo -MD -MP -MF .deps/ran1.Tpo -c ran1.c  -fPIC -DPIC -o .libs/ran1.o
libtool: compile:  gcc -DHAVE_CONFIG_H -I. -I.. -I.. -g -O2 -MT fishman2x.lo -MD -MP -MF .deps/fishman2x.Tpo -c fishman2x.c  -fPIC -DPIC -o .libs/fishman2x.o
libtool: compile:  gcc -DHAVE_CONFIG_H -I. -I.. -I.. -g -O2 -MT rand.lo -MD -MP -MF .deps/rand.Tpo -c rand.c  -fPIC -DPIC -o .libs/rand.o
libtool: compile:  gcc -DHAVE_CONFIG_H -I. -I.. -I.. -g -O2 -MT fishman18.lo -MD -MP -MF .deps/fishman18.Tpo -c fishman18.c  -fPIC -DPIC -o .libs/fishman18.o
libtool: compile:  gcc -DHAVE_CONFIG_H -I. -I.. -I.. -g -O2 -MT random.lo -MD -MP -MF .deps/random.Tpo -c random.c  -fPIC -DPIC -o .libs/random.o
libtool: compile:  gcc -DHAVE_CONFIG_H -I. -I.. -I.. -g -O2 -MT file.lo -MD -MP -MF .deps/file.Tpo -c file.c -o file.o >/dev/null 2>&1
libtool: compile:  gcc -DHAVE_CONFIG_H -I. -I.. -I.. -g -O2 -MT minstd.lo -MD -MP -MF .deps/minstd.Tpo -c minstd.c -o minstd.o >/dev/null 2>&1
libtool: compile:  gcc -DHAVE_CONFIG_H -I. -I.. -I.. -g -O2 -MT borosh13.lo -MD -MP -MF .deps/borosh13.Tpo -c borosh13.c -o borosh13.o >/dev/null 2>&1
libtool: compile:  gcc -DHAVE_CONFIG_H -I. -I.. -I.. -g -O2 -MT lecuyer21.lo -MD -MP -MF .deps/lecuyer21.Tpo -c lecuyer21.c -o lecuyer21.o >/dev/null 2>&1
libtool: compile:  gcc -DHAVE_CONFIG_H -I. -I.. -I.. -g -O2 -MT fishman20.lo -MD -MP -MF .deps/fishman20.Tpo -c fishman20.c -o fishman20.o >/dev/null 2>&1
libtool: compile:  gcc -DHAVE_CONFIG_H -I. -I.. -I.. -g -O2 -MT gfsr4.lo -MD -MP -MF .deps/gfsr4.Tpo -c gfsr4.c -o gfsr4.o >/dev/null 2>&1
libtool: compile:  gcc -DHAVE_CONFIG_H -I. -I.. -I.. -g -O2 -MT ran0.lo -MD -MP -MF .deps/ran0.Tpo -c ran0.c -o ran0.o >/dev/null 2>&1
libtool: compile:  gcc -DHAVE_CONFIG_H -I. -I.. -I.. -g -O2 -MT rand48.lo -MD -MP -MF .deps/rand48.Tpo -c rand48.c -o rand48.o >/dev/null 2>&1
libtool: compile:  gcc -DHAVE_CONFIG_H -I. -I.. -I.. -g -O2 -MT coveyou.lo -MD -MP -MF .deps/coveyou.Tpo -c coveyou.c -o coveyou.o >/dev/null 2>&1
libtool: compile:  gcc -DHAVE_CONFIG_H -I. -I.. -I.. -g -O2 -MT r250.lo -MD -MP -MF .deps/r250.Tpo -c r250.c -o r250.o >/dev/null 2>&1
libtool: compile:  gcc -DHAVE_CONFIG_H -I. -I.. -I.. -g -O2 -MT default.lo -MD -MP -MF .deps/default.Tpo -c default.c -o default.o >/dev/null 2>&1
libtool: compile:  gcc -DHAVE_CONFIG_H -I. -I.. -I.. -g -O2 -MT knuthran.lo -MD -MP -MF .deps/knuthran.Tpo -c knuthran.c -o knuthran.o >/dev/null 2>&1
libtool: compile:  gcc -DHAVE_CONFIG_H -I. -I.. -I.. -g -O2 -MT fishman18.lo -MD -MP -MF .deps/fishman18.Tpo -c fishman18.c -o fishman18.o >/dev/null 2>&1
libtool: compile:  gcc -DHAVE_CONFIG_H -I. -I.. -I.. -g -O2 -MT rand.lo -MD -MP -MF .deps/rand.Tpo -c rand.c -o rand.o >/dev/null 2>&1
libtool: compile:  gcc -DHAVE_CONFIG_H -I. -I.. -I.. -g -O2 -MT fishman2x.lo -MD -MP -MF .deps/fishman2x.Tpo -c fishman2x.c -o fishman2x.o >/dev/null 2>&1
libtool: compile:  gcc -DHAVE_CONFIG_H -I. -I.. -I.. -g -O2 -MT ran3.lo -MD -MP -MF .deps/ran3.Tpo -c ran3.c -o ran3.o >/dev/null 2>&1
libtool: compile:  gcc -DHAVE_CONFIG_H -I. -I.. -I.. -g -O2 -MT mrg.lo -MD -MP -MF .deps/mrg.Tpo -c mrg.c -o mrg.o >/dev/null 2>&1
libtool: compile:  gcc -DHAVE_CONFIG_H -I. -I.. -I.. -g -O2 -MT knuthran2.lo -MD -MP -MF .deps/knuthran2.Tpo -c knuthran2.c -o knuthran2.o >/dev/null 2>&1
libtool: compile:  gcc -DHAVE_CONFIG_H -I. -I.. -I.. -g -O2 -MT mt.lo -MD -MP -MF .deps/mt.Tpo -c mt.c -o mt.o >/dev/null 2>&1
libtool: compile:  gcc -DHAVE_CONFIG_H -I. -I.. -I.. -g -O2 -MT ran2.lo -MD -MP -MF .deps/ran2.Tpo -c ran2.c -o ran2.o >/dev/null 2>&1
libtool: compile:  gcc -DHAVE_CONFIG_H -I. -I.. -I.. -g -O2 -MT ran1.lo -MD -MP -MF .deps/ran1.Tpo -c ran1.c -o ran1.o >/dev/null 2>&1
libtool: compile:  gcc -DHAVE_CONFIG_H -I. -I.. -I.. -g -O2 -MT knuthran2002.lo -MD -MP -MF .deps/knuthran2002.Tpo -c knuthran2002.c -o knuthran2002.o >/dev/null 2>&1
libtool: compile:  gcc -DHAVE_CONFIG_H -I. -I.. -I.. -g -O2 -MT cmrg.lo -MD -MP -MF .deps/cmrg.Tpo -c cmrg.c -o cmrg.o >/dev/null 2>&1
libtool: compile:  gcc -DHAVE_CONFIG_H -I. -I.. -I.. -g -O2 -MT ranlxd.lo -MD -MP -MF .deps/ranlxd.Tpo -c ranlxd.c  -fPIC -DPIC -o .libs/ranlxd.o
libtool: compile:  gcc -DHAVE_CONFIG_H -I. -I.. -I.. -g -O2 -MT ranlux.lo -MD -MP -MF .deps/ranlux.Tpo -c ranlux.c  -fPIC -DPIC -o .libs/ranlux.o
libtool: compile:  gcc -DHAVE_CONFIG_H -I. -I.. -I.. -g -O2 -MT randu.lo -MD -MP -MF .deps/randu.Tpo -c randu.c  -fPIC -DPIC -o .libs/randu.o
libtool: compile:  gcc -DHAVE_CONFIG_H -I. -I.. -I.. -g -O2 -MT ranlxs.lo -MD -MP -MF .deps/ranlxs.Tpo -c ranlxs.c  -fPIC -DPIC -o .libs/ranlxs.o
libtool: compile:  gcc -DHAVE_CONFIG_H -I. -I.. -I.. -g -O2 -MT ranf.lo -MD -MP -MF .deps/ranf.Tpo -c ranf.c  -fPIC -DPIC -o .libs/ranf.o
libtool: compile:  gcc -DHAVE_CONFIG_H -I. -I.. -I.. -g -O2 -MT ranmar.lo -MD -MP -MF .deps/ranmar.Tpo -c ranmar.c  -fPIC -DPIC -o .libs/ranmar.o
libtool: compile:  gcc -DHAVE_CONFIG_H -I. -I.. -I.. -g -O2 -MT rng.lo -MD -MP -MF .deps/rng.Tpo -c rng.c  -fPIC -DPIC -o .libs/rng.o
libtool: compile:  gcc -DHAVE_CONFIG_H -I. -I.. -I.. -g -O2 -MT slatec.lo -MD -MP -MF .deps/slatec.Tpo -c slatec.c  -fPIC -DPIC -o .libs/slatec.o
libtool: compile:  gcc -DHAVE_CONFIG_H -I. -I.. -I.. -g -O2 -MT taus.lo -MD -MP -MF .deps/taus.Tpo -c taus.c  -fPIC -DPIC -o .libs/taus.o
libtool: compile:  gcc -DHAVE_CONFIG_H -I. -I.. -I.. -g -O2 -MT transputer.lo -MD -MP -MF .deps/transputer.Tpo -c transputer.c  -fPIC -DPIC -o .libs/transputer.o
libtool: compile:  gcc -DHAVE_CONFIG_H -I. -I.. -I.. -g -O2 -MT taus113.lo -MD -MP -MF .deps/taus113.Tpo -c taus113.c  -fPIC -DPIC -o .libs/taus113.o
libtool: compile:  gcc -DHAVE_CONFIG_H -I. -I.. -I.. -g -O2 -MT uni32.lo -MD -MP -MF .deps/uni32.Tpo -c uni32.c  -fPIC -DPIC -o .libs/uni32.o
libtool: compile:  gcc -DHAVE_CONFIG_H -I. -I.. -I.. -g -O2 -MT randu.lo -MD -MP -MF .deps/randu.Tpo -c randu.c -o randu.o >/dev/null 2>&1
libtool: compile:  gcc -DHAVE_CONFIG_H -I. -I.. -I.. -g -O2 -MT random.lo -MD -MP -MF .deps/random.Tpo -c random.c -o random.o >/dev/null 2>&1
libtool: compile:  gcc -DHAVE_CONFIG_H -I. -I.. -I.. -g -O2 -MT types.lo -MD -MP -MF .deps/types.Tpo -c types.c  -fPIC -DPIC -o .libs/types.o
libtool: compile:  gcc -DHAVE_CONFIG_H -I. -I.. -I.. -g -O2 -MT tt.lo -MD -MP -MF .deps/tt.Tpo -c tt.c  -fPIC -DPIC -o .libs/tt.o
libtool: compile:  gcc -DHAVE_CONFIG_H -I. -I.. -I.. -g -O2 -MT zuf.lo -MD -MP -MF .deps/zuf.Tpo -c zuf.c  -fPIC -DPIC -o .libs/zuf.o
libtool: compile:  gcc -DHAVE_CONFIG_H -I. -I.. -I.. -g -O2 -MT uni.lo -MD -MP -MF .deps/uni.Tpo -c uni.c  -fPIC -DPIC -o .libs/uni.o
libtool: compile:  gcc -DHAVE_CONFIG_H -I. -I.. -I.. -g -O2 -MT slatec.lo -MD -MP -MF .deps/slatec.Tpo -c slatec.c -o slatec.o >/dev/null 2>&1
libtool: compile:  gcc -DHAVE_CONFIG_H -I. -I.. -I.. -g -O2 -MT vax.lo -MD -MP -MF .deps/vax.Tpo -c vax.c  -fPIC -DPIC -o .libs/vax.o
libtool: compile:  gcc -DHAVE_CONFIG_H -I. -I.. -I.. -g -O2 -MT waterman14.lo -MD -MP -MF .deps/waterman14.Tpo -c waterman14.c  -fPIC -DPIC -o .libs/waterman14.o
libtool: compile:  gcc -DHAVE_CONFIG_H -I. -I.. -I.. -g -O2 -MT ranlux.lo -MD -MP -MF .deps/ranlux.Tpo -c ranlux.c -o ranlux.o >/dev/null 2>&1
libtool: compile:  gcc -DHAVE_CONFIG_H -I. -I.. -I.. -g -O2 -MT ranf.lo -MD -MP -MF .deps/ranf.Tpo -c ranf.c -o ranf.o >/dev/null 2>&1
libtool: compile:  gcc -DHAVE_CONFIG_H -I. -I.. -I.. -g -O2 -MT transputer.lo -MD -MP -MF .deps/transputer.Tpo -c transputer.c -o transputer.o >/dev/null 2>&1
libtool: compile:  gcc -DHAVE_CONFIG_H -I. -I.. -I.. -g -O2 -MT rng.lo -MD -MP -MF .deps/rng.Tpo -c rng.c -o rng.o >/dev/null 2>&1
libtool: compile:  gcc -DHAVE_CONFIG_H -I. -I.. -I.. -g -O2 -MT inline.lo -MD -MP -MF .deps/inline.Tpo -c inline.c  -fPIC -DPIC -o .libs/inline.o
libtool: compile:  gcc -DHAVE_CONFIG_H -I. -I.. -I.. -g -O2 -MT ranlxd.lo -MD -MP -MF .deps/ranlxd.Tpo -c ranlxd.c -o ranlxd.o >/dev/null 2>&1
libtool: compile:  gcc -DHAVE_CONFIG_H -I. -I.. -I.. -g -O2 -MT ranmar.lo -MD -MP -MF .deps/ranmar.Tpo -c ranmar.c -o ranmar.o >/dev/null 2>&1
libtool: compile:  gcc -DHAVE_CONFIG_H -I. -I.. -I.. -g -O2 -MT waterman14.lo -MD -MP -MF .deps/waterman14.Tpo -c waterman14.c -o waterman14.o >/dev/null 2>&1
libtool: compile:  gcc -DHAVE_CONFIG_H -I. -I.. -I.. -g -O2 -MT vax.lo -MD -MP -MF .deps/vax.Tpo -c vax.c -o vax.o >/dev/null 2>&1
libtool: compile:  gcc -DHAVE_CONFIG_H -I. -I.. -I.. -g -O2 -MT taus.lo -MD -MP -MF .deps/taus.Tpo -c taus.c -o taus.o >/dev/null 2>&1
libtool: compile:  gcc -DHAVE_CONFIG_H -I. -I.. -I.. -g -O2 -MT uni32.lo -MD -MP -MF .deps/uni32.Tpo -c uni32.c -o uni32.o >/dev/null 2>&1
libtool: compile:  gcc -DHAVE_CONFIG_H -I. -I.. -I.. -g -O2 -MT ranlxs.lo -MD -MP -MF .deps/ranlxs.Tpo -c ranlxs.c -o ranlxs.o >/dev/null 2>&1
libtool: compile:  gcc -DHAVE_CONFIG_H -I. -I.. -I.. -g -O2 -MT tt.lo -MD -MP -MF .deps/tt.Tpo -c tt.c -o tt.o >/dev/null 2>&1
libtool: compile:  gcc -DHAVE_CONFIG_H -I. -I.. -I.. -g -O2 -MT taus113.lo -MD -MP -MF .deps/taus113.Tpo -c taus113.c -o taus113.o >/dev/null 2>&1
libtool: compile:  gcc -DHAVE_CONFIG_H -I. -I.. -I.. -g -O2 -MT uni.lo -MD -MP -MF .deps/uni.Tpo -c uni.c -o uni.o >/dev/null 2>&1
libtool: compile:  gcc -DHAVE_CONFIG_H -I. -I.. -I.. -g -O2 -MT zuf.lo -MD -MP -MF .deps/zuf.Tpo -c zuf.c -o zuf.o >/dev/null 2>&1
libtool: compile:  gcc -DHAVE_CONFIG_H -I. -I.. -I.. -g -O2 -MT inline.lo -MD -MP -MF .deps/inline.Tpo -c inline.c -o inline.o >/dev/null 2>&1
libtool: compile:  gcc -DHAVE_CONFIG_H -I. -I.. -I.. -g -O2 -MT types.lo -MD -MP -MF .deps/types.Tpo -c types.c -o types.o >/dev/null 2>&1
libtool: link: ar cr .libs/libgslrng.a .libs/borosh13.o .libs/cmrg.o .libs/coveyou.o .libs/default.o .libs/file.o .libs/fishman18.o .libs/fishman20.o .libs/fishman2x.o .libs/gfsr4.o .libs/knuthran2.o .libs/knuthran.o .libs/knuthran2002.o .libs/lecuyer21.o .libs/minstd.o .libs/mrg.o .libs/mt.o .libs/r250.o .libs/ran0.o .libs/ran1.o .libs/ran2.o .libs/ran3.o .libs/rand48.o .libs/rand.o .libs/random.o .libs/randu.o .libs/ranf.o .libs/ranlux.o .libs/ranlxd.o .libs/ranlxs.o .libs/ranmar.o .libs/rng.o .libs/slatec.o .libs/taus.o .libs/taus113.o .libs/transputer.o .libs/tt.o .libs/types.o .libs/uni32.o .libs/uni.o .libs/vax.o .libs/waterman14.o .libs/zuf.o .libs/inline.o 
libtool: link: ranlib .libs/libgslrng.a
libtool: link: ( cd ".libs" && rm -f "libgslrng.la" && ln -s "../libgslrng.la" "libgslrng.la" )
Making all in randist
libtool: compile:  gcc -DHAVE_CONFIG_H -I. -I.. -I.. -g -O2 -MT exponential.lo -MD -MP -MF .deps/exponential.Tpo -c exponential.c  -fPIC -DPIC -o .libs/exponential.o
libtool: compile:  gcc -DHAVE_CONFIG_H -I. -I.. -I.. -g -O2 -MT gausstail.lo -MD -MP -MF .deps/gausstail.Tpo -c gausstail.c  -fPIC -DPIC -o .libs/gausstail.o
libtool: compile:  gcc -DHAVE_CONFIG_H -I. -I.. -I.. -g -O2 -MT gausszig.lo -MD -MP -MF .deps/gausszig.Tpo -c gausszig.c  -fPIC -DPIC -o .libs/gausszig.o
libtool: compile:  gcc -DHAVE_CONFIG_H -I. -I.. -I.. -g -O2 -MT gauss.lo -MD -MP -MF .deps/gauss.Tpo -c gauss.c  -fPIC -DPIC -o .libs/gauss.o
libtool: compile:  gcc -DHAVE_CONFIG_H -I. -I.. -I.. -g -O2 -MT fdist.lo -MD -MP -MF .deps/fdist.Tpo -c fdist.c  -fPIC -DPIC -o .libs/fdist.o
libtool: compile:  gcc -DHAVE_CONFIG_H -I. -I.. -I.. -g -O2 -MT erlang.lo -MD -MP -MF .deps/erlang.Tpo -c erlang.c  -fPIC -DPIC -o .libs/erlang.o
libtool: compile:  gcc -DHAVE_CONFIG_H -I. -I.. -I.. -g -O2 -MT beta.lo -MD -MP -MF .deps/beta.Tpo -c beta.c  -fPIC -DPIC -o .libs/beta.o
libtool: compile:  gcc -DHAVE_CONFIG_H -I. -I.. -I.. -g -O2 -MT binomial.lo -MD -MP -MF .deps/binomial.Tpo -c binomial.c  -fPIC -DPIC -o .libs/binomial.o
libtool: compile:  gcc -DHAVE_CONFIG_H -I. -I.. -I.. -g -O2 -MT flat.lo -MD -MP -MF .deps/flat.Tpo -c flat.c  -fPIC -DPIC -o .libs/flat.o
libtool: compile:  gcc -DHAVE_CONFIG_H -I. -I.. -I.. -g -O2 -MT geometric.lo -MD -MP -MF .deps/geometric.Tpo -c geometric.c  -fPIC -DPIC -o .libs/geometric.o
libtool: compile:  gcc -DHAVE_CONFIG_H -I. -I.. -I.. -g -O2 -MT bigauss.lo -MD -MP -MF .deps/bigauss.Tpo -c bigauss.c  -fPIC -DPIC -o .libs/bigauss.o
libtool: compile:  gcc -DHAVE_CONFIG_H -I. -I.. -I.. -g -O2 -MT exppow.lo -MD -MP -MF .deps/exppow.Tpo -c exppow.c  -fPIC -DPIC -o .libs/exppow.o
libtool: compile:  gcc -DHAVE_CONFIG_H -I. -I.. -I.. -g -O2 -MT hyperg.lo -MD -MP -MF .deps/hyperg.Tpo -c hyperg.c  -fPIC -DPIC -o .libs/hyperg.o
libtool: compile:  gcc -DHAVE_CONFIG_H -I. -I.. -I.. -g -O2 -MT discrete.lo -MD -MP -MF .deps/discrete.Tpo -c discrete.c  -fPIC -DPIC -o .libs/discrete.o
libtool: compile:  gcc -DHAVE_CONFIG_H -I. -I.. -I.. -g -O2 -MT chisq.lo -MD -MP -MF .deps/chisq.Tpo -c chisq.c  -fPIC -DPIC -o .libs/chisq.o
libtool: compile:  gcc -DHAVE_CONFIG_H -I. -I.. -I.. -g -O2 -MT gamma.lo -MD -MP -MF .deps/gamma.Tpo -c gamma.c  -fPIC -DPIC -o .libs/gamma.o
libtool: compile:  gcc -DHAVE_CONFIG_H -I. -I.. -I.. -g -O2 -MT dirichlet.lo -MD -MP -MF .deps/dirichlet.Tpo -c dirichlet.c  -fPIC -DPIC -o .libs/dirichlet.o
libtool: compile:  gcc -DHAVE_CONFIG_H -I. -I.. -I.. -g -O2 -MT cauchy.lo -MD -MP -MF .deps/cauchy.Tpo -c cauchy.c  -fPIC -DPIC -o .libs/cauchy.o
libtool: compile:  gcc -DHAVE_CONFIG_H -I. -I.. -I.. -g -O2 -MT gumbel.lo -MD -MP -MF .deps/gumbel.Tpo -c gumbel.c  -fPIC -DPIC -o .libs/gumbel.o
libtool: compile:  gcc -DHAVE_CONFIG_H -I. -I.. -I.. -g -O2 -MT laplace.lo -MD -MP -MF .deps/laplace.Tpo -c laplace.c  -fPIC -DPIC -o .libs/laplace.o
libtool: compile:  gcc -DHAVE_CONFIG_H -I. -I.. -I.. -g -O2 -MT levy.lo -MD -MP -MF .deps/levy.Tpo -c levy.c  -fPIC -DPIC -o .libs/levy.o
libtool: compile:  gcc -DHAVE_CONFIG_H -I. -I.. -I.. -g -O2 -MT bernoulli.lo -MD -MP -MF .deps/bernoulli.Tpo -c bernoulli.c  -fPIC -DPIC -o .libs/bernoulli.o
libtool: compile:  gcc -DHAVE_CONFIG_H -I. -I.. -I.. -g -O2 -MT logarithmic.lo -MD -MP -MF .deps/logarithmic.Tpo -c logarithmic.c  -fPIC -DPIC -o .libs/logarithmic.o
libtool: compile:  gcc -DHAVE_CONFIG_H -I. -I.. -I.. -g -O2 -MT logistic.lo -MD -MP -MF .deps/logistic.Tpo -c logistic.c  -fPIC -DPIC -o .libs/logistic.o
libtool: compile:  gcc -DHAVE_CONFIG_H -I. -I.. -I.. -g -O2 -MT exponential.lo -MD -MP -MF .deps/exponential.Tpo -c exponential.c -o exponential.o >/dev/null 2>&1
libtool: compile:  gcc -DHAVE_CONFIG_H -I. -I.. -I.. -g -O2 -MT geometric.lo -MD -MP -MF .deps/geometric.Tpo -c geometric.c -o geometric.o >/dev/null 2>&1
libtool: compile:  gcc -DHAVE_CONFIG_H -I. -I.. -I.. -g -O2 -MT erlang.lo -MD -MP -MF .deps/erlang.Tpo -c erlang.c -o erlang.o >/dev/null 2>&1
libtool: compile:  gcc -DHAVE_CONFIG_H -I. -I.. -I.. -g -O2 -MT chisq.lo -MD -MP -MF .deps/chisq.Tpo -c chisq.c -o chisq.o >/dev/null 2>&1
libtool: compile:  gcc -DHAVE_CONFIG_H -I. -I.. -I.. -g -O2 -MT bernoulli.lo -MD -MP -MF .deps/bernoulli.Tpo -c bernoulli.c -o bernoulli.o >/dev/null 2>&1
libtool: compile:  gcc -DHAVE_CONFIG_H -I. -I.. -I.. -g -O2 -MT gausstail.lo -MD -MP -MF .deps/gausstail.Tpo -c gausstail.c -o gausstail.o >/dev/null 2>&1
libtool: compile:  gcc -DHAVE_CONFIG_H -I. -I.. -I.. -g -O2 -MT gumbel.lo -MD -MP -MF .deps/gumbel.Tpo -c gumbel.c -o gumbel.o >/dev/null 2>&1
libtool: compile:  gcc -DHAVE_CONFIG_H -I. -I.. -I.. -g -O2 -MT exppow.lo -MD -MP -MF .deps/exppow.Tpo -c exppow.c -o exppow.o >/dev/null 2>&1
libtool: compile:  gcc -DHAVE_CONFIG_H -I. -I.. -I.. -g -O2 -MT binomial.lo -MD -MP -MF .deps/binomial.Tpo -c binomial.c -o binomial.o >/dev/null 2>&1
libtool: compile:  gcc -DHAVE_CONFIG_H -I. -I.. -I.. -g -O2 -MT gausszig.lo -MD -MP -MF .deps/gausszig.Tpo -c gausszig.c -o gausszig.o >/dev/null 2>&1
libtool: compile:  gcc -DHAVE_CONFIG_H -I. -I.. -I.. -g -O2 -MT flat.lo -MD -MP -MF .deps/flat.Tpo -c flat.c -o flat.o >/dev/null 2>&1
libtool: compile:  gcc -DHAVE_CONFIG_H -I. -I.. -I.. -g -O2 -MT fdist.lo -MD -MP -MF .deps/fdist.Tpo -c fdist.c -o fdist.o >/dev/null 2>&1
libtool: compile:  gcc -DHAVE_CONFIG_H -I. -I.. -I.. -g -O2 -MT dirichlet.lo -MD -MP -MF .deps/dirichlet.Tpo -c dirichlet.c -o dirichlet.o >/dev/null 2>&1
libtool: compile:  gcc -DHAVE_CONFIG_H -I. -I.. -I.. -g -O2 -MT hyperg.lo -MD -MP -MF .deps/hyperg.Tpo -c hyperg.c -o hyperg.o >/dev/null 2>&1
libtool: compile:  gcc -DHAVE_CONFIG_H -I. -I.. -I.. -g -O2 -MT bigauss.lo -MD -MP -MF .deps/bigauss.Tpo -c bigauss.c -o bigauss.o >/dev/null 2>&1
libtool: compile:  gcc -DHAVE_CONFIG_H -I. -I.. -I.. -g -O2 -MT logarithmic.lo -MD -MP -MF .deps/logarithmic.Tpo -c logarithmic.c -o logarithmic.o >/dev/null 2>&1
libtool: compile:  gcc -DHAVE_CONFIG_H -I. -I.. -I.. -g -O2 -MT laplace.lo -MD -MP -MF .deps/laplace.Tpo -c laplace.c -o laplace.o >/dev/null 2>&1
libtool: compile:  gcc -DHAVE_CONFIG_H -I. -I.. -I.. -g -O2 -MT beta.lo -MD -MP -MF .deps/beta.Tpo -c beta.c -o beta.o >/dev/null 2>&1
libtool: compile:  gcc -DHAVE_CONFIG_H -I. -I.. -I.. -g -O2 -MT logistic.lo -MD -MP -MF .deps/logistic.Tpo -c logistic.c -o logistic.o >/dev/null 2>&1
libtool: compile:  gcc -DHAVE_CONFIG_H -I. -I.. -I.. -g -O2 -MT levy.lo -MD -MP -MF .deps/levy.Tpo -c levy.c -o levy.o >/dev/null 2>&1
libtool: compile:  gcc -DHAVE_CONFIG_H -I. -I.. -I.. -g -O2 -MT cauchy.lo -MD -MP -MF .deps/cauchy.Tpo -c cauchy.c -o cauchy.o >/dev/null 2>&1
libtool: compile:  gcc -DHAVE_CONFIG_H -I. -I.. -I.. -g -O2 -MT discrete.lo -MD -MP -MF .deps/discrete.Tpo -c discrete.c -o discrete.o >/dev/null 2>&1
libtool: compile:  gcc -DHAVE_CONFIG_H -I. -I.. -I.. -g -O2 -MT gauss.lo -MD -MP -MF .deps/gauss.Tpo -c gauss.c -o gauss.o >/dev/null 2>&1
libtool: compile:  gcc -DHAVE_CONFIG_H -I. -I.. -I.. -g -O2 -MT lognormal.lo -MD -MP -MF .deps/lognormal.Tpo -c lognormal.c  -fPIC -DPIC -o .libs/lognormal.o
libtool: compile:  gcc -DHAVE_CONFIG_H -I. -I.. -I.. -g -O2 -MT nbinomial.lo -MD -MP -MF .deps/nbinomial.Tpo -c nbinomial.c  -fPIC -DPIC -o .libs/nbinomial.o
libtool: compile:  gcc -DHAVE_CONFIG_H -I. -I.. -I.. -g -O2 -MT gamma.lo -MD -MP -MF .deps/gamma.Tpo -c gamma.c -o gamma.o >/dev/null 2>&1
libtool: compile:  gcc -DHAVE_CONFIG_H -I. -I.. -I.. -g -O2 -MT multinomial.lo -MD -MP -MF .deps/multinomial.Tpo -c multinomial.c  -fPIC -DPIC -o .libs/multinomial.o
libtool: compile:  gcc -DHAVE_CONFIG_H -I. -I.. -I.. -g -O2 -MT mvgauss.lo -MD -MP -MF .deps/mvgauss.Tpo -c mvgauss.c  -fPIC -DPIC -o .libs/mvgauss.o
libtool: compile:  gcc -DHAVE_CONFIG_H -I. -I.. -I.. -g -O2 -MT pareto.lo -MD -MP -MF .deps/pareto.Tpo -c pareto.c  -fPIC -DPIC -o .libs/pareto.o
libtool: compile:  gcc -DHAVE_CONFIG_H -I. -I.. -I.. -g -O2 -MT pascal.lo -MD -MP -MF .deps/pascal.Tpo -c pascal.c  -fPIC -DPIC -o .libs/pascal.o
libtool: compile:  gcc -DHAVE_CONFIG_H -I. -I.. -I.. -g -O2 -MT poisson.lo -MD -MP -MF .deps/poisson.Tpo -c poisson.c  -fPIC -DPIC -o .libs/poisson.o
libtool: compile:  gcc -DHAVE_CONFIG_H -I. -I.. -I.. -g -O2 -MT shuffle.lo -MD -MP -MF .deps/shuffle.Tpo -c shuffle.c  -fPIC -DPIC -o .libs/shuffle.o
libtool: compile:  gcc -DHAVE_CONFIG_H -I. -I.. -I.. -g -O2 -MT sphere.lo -MD -MP -MF .deps/sphere.Tpo -c sphere.c  -fPIC -DPIC -o .libs/sphere.o
libtool: compile:  gcc -DHAVE_CONFIG_H -I. -I.. -I.. -g -O2 -MT rayleigh.lo -MD -MP -MF .deps/rayleigh.Tpo -c rayleigh.c  -fPIC -DPIC -o .libs/rayleigh.o
libtool: compile:  gcc -DHAVE_CONFIG_H -I. -I.. -I.. -g -O2 -MT binomial_tpe.lo -MD -MP -MF .deps/binomial_tpe.Tpo -c binomial_tpe.c  -fPIC -DPIC -o .libs/binomial_tpe.o
libtool: compile:  gcc -DHAVE_CONFIG_H -I. -I.. -I.. -g -O2 -MT tdist.lo -MD -MP -MF .deps/tdist.Tpo -c tdist.c  -fPIC -DPIC -o .libs/tdist.o
libtool: compile:  gcc -DHAVE_CONFIG_H -I. -I.. -I.. -g -O2 -MT wishart.lo -MD -MP -MF .deps/wishart.Tpo -c wishart.c  -fPIC -DPIC -o .libs/wishart.o
libtool: compile:  gcc -DHAVE_CONFIG_H -I. -I.. -I.. -g -O2 -MT landau.lo -MD -MP -MF .deps/landau.Tpo -c landau.c  -fPIC -DPIC -o .libs/landau.o
libtool: compile:  gcc -DHAVE_CONFIG_H -I. -I.. -I.. -g -O2 -MT weibull.lo -MD -MP -MF .deps/weibull.Tpo -c weibull.c  -fPIC -DPIC -o .libs/weibull.o
libtool: compile:  gcc -DHAVE_CONFIG_H -I. -I.. -I.. -g -O2 -MT nbinomial.lo -MD -MP -MF .deps/nbinomial.Tpo -c nbinomial.c -o nbinomial.o >/dev/null 2>&1
libtool: compile:  gcc -DHAVE_CONFIG_H -I. -I.. -I.. -g -O2 -MT lognormal.lo -MD -MP -MF .deps/lognormal.Tpo -c lognormal.c -o lognormal.o >/dev/null 2>&1
libtool: compile:  gcc -DHAVE_CONFIG_H -I. -I.. -I.. -g -O2 -MT pascal.lo -MD -MP -MF .deps/pascal.Tpo -c pascal.c -o pascal.o >/dev/null 2>&1
libtool: compile:  gcc -DHAVE_CONFIG_H -I. -I.. -I.. -g -O2 -MT multinomial.lo -MD -MP -MF .deps/multinomial.Tpo -c multinomial.c -o multinomial.o >/dev/null 2>&1
libtool: compile:  gcc -DHAVE_CONFIG_H -I. -I.. -I.. -g -O2 -MT pareto.lo -MD -MP -MF .deps/pareto.Tpo -c pareto.c -o pareto.o >/dev/null 2>&1
libtool: compile:  gcc -DHAVE_CONFIG_H -I. -I.. -I.. -g -O2 -MT poisson.lo -MD -MP -MF .deps/poisson.Tpo -c poisson.c -o poisson.o >/dev/null 2>&1
libtool: compile:  gcc -DHAVE_CONFIG_H -I. -I.. -I.. -g -O2 -MT rayleigh.lo -MD -MP -MF .deps/rayleigh.Tpo -c rayleigh.c -o rayleigh.o >/dev/null 2>&1
libtool: compile:  gcc -DHAVE_CONFIG_H -I. -I.. -I.. -g -O2 -MT sphere.lo -MD -MP -MF .deps/sphere.Tpo -c sphere.c -o sphere.o >/dev/null 2>&1
libtool: compile:  gcc -DHAVE_CONFIG_H -I. -I.. -I.. -g -O2 -MT tdist.lo -MD -MP -MF .deps/tdist.Tpo -c tdist.c -o tdist.o >/dev/null 2>&1
libtool: compile:  gcc -DHAVE_CONFIG_H -I. -I.. -I.. -g -O2 -MT weibull.lo -MD -MP -MF .deps/weibull.Tpo -c weibull.c -o weibull.o >/dev/null 2>&1
libtool: compile:  gcc -DHAVE_CONFIG_H -I. -I.. -I.. -g -O2 -MT mvgauss.lo -MD -MP -MF .deps/mvgauss.Tpo -c mvgauss.c -o mvgauss.o >/dev/null 2>&1
libtool: compile:  gcc -DHAVE_CONFIG_H -I. -I.. -I.. -g -O2 -MT shuffle.lo -MD -MP -MF .deps/shuffle.Tpo -c shuffle.c -o shuffle.o >/dev/null 2>&1
libtool: compile:  gcc -DHAVE_CONFIG_H -I. -I.. -I.. -g -O2 -MT landau.lo -MD -MP -MF .deps/landau.Tpo -c landau.c -o landau.o >/dev/null 2>&1
libtool: compile:  gcc -DHAVE_CONFIG_H -I. -I.. -I.. -g -O2 -MT binomial_tpe.lo -MD -MP -MF .deps/binomial_tpe.Tpo -c binomial_tpe.c -o binomial_tpe.o >/dev/null 2>&1
libtool: compile:  gcc -DHAVE_CONFIG_H -I. -I.. -I.. -g -O2 -MT wishart.lo -MD -MP -MF .deps/wishart.Tpo -c wishart.c -o wishart.o >/dev/null 2>&1
libtool: link: ar cr .libs/libgslrandist.a .libs/bernoulli.o .libs/beta.o .libs/bigauss.o .libs/binomial.o .libs/cauchy.o .libs/chisq.o .libs/dirichlet.o .libs/discrete.o .libs/erlang.o .libs/exponential.o .libs/exppow.o .libs/fdist.o .libs/flat.o .libs/gamma.o .libs/gauss.o .libs/gausszig.o .libs/gausstail.o .libs/geometric.o .libs/gumbel.o .libs/hyperg.o .libs/laplace.o .libs/levy.o .libs/logarithmic.o .libs/logistic.o .libs/lognormal.o .libs/multinomial.o .libs/mvgauss.o .libs/nbinomial.o .libs/pareto.o .libs/pascal.o .libs/poisson.o .libs/rayleigh.o .libs/shuffle.o .libs/sphere.o .libs/tdist.o .libs/weibull.o .libs/landau.o .libs/binomial_tpe.o .libs/wishart.o 
libtool: link: ranlib .libs/libgslrandist.a
libtool: link: ( cd ".libs" && rm -f "libgslrandist.la" && ln -s "../libgslrandist.la" "libgslrandist.la" )
Making all in fft
libtool: compile:  gcc -DHAVE_CONFIG_H -I. -I.. -I.. -g -O2 -MT fft.lo -MD -MP -MF .deps/fft.Tpo -c fft.c  -fPIC -DPIC -o .libs/fft.o
libtool: compile:  gcc -DHAVE_CONFIG_H -I. -I.. -I.. -g -O2 -MT dft.lo -MD -MP -MF .deps/dft.Tpo -c dft.c  -fPIC -DPIC -o .libs/dft.o
libtool: compile:  gcc -DHAVE_CONFIG_H -I. -I.. -I.. -g -O2 -MT dft.lo -MD -MP -MF .deps/dft.Tpo -c dft.c -o dft.o >/dev/null 2>&1
libtool: compile:  gcc -DHAVE_CONFIG_H -I. -I.. -I.. -g -O2 -MT fft.lo -MD -MP -MF .deps/fft.Tpo -c fft.c -o fft.o >/dev/null 2>&1
libtool: link: ar cr .libs/libgslfft.a .libs/dft.o .libs/fft.o 
libtool: link: ranlib .libs/libgslfft.a
libtool: link: ( cd ".libs" && rm -f "libgslfft.la" && ln -s "../libgslfft.la" "libgslfft.la" )
Making all in poly
libtool: compile:  gcc -DHAVE_CONFIG_H -I. -I.. -I.. -g -O2 -MT zsolve_init.lo -MD -MP -MF .deps/zsolve_init.Tpo -c zsolve_init.c  -fPIC -DPIC -o .libs/zsolve_init.o
libtool: compile:  gcc -DHAVE_CONFIG_H -I. -I.. -I.. -g -O2 -MT solve_cubic.lo -MD -MP -MF .deps/solve_cubic.Tpo -c solve_cubic.c  -fPIC -DPIC -o .libs/solve_cubic.o
libtool: compile:  gcc -DHAVE_CONFIG_H -I. -I.. -I.. -g -O2 -MT deriv.lo -MD -MP -MF .deps/deriv.Tpo -c deriv.c  -fPIC -DPIC -o .libs/deriv.o
libtool: compile:  gcc -DHAVE_CONFIG_H -I. -I.. -I.. -g -O2 -MT zsolve_cubic.lo -MD -MP -MF .deps/zsolve_cubic.Tpo -c zsolve_cubic.c  -fPIC -DPIC -o .libs/zsolve_cubic.o
libtool: compile:  gcc -DHAVE_CONFIG_H -I. -I.. -I.. -g -O2 -MT zsolve_quadratic.lo -MD -MP -MF .deps/zsolve_quadratic.Tpo -c zsolve_quadratic.c  -fPIC -DPIC -o .libs/zsolve_quadratic.o
libtool: compile:  gcc -DHAVE_CONFIG_H -I. -I.. -I.. -g -O2 -MT eval.lo -MD -MP -MF .deps/eval.Tpo -c eval.c  -fPIC -DPIC -o .libs/eval.o
libtool: compile:  gcc -DHAVE_CONFIG_H -I. -I.. -I.. -g -O2 -MT dd.lo -MD -MP -MF .deps/dd.Tpo -c dd.c  -fPIC -DPIC -o .libs/dd.o
libtool: compile:  gcc -DHAVE_CONFIG_H -I. -I.. -I.. -g -O2 -MT solve_quadratic.lo -MD -MP -MF .deps/solve_quadratic.Tpo -c solve_quadratic.c  -fPIC -DPIC -o .libs/solve_quadratic.o
libtool: compile:  gcc -DHAVE_CONFIG_H -I. -I.. -I.. -g -O2 -MT zsolve.lo -MD -MP -MF .deps/zsolve.Tpo -c zsolve.c  -fPIC -DPIC -o .libs/zsolve.o
libtool: compile:  gcc -DHAVE_CONFIG_H -I. -I.. -I.. -g -O2 -MT eval.lo -MD -MP -MF .deps/eval.Tpo -c eval.c -o eval.o >/dev/null 2>&1
libtool: compile:  gcc -DHAVE_CONFIG_H -I. -I.. -I.. -g -O2 -MT zsolve_init.lo -MD -MP -MF .deps/zsolve_init.Tpo -c zsolve_init.c -o zsolve_init.o >/dev/null 2>&1
libtool: compile:  gcc -DHAVE_CONFIG_H -I. -I.. -I.. -g -O2 -MT zsolve_cubic.lo -MD -MP -MF .deps/zsolve_cubic.Tpo -c zsolve_cubic.c -o zsolve_cubic.o >/dev/null 2>&1
libtool: compile:  gcc -DHAVE_CONFIG_H -I. -I.. -I.. -g -O2 -MT deriv.lo -MD -MP -MF .deps/deriv.Tpo -c deriv.c -o deriv.o >/dev/null 2>&1
libtool: compile:  gcc -DHAVE_CONFIG_H -I. -I.. -I.. -g -O2 -MT zsolve_quadratic.lo -MD -MP -MF .deps/zsolve_quadratic.Tpo -c zsolve_quadratic.c -o zsolve_quadratic.o >/dev/null 2>&1
libtool: compile:  gcc -DHAVE_CONFIG_H -I. -I.. -I.. -g -O2 -MT solve_quadratic.lo -MD -MP -MF .deps/solve_quadratic.Tpo -c solve_quadratic.c -o solve_quadratic.o >/dev/null 2>&1
libtool: compile:  gcc -DHAVE_CONFIG_H -I. -I.. -I.. -g -O2 -MT solve_cubic.lo -MD -MP -MF .deps/solve_cubic.Tpo -c solve_cubic.c -o solve_cubic.o >/dev/null 2>&1
libtool: compile:  gcc -DHAVE_CONFIG_H -I. -I.. -I.. -g -O2 -MT dd.lo -MD -MP -MF .deps/dd.Tpo -c dd.c -o dd.o >/dev/null 2>&1
libtool: compile:  gcc -DHAVE_CONFIG_H -I. -I.. -I.. -g -O2 -MT zsolve.lo -MD -MP -MF .deps/zsolve.Tpo -c zsolve.c -o zsolve.o >/dev/null 2>&1
libtool: link: ar cr .libs/libgslpoly.a .libs/dd.o .libs/eval.o .libs/solve_quadratic.o .libs/solve_cubic.o .libs/zsolve_quadratic.o .libs/zsolve_cubic.o .libs/zsolve.o .libs/zsolve_init.o .libs/deriv.o 
libtool: link: ranlib .libs/libgslpoly.a
libtool: link: ( cd ".libs" && rm -f "libgslpoly.la" && ln -s "../libgslpoly.la" "libgslpoly.la" )
Making all in fit
libtool: compile:  gcc -DHAVE_CONFIG_H -I. -I.. -I.. -g -O2 -MT linear.lo -MD -MP -MF .deps/linear.Tpo -c linear.c  -fPIC -DPIC -o .libs/linear.o
libtool: compile:  gcc -DHAVE_CONFIG_H -I. -I.. -I.. -g -O2 -MT linear.lo -MD -MP -MF .deps/linear.Tpo -c linear.c -o linear.o >/dev/null 2>&1
libtool: link: ar cr .libs/libgslfit.a .libs/linear.o 
libtool: link: ranlib .libs/libgslfit.a
libtool: link: ( cd ".libs" && rm -f "libgslfit.la" && ln -s "../libgslfit.la" "libgslfit.la" )
Making all in multifit
libtool: compile:  gcc -DHAVE_CONFIG_H -I. -I.. -I.. -g -O2 -MT convergence.lo -MD -MP -MF .deps/convergence.Tpo -c convergence.c  -fPIC -DPIC -o .libs/convergence.o
libtool: compile:  gcc -DHAVE_CONFIG_H -I. -I.. -I.. -g -O2 -MT gradient.lo -MD -MP -MF .deps/gradient.Tpo -c gradient.c  -fPIC -DPIC -o .libs/gradient.o
libtool: compile:  gcc -DHAVE_CONFIG_H -I. -I.. -I.. -g -O2 -MT multilinear.lo -MD -MP -MF .deps/multilinear.Tpo -c multilinear.c  -fPIC -DPIC -o .libs/multilinear.o
libtool: compile:  gcc -DHAVE_CONFIG_H -I. -I.. -I.. -g -O2 -MT covar.lo -MD -MP -MF .deps/covar.Tpo -c covar.c  -fPIC -DPIC -o .libs/covar.o
libtool: compile:  gcc -DHAVE_CONFIG_H -I. -I.. -I.. -g -O2 -MT robust_wfun.lo -MD -MP -MF .deps/robust_wfun.Tpo -c robust_wfun.c  -fPIC -DPIC -o .libs/robust_wfun.o
libtool: compile:  gcc -DHAVE_CONFIG_H -I. -I.. -I.. -g -O2 -MT multirobust.lo -MD -MP -MF .deps/multirobust.Tpo -c multirobust.c  -fPIC -DPIC -o .libs/multirobust.o
libtool: compile:  gcc -DHAVE_CONFIG_H -I. -I.. -I.. -g -O2 -MT lmniel.lo -MD -MP -MF .deps/lmniel.Tpo -c lmniel.c  -fPIC -DPIC -o .libs/lmniel.o
libtool: compile:  gcc -DHAVE_CONFIG_H -I. -I.. -I.. -g -O2 -MT lmder.lo -MD -MP -MF .deps/lmder.Tpo -c lmder.c  -fPIC -DPIC -o .libs/lmder.o
libtool: compile:  gcc -DHAVE_CONFIG_H -I. -I.. -I.. -g -O2 -MT fdfsolver.lo -MD -MP -MF .deps/fdfsolver.Tpo -c fdfsolver.c  -fPIC -DPIC -o .libs/fdfsolver.o
libtool: compile:  gcc -DHAVE_CONFIG_H -I. -I.. -I.. -g -O2 -MT multiwlinear.lo -MD -MP -MF .deps/multiwlinear.Tpo -c multiwlinear.c  -fPIC -DPIC -o .libs/multiwlinear.o
libtool: compile:  gcc -DHAVE_CONFIG_H -I. -I.. -I.. -g -O2 -MT multireg.lo -MD -MP -MF .deps/multireg.Tpo -c multireg.c  -fPIC -DPIC -o .libs/multireg.o
libtool: compile:  gcc -DHAVE_CONFIG_H -I. -I.. -I.. -g -O2 -MT fsolver.lo -MD -MP -MF .deps/fsolver.Tpo -c fsolver.c  -fPIC -DPIC -o .libs/fsolver.o
libtool: compile:  gcc -DHAVE_CONFIG_H -I. -I.. -I.. -g -O2 -MT work.lo -MD -MP -MF .deps/work.Tpo -c work.c  -fPIC -DPIC -o .libs/work.o
libtool: compile:  gcc -DHAVE_CONFIG_H -I. -I.. -I.. -g -O2 -MT fdjac.lo -MD -MP -MF .deps/fdjac.Tpo -c fdjac.c  -fPIC -DPIC -o .libs/fdjac.o
libtool: compile:  gcc -DHAVE_CONFIG_H -I. -I.. -I.. -g -O2 -MT fdfridge.lo -MD -MP -MF .deps/fdfridge.Tpo -c fdfridge.c  -fPIC -DPIC -o .libs/fdfridge.o
libtool: compile:  gcc -DHAVE_CONFIG_H -I. -I.. -I.. -g -O2 -MT gcv.lo -MD -MP -MF .deps/gcv.Tpo -c gcv.c  -fPIC -DPIC -o .libs/gcv.o
libtool: compile:  gcc -DHAVE_CONFIG_H -I. -I.. -I.. -g -O2 -MT gradient.lo -MD -MP -MF .deps/gradient.Tpo -c gradient.c -o gradient.o >/dev/null 2>&1
libtool: compile:  gcc -DHAVE_CONFIG_H -I. -I.. -I.. -g -O2 -MT work.lo -MD -MP -MF .deps/work.Tpo -c work.c -o work.o >/dev/null 2>&1
libtool: compile:  gcc -DHAVE_CONFIG_H -I. -I.. -I.. -g -O2 -MT fdjac.lo -MD -MP -MF .deps/fdjac.Tpo -c fdjac.c -o fdjac.o >/dev/null 2>&1
libtool: compile:  gcc -DHAVE_CONFIG_H -I. -I.. -I.. -g -O2 -MT convergence.lo -MD -MP -MF .deps/convergence.Tpo -c convergence.c -o convergence.o >/dev/null 2>&1
libtool: compile:  gcc -DHAVE_CONFIG_H -I. -I.. -I.. -g -O2 -MT fsolver.lo -MD -MP -MF .deps/fsolver.Tpo -c fsolver.c -o fsolver.o >/dev/null 2>&1
libtool: compile:  gcc -DHAVE_CONFIG_H -I. -I.. -I.. -g -O2 -MT covar.lo -MD -MP -MF .deps/covar.Tpo -c covar.c -o covar.o >/dev/null 2>&1
libtool: compile:  gcc -DHAVE_CONFIG_H -I. -I.. -I.. -g -O2 -MT fdfsolver.lo -MD -MP -MF .deps/fdfsolver.Tpo -c fdfsolver.c -o fdfsolver.o >/dev/null 2>&1
libtool: compile:  gcc -DHAVE_CONFIG_H -I. -I.. -I.. -g -O2 -MT robust_wfun.lo -MD -MP -MF .deps/robust_wfun.Tpo -c robust_wfun.c -o robust_wfun.o >/dev/null 2>&1
libtool: compile:  gcc -DHAVE_CONFIG_H -I. -I.. -I.. -g -O2 -MT multiwlinear.lo -MD -MP -MF .deps/multiwlinear.Tpo -c multiwlinear.c -o multiwlinear.o >/dev/null 2>&1
libtool: compile:  gcc -DHAVE_CONFIG_H -I. -I.. -I.. -g -O2 -MT lmniel.lo -MD -MP -MF .deps/lmniel.Tpo -c lmniel.c -o lmniel.o >/dev/null 2>&1
libtool: compile:  gcc -DHAVE_CONFIG_H -I. -I.. -I.. -g -O2 -MT gcv.lo -MD -MP -MF .deps/gcv.Tpo -c gcv.c -o gcv.o >/dev/null 2>&1
libtool: compile:  gcc -DHAVE_CONFIG_H -I. -I.. -I.. -g -O2 -MT fdfridge.lo -MD -MP -MF .deps/fdfridge.Tpo -c fdfridge.c -o fdfridge.o >/dev/null 2>&1
libtool: compile:  gcc -DHAVE_CONFIG_H -I. -I.. -I.. -g -O2 -MT multilinear.lo -MD -MP -MF .deps/multilinear.Tpo -c multilinear.c -o multilinear.o >/dev/null 2>&1
libtool: compile:  gcc -DHAVE_CONFIG_H -I. -I.. -I.. -g -O2 -MT multirobust.lo -MD -MP -MF .deps/multirobust.Tpo -c multirobust.c -o multirobust.o >/dev/null 2>&1
libtool: compile:  gcc -DHAVE_CONFIG_H -I. -I.. -I.. -g -O2 -MT lmder.lo -MD -MP -MF .deps/lmder.Tpo -c lmder.c -o lmder.o >/dev/null 2>&1
libtool: compile:  gcc -DHAVE_CONFIG_H -I. -I.. -I.. -g -O2 -MT multireg.lo -MD -MP -MF .deps/multireg.Tpo -c multireg.c -o multireg.o >/dev/null 2>&1
libtool: link: ar cr .libs/libgslmultifit.a .libs/gcv.o .libs/multilinear.o .libs/multiwlinear.o .libs/work.o .libs/lmniel.o .libs/lmder.o .libs/fsolver.o .libs/fdfsolver.o .libs/fdfridge.o .libs/fdjac.o .libs/convergence.o .libs/gradient.o .libs/covar.o .libs/multirobust.o .libs/robust_wfun.o .libs/multireg.o 
libtool: link: ranlib .libs/libgslmultifit.a
libtool: link: ( cd ".libs" && rm -f "libgslmultifit.la" && ln -s "../libgslmultifit.la" "libgslmultifit.la" )
Making all in multifit_nlinear
libtool: compile:  gcc -DHAVE_CONFIG_H -I. -I.. -I.. -g -O2 -MT cholesky.lo -MD -MP -MF .deps/cholesky.Tpo -c cholesky.c  -fPIC -DPIC -o .libs/cholesky.o
libtool: compile:  gcc -DHAVE_CONFIG_H -I. -I.. -I.. -g -O2 -MT subspace2D.lo -MD -MP -MF .deps/subspace2D.Tpo -c subspace2D.c  -fPIC -DPIC -o .libs/subspace2D.o
libtool: compile:  gcc -DHAVE_CONFIG_H -I. -I.. -I.. -g -O2 -MT scaling.lo -MD -MP -MF .deps/scaling.Tpo -c scaling.c  -fPIC -DPIC -o .libs/scaling.o
libtool: compile:  gcc -DHAVE_CONFIG_H -I. -I.. -I.. -g -O2 -MT dogleg.lo -MD -MP -MF .deps/dogleg.Tpo -c dogleg.c  -fPIC -DPIC -o .libs/dogleg.o
libtool: compile:  gcc -DHAVE_CONFIG_H -I. -I.. -I.. -g -O2 -MT qr.lo -MD -MP -MF .deps/qr.Tpo -c qr.c  -fPIC -DPIC -o .libs/qr.o
libtool: compile:  gcc -DHAVE_CONFIG_H -I. -I.. -I.. -g -O2 -MT svd.lo -MD -MP -MF .deps/svd.Tpo -c svd.c  -fPIC -DPIC -o .libs/svd.o
libtool: compile:  gcc -DHAVE_CONFIG_H -I. -I.. -I.. -g -O2 -MT covar.lo -MD -MP -MF .deps/covar.Tpo -c covar.c  -fPIC -DPIC -o .libs/covar.o
libtool: compile:  gcc -DHAVE_CONFIG_H -I. -I.. -I.. -g -O2 -MT fdfvv.lo -MD -MP -MF .deps/fdfvv.Tpo -c fdfvv.c  -fPIC -DPIC -o .libs/fdfvv.o
libtool: compile:  gcc -DHAVE_CONFIG_H -I. -I.. -I.. -g -O2 -MT fdf.lo -MD -MP -MF .deps/fdf.Tpo -c fdf.c  -fPIC -DPIC -o .libs/fdf.o
libtool: compile:  gcc -DHAVE_CONFIG_H -I. -I.. -I.. -g -O2 -MT trust.lo -MD -MP -MF .deps/trust.Tpo -c trust.c  -fPIC -DPIC -o .libs/trust.o
libtool: compile:  gcc -DHAVE_CONFIG_H -I. -I.. -I.. -g -O2 -MT fdjac.lo -MD -MP -MF .deps/fdjac.Tpo -c fdjac.c  -fPIC -DPIC -o .libs/fdjac.o
libtool: compile:  gcc -DHAVE_CONFIG_H -I. -I.. -I.. -g -O2 -MT convergence.lo -MD -MP -MF .deps/convergence.Tpo -c convergence.c  -fPIC -DPIC -o .libs/convergence.o
libtool: compile:  gcc -DHAVE_CONFIG_H -I. -I.. -I.. -g -O2 -MT mcholesky.lo -MD -MP -MF .deps/mcholesky.Tpo -c mcholesky.c  -fPIC -DPIC -o .libs/mcholesky.o
libtool: compile:  gcc -DHAVE_CONFIG_H -I. -I.. -I.. -g -O2 -MT lm.lo -MD -MP -MF .deps/lm.Tpo -c lm.c  -fPIC -DPIC -o .libs/lm.o
libtool: compile:  gcc -DHAVE_CONFIG_H -I. -I.. -I.. -g -O2 -MT fdfvv.lo -MD -MP -MF .deps/fdfvv.Tpo -c fdfvv.c -o fdfvv.o >/dev/null 2>&1
libtool: compile:  gcc -DHAVE_CONFIG_H -I. -I.. -I.. -g -O2 -MT convergence.lo -MD -MP -MF .deps/convergence.Tpo -c convergence.c -o convergence.o >/dev/null 2>&1
libtool: compile:  gcc -DHAVE_CONFIG_H -I. -I.. -I.. -g -O2 -MT scaling.lo -MD -MP -MF .deps/scaling.Tpo -c scaling.c -o scaling.o >/dev/null 2>&1
libtool: compile:  gcc -DHAVE_CONFIG_H -I. -I.. -I.. -g -O2 -MT fdjac.lo -MD -MP -MF .deps/fdjac.Tpo -c fdjac.c -o fdjac.o >/dev/null 2>&1
libtool: compile:  gcc -DHAVE_CONFIG_H -I. -I.. -I.. -g -O2 -MT cholesky.lo -MD -MP -MF .deps/cholesky.Tpo -c cholesky.c -o cholesky.o >/dev/null 2>&1
libtool: compile:  gcc -DHAVE_CONFIG_H -I. -I.. -I.. -g -O2 -MT svd.lo -MD -MP -MF .deps/svd.Tpo -c svd.c -o svd.o >/dev/null 2>&1
libtool: compile:  gcc -DHAVE_CONFIG_H -I. -I.. -I.. -g -O2 -MT mcholesky.lo -MD -MP -MF .deps/mcholesky.Tpo -c mcholesky.c -o mcholesky.o >/dev/null 2>&1
libtool: compile:  gcc -DHAVE_CONFIG_H -I. -I.. -I.. -g -O2 -MT lm.lo -MD -MP -MF .deps/lm.Tpo -c lm.c -o lm.o >/dev/null 2>&1
libtool: compile:  gcc -DHAVE_CONFIG_H -I. -I.. -I.. -g -O2 -MT covar.lo -MD -MP -MF .deps/covar.Tpo -c covar.c -o covar.o >/dev/null 2>&1
libtool: compile:  gcc -DHAVE_CONFIG_H -I. -I.. -I.. -g -O2 -MT subspace2D.lo -MD -MP -MF .deps/subspace2D.Tpo -c subspace2D.c -o subspace2D.o >/dev/null 2>&1
libtool: compile:  gcc -DHAVE_CONFIG_H -I. -I.. -I.. -g -O2 -MT dogleg.lo -MD -MP -MF .deps/dogleg.Tpo -c dogleg.c -o dogleg.o >/dev/null 2>&1
libtool: compile:  gcc -DHAVE_CONFIG_H -I. -I.. -I.. -g -O2 -MT fdf.lo -MD -MP -MF .deps/fdf.Tpo -c fdf.c -o fdf.o >/dev/null 2>&1
libtool: compile:  gcc -DHAVE_CONFIG_H -I. -I.. -I.. -g -O2 -MT trust.lo -MD -MP -MF .deps/trust.Tpo -c trust.c -o trust.o >/dev/null 2>&1
libtool: compile:  gcc -DHAVE_CONFIG_H -I. -I.. -I.. -g -O2 -MT qr.lo -MD -MP -MF .deps/qr.Tpo -c qr.c -o qr.o >/dev/null 2>&1
libtool: link: ar cr .libs/libgslmultifit_nlinear.a .libs/cholesky.o .libs/convergence.o .libs/covar.o .libs/dogleg.o .libs/fdf.o .libs/fdfvv.o .libs/fdjac.o .libs/lm.o .libs/mcholesky.o .libs/qr.o .libs/scaling.o .libs/subspace2D.o .libs/svd.o .libs/trust.o 
libtool: link: ranlib .libs/libgslmultifit_nlinear.a
libtool: link: ( cd ".libs" && rm -f "libgslmultifit_nlinear.la" && ln -s "../libgslmultifit_nlinear.la" "libgslmultifit_nlinear.la" )
Making all in multilarge
libtool: compile:  gcc -DHAVE_CONFIG_H -I. -I.. -I.. -g -O2 -MT normal.lo -MD -MP -MF .deps/normal.Tpo -c normal.c  -fPIC -DPIC -o .libs/normal.o
libtool: compile:  gcc -DHAVE_CONFIG_H -I. -I.. -I.. -g -O2 -MT tsqr.lo -MD -MP -MF .deps/tsqr.Tpo -c tsqr.c  -fPIC -DPIC -o .libs/tsqr.o
libtool: compile:  gcc -DHAVE_CONFIG_H -I. -I.. -I.. -g -O2 -MT multilarge.lo -MD -MP -MF .deps/multilarge.Tpo -c multilarge.c  -fPIC -DPIC -o .libs/multilarge.o
libtool: compile:  gcc -DHAVE_CONFIG_H -I. -I.. -I.. -g -O2 -MT normal.lo -MD -MP -MF .deps/normal.Tpo -c normal.c -o normal.o >/dev/null 2>&1
libtool: compile:  gcc -DHAVE_CONFIG_H -I. -I.. -I.. -g -O2 -MT multilarge.lo -MD -MP -MF .deps/multilarge.Tpo -c multilarge.c -o multilarge.o >/dev/null 2>&1
libtool: compile:  gcc -DHAVE_CONFIG_H -I. -I.. -I.. -g -O2 -MT tsqr.lo -MD -MP -MF .deps/tsqr.Tpo -c tsqr.c -o tsqr.o >/dev/null 2>&1
libtool: link: ar cr .libs/libgslmultilarge.a .libs/multilarge.o .libs/normal.o .libs/tsqr.o 
libtool: link: ranlib .libs/libgslmultilarge.a
libtool: link: ( cd ".libs" && rm -f "libgslmultilarge.la" && ln -s "../libgslmultilarge.la" "libgslmultilarge.la" )
Making all in multilarge_nlinear
libtool: compile:  gcc -DHAVE_CONFIG_H -I. -I.. -I.. -g -O2 -MT dummy.lo -MD -MP -MF .deps/dummy.Tpo -c dummy.c  -fPIC -DPIC -o .libs/dummy.o
libtool: compile:  gcc -DHAVE_CONFIG_H -I. -I.. -I.. -g -O2 -MT subspace2D.lo -MD -MP -MF .deps/subspace2D.Tpo -c subspace2D.c  -fPIC -DPIC -o .libs/subspace2D.o
libtool: compile:  gcc -DHAVE_CONFIG_H -I. -I.. -I.. -g -O2 -MT cgst.lo -MD -MP -MF .deps/cgst.Tpo -c cgst.c  -fPIC -DPIC -o .libs/cgst.o
libtool: compile:  gcc -DHAVE_CONFIG_H -I. -I.. -I.. -g -O2 -MT mcholesky.lo -MD -MP -MF .deps/mcholesky.Tpo -c mcholesky.c  -fPIC -DPIC -o .libs/mcholesky.o
libtool: compile:  gcc -DHAVE_CONFIG_H -I. -I.. -I.. -g -O2 -MT cholesky.lo -MD -MP -MF .deps/cholesky.Tpo -c cholesky.c  -fPIC -DPIC -o .libs/cholesky.o
libtool: compile:  gcc -DHAVE_CONFIG_H -I. -I.. -I.. -g -O2 -MT trust.lo -MD -MP -MF .deps/trust.Tpo -c trust.c  -fPIC -DPIC -o .libs/trust.o
libtool: compile:  gcc -DHAVE_CONFIG_H -I. -I.. -I.. -g -O2 -MT dogleg.lo -MD -MP -MF .deps/dogleg.Tpo -c dogleg.c  -fPIC -DPIC -o .libs/dogleg.o
libtool: compile:  gcc -DHAVE_CONFIG_H -I. -I.. -I.. -g -O2 -MT lm.lo -MD -MP -MF .deps/lm.Tpo -c lm.c  -fPIC -DPIC -o .libs/lm.o
libtool: compile:  gcc -DHAVE_CONFIG_H -I. -I.. -I.. -g -O2 -MT convergence.lo -MD -MP -MF .deps/convergence.Tpo -c convergence.c  -fPIC -DPIC -o .libs/convergence.o
libtool: compile:  gcc -DHAVE_CONFIG_H -I. -I.. -I.. -g -O2 -MT scaling.lo -MD -MP -MF .deps/scaling.Tpo -c scaling.c  -fPIC -DPIC -o .libs/scaling.o
libtool: compile:  gcc -DHAVE_CONFIG_H -I. -I.. -I.. -g -O2 -MT fdf.lo -MD -MP -MF .deps/fdf.Tpo -c fdf.c  -fPIC -DPIC -o .libs/fdf.o
libtool: compile:  gcc -DHAVE_CONFIG_H -I. -I.. -I.. -g -O2 -MT scaling.lo -MD -MP -MF .deps/scaling.Tpo -c scaling.c -o scaling.o >/dev/null 2>&1
libtool: compile:  gcc -DHAVE_CONFIG_H -I. -I.. -I.. -g -O2 -MT dummy.lo -MD -MP -MF .deps/dummy.Tpo -c dummy.c -o dummy.o >/dev/null 2>&1
libtool: compile:  gcc -DHAVE_CONFIG_H -I. -I.. -I.. -g -O2 -MT convergence.lo -MD -MP -MF .deps/convergence.Tpo -c convergence.c -o convergence.o >/dev/null 2>&1
libtool: compile:  gcc -DHAVE_CONFIG_H -I. -I.. -I.. -g -O2 -MT fdf.lo -MD -MP -MF .deps/fdf.Tpo -c fdf.c -o fdf.o >/dev/null 2>&1
libtool: compile:  gcc -DHAVE_CONFIG_H -I. -I.. -I.. -g -O2 -MT cholesky.lo -MD -MP -MF .deps/cholesky.Tpo -c cholesky.c -o cholesky.o >/dev/null 2>&1
libtool: compile:  gcc -DHAVE_CONFIG_H -I. -I.. -I.. -g -O2 -MT mcholesky.lo -MD -MP -MF .deps/mcholesky.Tpo -c mcholesky.c -o mcholesky.o >/dev/null 2>&1
libtool: compile:  gcc -DHAVE_CONFIG_H -I. -I.. -I.. -g -O2 -MT lm.lo -MD -MP -MF .deps/lm.Tpo -c lm.c -o lm.o >/dev/null 2>&1
libtool: compile:  gcc -DHAVE_CONFIG_H -I. -I.. -I.. -g -O2 -MT dogleg.lo -MD -MP -MF .deps/dogleg.Tpo -c dogleg.c -o dogleg.o >/dev/null 2>&1
libtool: compile:  gcc -DHAVE_CONFIG_H -I. -I.. -I.. -g -O2 -MT cgst.lo -MD -MP -MF .deps/cgst.Tpo -c cgst.c -o cgst.o >/dev/null 2>&1
libtool: compile:  gcc -DHAVE_CONFIG_H -I. -I.. -I.. -g -O2 -MT trust.lo -MD -MP -MF .deps/trust.Tpo -c trust.c -o trust.o >/dev/null 2>&1
libtool: compile:  gcc -DHAVE_CONFIG_H -I. -I.. -I.. -g -O2 -MT subspace2D.lo -MD -MP -MF .deps/subspace2D.Tpo -c subspace2D.c -o subspace2D.o >/dev/null 2>&1
libtool: link: ar cr .libs/libgslmultilarge_nlinear.a .libs/cgst.o .libs/cholesky.o .libs/convergence.o .libs/dogleg.o .libs/dummy.o .libs/fdf.o .libs/lm.o .libs/mcholesky.o .libs/scaling.o .libs/subspace2D.o .libs/trust.o 
libtool: link: ranlib .libs/libgslmultilarge_nlinear.a
libtool: link: ( cd ".libs" && rm -f "libgslmultilarge_nlinear.la" && ln -s "../libgslmultilarge_nlinear.la" "libgslmultilarge_nlinear.la" )
Making all in filter
libtool: compile:  gcc -DHAVE_CONFIG_H -I. -I.. -I.. -g -O2 -MT median.lo -MD -MP -MF .deps/median.Tpo -c median.c  -fPIC -DPIC -o .libs/median.o
libtool: compile:  gcc -DHAVE_CONFIG_H -I. -I.. -I.. -g -O2 -MT rmedian.lo -MD -MP -MF .deps/rmedian.Tpo -c rmedian.c  -fPIC -DPIC -o .libs/rmedian.o
libtool: compile:  gcc -DHAVE_CONFIG_H -I. -I.. -I.. -g -O2 -MT impulse.lo -MD -MP -MF .deps/impulse.Tpo -c impulse.c  -fPIC -DPIC -o .libs/impulse.o
libtool: compile:  gcc -DHAVE_CONFIG_H -I. -I.. -I.. -g -O2 -MT gaussian.lo -MD -MP -MF .deps/gaussian.Tpo -c gaussian.c  -fPIC -DPIC -o .libs/gaussian.o
libtool: compile:  gcc -DHAVE_CONFIG_H -I. -I.. -I.. -g -O2 -MT median.lo -MD -MP -MF .deps/median.Tpo -c median.c -o median.o >/dev/null 2>&1
libtool: compile:  gcc -DHAVE_CONFIG_H -I. -I.. -I.. -g -O2 -MT rmedian.lo -MD -MP -MF .deps/rmedian.Tpo -c rmedian.c -o rmedian.o >/dev/null 2>&1
libtool: compile:  gcc -DHAVE_CONFIG_H -I. -I.. -I.. -g -O2 -MT impulse.lo -MD -MP -MF .deps/impulse.Tpo -c impulse.c -o impulse.o >/dev/null 2>&1
libtool: compile:  gcc -DHAVE_CONFIG_H -I. -I.. -I.. -g -O2 -MT gaussian.lo -MD -MP -MF .deps/gaussian.Tpo -c gaussian.c -o gaussian.o >/dev/null 2>&1
libtool: link: ar cr .libs/libgslfilter.a .libs/gaussian.o .libs/impulse.o .libs/median.o .libs/rmedian.o 
libtool: link: ranlib .libs/libgslfilter.a
libtool: link: ( cd ".libs" && rm -f "libgslfilter.la" && ln -s "../libgslfilter.la" "libgslfilter.la" )
Making all in movstat
libtool: compile:  gcc -DHAVE_CONFIG_H -I. -I.. -I.. -g -O2 -MT apply.lo -MD -MP -MF .deps/apply.Tpo -c apply.c  -fPIC -DPIC -o .libs/apply.o
libtool: compile:  gcc -DHAVE_CONFIG_H -I. -I.. -I.. -g -O2 -MT movSn.lo -MD -MP -MF .deps/movSn.Tpo -c movSn.c  -fPIC -DPIC -o .libs/movSn.o
libtool: compile:  gcc -DHAVE_CONFIG_H -I. -I.. -I.. -g -O2 -MT alloc.lo -MD -MP -MF .deps/alloc.Tpo -c alloc.c  -fPIC -DPIC -o .libs/alloc.o
libtool: compile:  gcc -DHAVE_CONFIG_H -I. -I.. -I.. -g -O2 -MT movminmax.lo -MD -MP -MF .deps/movminmax.Tpo -c movminmax.c  -fPIC -DPIC -o .libs/movminmax.o
libtool: compile:  gcc -DHAVE_CONFIG_H -I. -I.. -I.. -g -O2 -MT medacc.lo -MD -MP -MF .deps/medacc.Tpo -c medacc.c  -fPIC -DPIC -o .libs/medacc.o
libtool: compile:  gcc -DHAVE_CONFIG_H -I. -I.. -I.. -g -O2 -MT movvariance.lo -MD -MP -MF .deps/movvariance.Tpo -c movvariance.c  -fPIC -DPIC -o .libs/movvariance.o
libtool: compile:  gcc -DHAVE_CONFIG_H -I. -I.. -I.. -g -O2 -MT movqqr.lo -MD -MP -MF .deps/movqqr.Tpo -c movqqr.c  -fPIC -DPIC -o .libs/movqqr.o
libtool: compile:  gcc -DHAVE_CONFIG_H -I. -I.. -I.. -g -O2 -MT funcacc.lo -MD -MP -MF .deps/funcacc.Tpo -c funcacc.c  -fPIC -DPIC -o .libs/funcacc.o
libtool: compile:  gcc -DHAVE_CONFIG_H -I. -I.. -I.. -g -O2 -MT movmedian.lo -MD -MP -MF .deps/movmedian.Tpo -c movmedian.c  -fPIC -DPIC -o .libs/movmedian.o
libtool: compile:  gcc -DHAVE_CONFIG_H -I. -I.. -I.. -g -O2 -MT fill.lo -MD -MP -MF .deps/fill.Tpo -c fill.c  -fPIC -DPIC -o .libs/fill.o
libtool: compile:  gcc -DHAVE_CONFIG_H -I. -I.. -I.. -g -O2 -MT qnacc.lo -MD -MP -MF .deps/qnacc.Tpo -c qnacc.c  -fPIC -DPIC -o .libs/qnacc.o
libtool: compile:  gcc -DHAVE_CONFIG_H -I. -I.. -I.. -g -O2 -MT movQn.lo -MD -MP -MF .deps/movQn.Tpo -c movQn.c  -fPIC -DPIC -o .libs/movQn.o
libtool: compile:  gcc -DHAVE_CONFIG_H -I. -I.. -I.. -g -O2 -MT mmacc.lo -MD -MP -MF .deps/mmacc.Tpo -c mmacc.c  -fPIC -DPIC -o .libs/mmacc.o
libtool: compile:  gcc -DHAVE_CONFIG_H -I. -I.. -I.. -g -O2 -MT madacc.lo -MD -MP -MF .deps/madacc.Tpo -c madacc.c  -fPIC -DPIC -o .libs/madacc.o
libtool: compile:  gcc -DHAVE_CONFIG_H -I. -I.. -I.. -g -O2 -MT movsum.lo -MD -MP -MF .deps/movsum.Tpo -c movsum.c  -fPIC -DPIC -o .libs/movsum.o
libtool: compile:  gcc -DHAVE_CONFIG_H -I. -I.. -I.. -g -O2 -MT movmad.lo -MD -MP -MF .deps/movmad.Tpo -c movmad.c  -fPIC -DPIC -o .libs/movmad.o
libtool: compile:  gcc -DHAVE_CONFIG_H -I. -I.. -I.. -g -O2 -MT movmean.lo -MD -MP -MF .deps/movmean.Tpo -c movmean.c  -fPIC -DPIC -o .libs/movmean.o
libtool: compile:  gcc -DHAVE_CONFIG_H -I. -I.. -I.. -g -O2 -MT mvacc.lo -MD -MP -MF .deps/mvacc.Tpo -c mvacc.c  -fPIC -DPIC -o .libs/mvacc.o
libtool: compile:  gcc -DHAVE_CONFIG_H -I. -I.. -I.. -g -O2 -MT qqracc.lo -MD -MP -MF .deps/qqracc.Tpo -c qqracc.c  -fPIC -DPIC -o .libs/qqracc.o
libtool: compile:  gcc -DHAVE_CONFIG_H -I. -I.. -I.. -g -O2 -MT sumacc.lo -MD -MP -MF .deps/sumacc.Tpo -c sumacc.c  -fPIC -DPIC -o .libs/sumacc.o
libtool: compile:  gcc -DHAVE_CONFIG_H -I. -I.. -I.. -g -O2 -MT snacc.lo -MD -MP -MF .deps/snacc.Tpo -c snacc.c  -fPIC -DPIC -o .libs/snacc.o
libtool: compile:  gcc -DHAVE_CONFIG_H -I. -I.. -I.. -g -O2 -MT movsum.lo -MD -MP -MF .deps/movsum.Tpo -c movsum.c -o movsum.o >/dev/null 2>&1
libtool: compile:  gcc -DHAVE_CONFIG_H -I. -I.. -I.. -g -O2 -MT movvariance.lo -MD -MP -MF .deps/movvariance.Tpo -c movvariance.c -o movvariance.o >/dev/null 2>&1
libtool: compile:  gcc -DHAVE_CONFIG_H -I. -I.. -I.. -g -O2 -MT movminmax.lo -MD -MP -MF .deps/movminmax.Tpo -c movminmax.c -o movminmax.o >/dev/null 2>&1
libtool: compile:  gcc -DHAVE_CONFIG_H -I. -I.. -I.. -g -O2 -MT movmean.lo -MD -MP -MF .deps/movmean.Tpo -c movmean.c -o movmean.o >/dev/null 2>&1
libtool: compile:  gcc -DHAVE_CONFIG_H -I. -I.. -I.. -g -O2 -MT movQn.lo -MD -MP -MF .deps/movQn.Tpo -c movQn.c -o movQn.o >/dev/null 2>&1
libtool: compile:  gcc -DHAVE_CONFIG_H -I. -I.. -I.. -g -O2 -MT movqqr.lo -MD -MP -MF .deps/movqqr.Tpo -c movqqr.c -o movqqr.o >/dev/null 2>&1
libtool: compile:  gcc -DHAVE_CONFIG_H -I. -I.. -I.. -g -O2 -MT fill.lo -MD -MP -MF .deps/fill.Tpo -c fill.c -o fill.o >/dev/null 2>&1
libtool: compile:  gcc -DHAVE_CONFIG_H -I. -I.. -I.. -g -O2 -MT movmedian.lo -MD -MP -MF .deps/movmedian.Tpo -c movmedian.c -o movmedian.o >/dev/null 2>&1
libtool: compile:  gcc -DHAVE_CONFIG_H -I. -I.. -I.. -g -O2 -MT alloc.lo -MD -MP -MF .deps/alloc.Tpo -c alloc.c -o alloc.o >/dev/null 2>&1
libtool: compile:  gcc -DHAVE_CONFIG_H -I. -I.. -I.. -g -O2 -MT funcacc.lo -MD -MP -MF .deps/funcacc.Tpo -c funcacc.c -o funcacc.o >/dev/null 2>&1
libtool: compile:  gcc -DHAVE_CONFIG_H -I. -I.. -I.. -g -O2 -MT madacc.lo -MD -MP -MF .deps/madacc.Tpo -c madacc.c -o madacc.o >/dev/null 2>&1
libtool: compile:  gcc -DHAVE_CONFIG_H -I. -I.. -I.. -g -O2 -MT qqracc.lo -MD -MP -MF .deps/qqracc.Tpo -c qqracc.c -o qqracc.o >/dev/null 2>&1
libtool: compile:  gcc -DHAVE_CONFIG_H -I. -I.. -I.. -g -O2 -MT medacc.lo -MD -MP -MF .deps/medacc.Tpo -c medacc.c -o medacc.o >/dev/null 2>&1
libtool: compile:  gcc -DHAVE_CONFIG_H -I. -I.. -I.. -g -O2 -MT movSn.lo -MD -MP -MF .deps/movSn.Tpo -c movSn.c -o movSn.o >/dev/null 2>&1
libtool: compile:  gcc -DHAVE_CONFIG_H -I. -I.. -I.. -g -O2 -MT sumacc.lo -MD -MP -MF .deps/sumacc.Tpo -c sumacc.c -o sumacc.o >/dev/null 2>&1
libtool: compile:  gcc -DHAVE_CONFIG_H -I. -I.. -I.. -g -O2 -MT apply.lo -MD -MP -MF .deps/apply.Tpo -c apply.c -o apply.o >/dev/null 2>&1
libtool: compile:  gcc -DHAVE_CONFIG_H -I. -I.. -I.. -g -O2 -MT snacc.lo -MD -MP -MF .deps/snacc.Tpo -c snacc.c -o snacc.o >/dev/null 2>&1
libtool: compile:  gcc -DHAVE_CONFIG_H -I. -I.. -I.. -g -O2 -MT movmad.lo -MD -MP -MF .deps/movmad.Tpo -c movmad.c -o movmad.o >/dev/null 2>&1
libtool: compile:  gcc -DHAVE_CONFIG_H -I. -I.. -I.. -g -O2 -MT qnacc.lo -MD -MP -MF .deps/qnacc.Tpo -c qnacc.c -o qnacc.o >/dev/null 2>&1
libtool: compile:  gcc -DHAVE_CONFIG_H -I. -I.. -I.. -g -O2 -MT mmacc.lo -MD -MP -MF .deps/mmacc.Tpo -c mmacc.c -o mmacc.o >/dev/null 2>&1
libtool: compile:  gcc -DHAVE_CONFIG_H -I. -I.. -I.. -g -O2 -MT mvacc.lo -MD -MP -MF .deps/mvacc.Tpo -c mvacc.c -o mvacc.o >/dev/null 2>&1
libtool: link: ar cr .libs/libgslmovstat.a .libs/alloc.o .libs/apply.o .libs/fill.o .libs/funcacc.o .libs/madacc.o .libs/medacc.o .libs/mmacc.o .libs/movmad.o .libs/movmean.o .libs/movmedian.o .libs/movminmax.o .libs/movsum.o .libs/movSn.o .libs/movQn.o .libs/movqqr.o .libs/movvariance.o .libs/mvacc.o .libs/qnacc.o .libs/qqracc.o .libs/snacc.o .libs/sumacc.o 
libtool: link: ranlib .libs/libgslmovstat.a
libtool: link: ( cd ".libs" && rm -f "libgslmovstat.la" && ln -s "../libgslmovstat.la" "libgslmovstat.la" )
Making all in rstat
libtool: compile:  gcc -DHAVE_CONFIG_H -I. -I.. -I.. -g -O2 -MT rquantile.lo -MD -MP -MF .deps/rquantile.Tpo -c rquantile.c  -fPIC -DPIC -o .libs/rquantile.o
libtool: compile:  gcc -DHAVE_CONFIG_H -I. -I.. -I.. -g -O2 -MT rstat.lo -MD -MP -MF .deps/rstat.Tpo -c rstat.c  -fPIC -DPIC -o .libs/rstat.o
libtool: compile:  gcc -DHAVE_CONFIG_H -I. -I.. -I.. -g -O2 -MT rquantile.lo -MD -MP -MF .deps/rquantile.Tpo -c rquantile.c -o rquantile.o >/dev/null 2>&1
libtool: compile:  gcc -DHAVE_CONFIG_H -I. -I.. -I.. -g -O2 -MT rstat.lo -MD -MP -MF .deps/rstat.Tpo -c rstat.c -o rstat.o >/dev/null 2>&1
libtool: link: ar cr .libs/libgslrstat.a .libs/rstat.o .libs/rquantile.o 
libtool: link: ranlib .libs/libgslrstat.a
libtool: link: ( cd ".libs" && rm -f "libgslrstat.la" && ln -s "../libgslrstat.la" "libgslrstat.la" )
Making all in statistics
libtool: compile:  gcc -DHAVE_CONFIG_H -I. -I.. -I.. -g -O2 -MT Sn.lo -MD -MP -MF .deps/Sn.Tpo -c Sn.c  -fPIC -DPIC -o .libs/Sn.o
libtool: compile:  gcc -DHAVE_CONFIG_H -I. -I.. -I.. -g -O2 -MT ttest.lo -MD -MP -MF .deps/ttest.Tpo -c ttest.c  -fPIC -DPIC -o .libs/ttest.o
libtool: compile:  gcc -DHAVE_CONFIG_H -I. -I.. -I.. -g -O2 -MT mean.lo -MD -MP -MF .deps/mean.Tpo -c mean.c  -fPIC -DPIC -o .libs/mean.o
libtool: compile:  gcc -DHAVE_CONFIG_H -I. -I.. -I.. -g -O2 -MT covariance.lo -MD -MP -MF .deps/covariance.Tpo -c covariance.c  -fPIC -DPIC -o .libs/covariance.o
libtool: compile:  gcc -DHAVE_CONFIG_H -I. -I.. -I.. -g -O2 -MT median.lo -MD -MP -MF .deps/median.Tpo -c median.c  -fPIC -DPIC -o .libs/median.o
libtool: compile:  gcc -DHAVE_CONFIG_H -I. -I.. -I.. -g -O2 -MT kurtosis.lo -MD -MP -MF .deps/kurtosis.Tpo -c kurtosis.c  -fPIC -DPIC -o .libs/kurtosis.o
libtool: compile:  gcc -DHAVE_CONFIG_H -I. -I.. -I.. -g -O2 -MT skew.lo -MD -MP -MF .deps/skew.Tpo -c skew.c  -fPIC -DPIC -o .libs/skew.o
libtool: compile:  gcc -DHAVE_CONFIG_H -I. -I.. -I.. -g -O2 -MT mad.lo -MD -MP -MF .deps/mad.Tpo -c mad.c  -fPIC -DPIC -o .libs/mad.o
libtool: compile:  gcc -DHAVE_CONFIG_H -I. -I.. -I.. -g -O2 -MT variance.lo -MD -MP -MF .deps/variance.Tpo -c variance.c  -fPIC -DPIC -o .libs/variance.o
libtool: compile:  gcc -DHAVE_CONFIG_H -I. -I.. -I.. -g -O2 -MT trmean.lo -MD -MP -MF .deps/trmean.Tpo -c trmean.c  -fPIC -DPIC -o .libs/trmean.o
libtool: compile:  gcc -DHAVE_CONFIG_H -I. -I.. -I.. -g -O2 -MT Qn.lo -MD -MP -MF .deps/Qn.Tpo -c Qn.c  -fPIC -DPIC -o .libs/Qn.o
libtool: compile:  gcc -DHAVE_CONFIG_H -I. -I.. -I.. -g -O2 -MT absdev.lo -MD -MP -MF .deps/absdev.Tpo -c absdev.c  -fPIC -DPIC -o .libs/absdev.o
libtool: compile:  gcc -DHAVE_CONFIG_H -I. -I.. -I.. -g -O2 -MT quantiles.lo -MD -MP -MF .deps/quantiles.Tpo -c quantiles.c  -fPIC -DPIC -o .libs/quantiles.o
libtool: compile:  gcc -DHAVE_CONFIG_H -I. -I.. -I.. -g -O2 -MT select.lo -MD -MP -MF .deps/select.Tpo -c select.c  -fPIC -DPIC -o .libs/select.o
libtool: compile:  gcc -DHAVE_CONFIG_H -I. -I.. -I.. -g -O2 -MT p_variance.lo -MD -MP -MF .deps/p_variance.Tpo -c p_variance.c  -fPIC -DPIC -o .libs/p_variance.o
libtool: compile:  gcc -DHAVE_CONFIG_H -I. -I.. -I.. -g -O2 -MT wskew.lo -MD -MP -MF .deps/wskew.Tpo -c wskew.c  -fPIC -DPIC -o .libs/wskew.o
libtool: compile:  gcc -DHAVE_CONFIG_H -I. -I.. -I.. -g -O2 -MT gastwirth.lo -MD -MP -MF .deps/gastwirth.Tpo -c gastwirth.c  -fPIC -DPIC -o .libs/gastwirth.o
libtool: compile:  gcc -DHAVE_CONFIG_H -I. -I.. -I.. -g -O2 -MT minmax.lo -MD -MP -MF .deps/minmax.Tpo -c minmax.c  -fPIC -DPIC -o .libs/minmax.o
libtool: compile:  gcc -DHAVE_CONFIG_H -I. -I.. -I.. -g -O2 -MT wvariance.lo -MD -MP -MF .deps/wvariance.Tpo -c wvariance.c  -fPIC -DPIC -o .libs/wvariance.o
libtool: compile:  gcc -DHAVE_CONFIG_H -I. -I.. -I.. -g -O2 -MT lag1.lo -MD -MP -MF .deps/lag1.Tpo -c lag1.c  -fPIC -DPIC -o .libs/lag1.o
libtool: compile:  gcc -DHAVE_CONFIG_H -I. -I.. -I.. -g -O2 -MT wabsdev.lo -MD -MP -MF .deps/wabsdev.Tpo -c wabsdev.c  -fPIC -DPIC -o .libs/wabsdev.o
libtool: compile:  gcc -DHAVE_CONFIG_H -I. -I.. -I.. -g -O2 -MT wmean.lo -MD -MP -MF .deps/wmean.Tpo -c wmean.c  -fPIC -DPIC -o .libs/wmean.o
libtool: compile:  gcc -DHAVE_CONFIG_H -I. -I.. -I.. -g -O2 -MT wkurtosis.lo -MD -MP -MF .deps/wkurtosis.Tpo -c wkurtosis.c  -fPIC -DPIC -o .libs/wkurtosis.o
libtool: compile:  gcc -DHAVE_CONFIG_H -I. -I.. -I.. -g -O2 -MT p_variance.lo -MD -MP -MF .deps/p_variance.Tpo -c p_variance.c -o p_variance.o >/dev/null 2>&1
libtool: compile:  gcc -DHAVE_CONFIG_H -I. -I.. -I.. -g -O2 -MT mean.lo -MD -MP -MF .deps/mean.Tpo -c mean.c -o mean.o >/dev/null 2>&1
libtool: compile:  gcc -DHAVE_CONFIG_H -I. -I.. -I.. -g -O2 -MT gastwirth.lo -MD -MP -MF .deps/gastwirth.Tpo -c gastwirth.c -o gastwirth.o >/dev/null 2>&1
libtool: compile:  gcc -DHAVE_CONFIG_H -I. -I.. -I.. -g -O2 -MT kurtosis.lo -MD -MP -MF .deps/kurtosis.Tpo -c kurtosis.c -o kurtosis.o >/dev/null 2>&1
libtool: compile:  gcc -DHAVE_CONFIG_H -I. -I.. -I.. -g -O2 -MT median.lo -MD -MP -MF .deps/median.Tpo -c median.c -o median.o >/dev/null 2>&1
libtool: compile:  gcc -DHAVE_CONFIG_H -I. -I.. -I.. -g -O2 -MT wkurtosis.lo -MD -MP -MF .deps/wkurtosis.Tpo -c wkurtosis.c -o wkurtosis.o >/dev/null 2>&1
libtool: compile:  gcc -DHAVE_CONFIG_H -I. -I.. -I.. -g -O2 -MT wskew.lo -MD -MP -MF .deps/wskew.Tpo -c wskew.c -o wskew.o >/dev/null 2>&1
libtool: compile:  gcc -DHAVE_CONFIG_H -I. -I.. -I.. -g -O2 -MT wabsdev.lo -MD -MP -MF .deps/wabsdev.Tpo -c wabsdev.c -o wabsdev.o >/dev/null 2>&1
libtool: compile:  gcc -DHAVE_CONFIG_H -I. -I.. -I.. -g -O2 -MT trmean.lo -MD -MP -MF .deps/trmean.Tpo -c trmean.c -o trmean.o >/dev/null 2>&1
libtool: compile:  gcc -DHAVE_CONFIG_H -I. -I.. -I.. -g -O2 -MT wmean.lo -MD -MP -MF .deps/wmean.Tpo -c wmean.c -o wmean.o >/dev/null 2>&1
libtool: compile:  gcc -DHAVE_CONFIG_H -I. -I.. -I.. -g -O2 -MT skew.lo -MD -MP -MF .deps/skew.Tpo -c skew.c -o skew.o >/dev/null 2>&1
libtool: compile:  gcc -DHAVE_CONFIG_H -I. -I.. -I.. -g -O2 -MT quantiles.lo -MD -MP -MF .deps/quantiles.Tpo -c quantiles.c -o quantiles.o >/dev/null 2>&1
libtool: compile:  gcc -DHAVE_CONFIG_H -I. -I.. -I.. -g -O2 -MT ttest.lo -MD -MP -MF .deps/ttest.Tpo -c ttest.c -o ttest.o >/dev/null 2>&1
libtool: compile:  gcc -DHAVE_CONFIG_H -I. -I.. -I.. -g -O2 -MT mad.lo -MD -MP -MF .deps/mad.Tpo -c mad.c -o mad.o >/dev/null 2>&1
libtool: compile:  gcc -DHAVE_CONFIG_H -I. -I.. -I.. -g -O2 -MT absdev.lo -MD -MP -MF .deps/absdev.Tpo -c absdev.c -o absdev.o >/dev/null 2>&1
libtool: compile:  gcc -DHAVE_CONFIG_H -I. -I.. -I.. -g -O2 -MT wvariance.lo -MD -MP -MF .deps/wvariance.Tpo -c wvariance.c -o wvariance.o >/dev/null 2>&1
libtool: compile:  gcc -DHAVE_CONFIG_H -I. -I.. -I.. -g -O2 -MT lag1.lo -MD -MP -MF .deps/lag1.Tpo -c lag1.c -o lag1.o >/dev/null 2>&1
libtool: compile:  gcc -DHAVE_CONFIG_H -I. -I.. -I.. -g -O2 -MT select.lo -MD -MP -MF .deps/select.Tpo -c select.c -o select.o >/dev/null 2>&1
libtool: compile:  gcc -DHAVE_CONFIG_H -I. -I.. -I.. -g -O2 -MT minmax.lo -MD -MP -MF .deps/minmax.Tpo -c minmax.c -o minmax.o >/dev/null 2>&1
libtool: compile:  gcc -DHAVE_CONFIG_H -I. -I.. -I.. -g -O2 -MT variance.lo -MD -MP -MF .deps/variance.Tpo -c variance.c -o variance.o >/dev/null 2>&1
libtool: compile:  gcc -DHAVE_CONFIG_H -I. -I.. -I.. -g -O2 -MT covariance.lo -MD -MP -MF .deps/covariance.Tpo -c covariance.c -o covariance.o >/dev/null 2>&1
libtool: compile:  gcc -DHAVE_CONFIG_H -I. -I.. -I.. -g -O2 -MT Sn.lo -MD -MP -MF .deps/Sn.Tpo -c Sn.c -o Sn.o >/dev/null 2>&1
libtool: compile:  gcc -DHAVE_CONFIG_H -I. -I.. -I.. -g -O2 -MT Qn.lo -MD -MP -MF .deps/Qn.Tpo -c Qn.c -o Qn.o >/dev/null 2>&1
libtool: link: ar cr .libs/libgslstatistics.a .libs/mean.o .libs/variance.o .libs/absdev.o .libs/skew.o .libs/kurtosis.o .libs/lag1.o .libs/p_variance.o .libs/minmax.o .libs/ttest.o .libs/mad.o .libs/median.o .libs/covariance.o .libs/quantiles.o .libs/select.o .libs/Sn.o .libs/Qn.o .libs/gastwirth.o .libs/trmean.o .libs/wmean.o .libs/wvariance.o .libs/wabsdev.o .libs/wskew.o .libs/wkurtosis.o 
libtool: link: ranlib .libs/libgslstatistics.a
libtool: link: ( cd ".libs" && rm -f "libgslstatistics.la" && ln -s "../libgslstatistics.la" "libgslstatistics.la" )
Making all in siman
libtool: compile:  gcc -DHAVE_CONFIG_H -I. -I.. -I.. -g -O2 -MT siman.lo -MD -MP -MF .deps/siman.Tpo -c siman.c  -fPIC -DPIC -o .libs/siman.o
libtool: compile:  gcc -DHAVE_CONFIG_H -I. -I.. -I.. -g -O2 -MT siman.lo -MD -MP -MF .deps/siman.Tpo -c siman.c -o siman.o >/dev/null 2>&1
libtool: link: ar cr .libs/libgslsiman.a .libs/siman.o 
libtool: link: ranlib .libs/libgslsiman.a
libtool: link: ( cd ".libs" && rm -f "libgslsiman.la" && ln -s "../libgslsiman.la" "libgslsiman.la" )
libtool: link: gcc -g -O2 -o siman_tsp siman_tsp.o  ./.libs/libgslsiman.a ../rng/.libs/libgslrng.a ../ieee-utils/.libs/libgslieeeutils.a ../err/.libs/libgslerr.a ../sys/.libs/libgslsys.a ../utils/.libs/libutils.a -lm
Making all in sum
libtool: compile:  gcc -DHAVE_CONFIG_H -I. -I.. -I.. -g -O2 -MT work_utrunc.lo -MD -MP -MF .deps/work_utrunc.Tpo -c work_utrunc.c  -fPIC -DPIC -o .libs/work_utrunc.o
libtool: compile:  gcc -DHAVE_CONFIG_H -I. -I.. -I.. -g -O2 -MT levin_u.lo -MD -MP -MF .deps/levin_u.Tpo -c levin_u.c  -fPIC -DPIC -o .libs/levin_u.o
libtool: compile:  gcc -DHAVE_CONFIG_H -I. -I.. -I.. -g -O2 -MT levin_utrunc.lo -MD -MP -MF .deps/levin_utrunc.Tpo -c levin_utrunc.c  -fPIC -DPIC -o .libs/levin_utrunc.o
libtool: compile:  gcc -DHAVE_CONFIG_H -I. -I.. -I.. -g -O2 -MT work_u.lo -MD -MP -MF .deps/work_u.Tpo -c work_u.c  -fPIC -DPIC -o .libs/work_u.o
libtool: compile:  gcc -DHAVE_CONFIG_H -I. -I.. -I.. -g -O2 -MT work_u.lo -MD -MP -MF .deps/work_u.Tpo -c work_u.c -o work_u.o >/dev/null 2>&1
libtool: compile:  gcc -DHAVE_CONFIG_H -I. -I.. -I.. -g -O2 -MT work_utrunc.lo -MD -MP -MF .deps/work_utrunc.Tpo -c work_utrunc.c -o work_utrunc.o >/dev/null 2>&1
libtool: compile:  gcc -DHAVE_CONFIG_H -I. -I.. -I.. -g -O2 -MT levin_utrunc.lo -MD -MP -MF .deps/levin_utrunc.Tpo -c levin_utrunc.c -o levin_utrunc.o >/dev/null 2>&1
libtool: compile:  gcc -DHAVE_CONFIG_H -I. -I.. -I.. -g -O2 -MT levin_u.lo -MD -MP -MF .deps/levin_u.Tpo -c levin_u.c -o levin_u.o >/dev/null 2>&1
libtool: link: ar cr .libs/libgslsum.a .libs/levin_u.o .libs/levin_utrunc.o .libs/work_u.o .libs/work_utrunc.o 
libtool: link: ranlib .libs/libgslsum.a
libtool: link: ( cd ".libs" && rm -f "libgslsum.la" && ln -s "../libgslsum.la" "libgslsum.la" )
Making all in integration
libtool: compile:  gcc -DHAVE_CONFIG_H -I. -I.. -I.. -g -O2 -MT qmomo.lo -MD -MP -MF .deps/qmomo.Tpo -c qmomo.c  -fPIC -DPIC -o .libs/qmomo.o
libtool: compile:  gcc -DHAVE_CONFIG_H -I. -I.. -I.. -g -O2 -MT qk41.lo -MD -MP -MF .deps/qk41.Tpo -c qk41.c  -fPIC -DPIC -o .libs/qk41.o
libtool: compile:  gcc -DHAVE_CONFIG_H -I. -I.. -I.. -g -O2 -MT qags.lo -MD -MP -MF .deps/qags.Tpo -c qags.c  -fPIC -DPIC -o .libs/qags.o
libtool: compile:  gcc -DHAVE_CONFIG_H -I. -I.. -I.. -g -O2 -MT qag.lo -MD -MP -MF .deps/qag.Tpo -c qag.c  -fPIC -DPIC -o .libs/qag.o
libtool: compile:  gcc -DHAVE_CONFIG_H -I. -I.. -I.. -g -O2 -MT qk.lo -MD -MP -MF .deps/qk.Tpo -c qk.c  -fPIC -DPIC -o .libs/qk.o
libtool: compile:  gcc -DHAVE_CONFIG_H -I. -I.. -I.. -g -O2 -MT qk61.lo -MD -MP -MF .deps/qk61.Tpo -c qk61.c  -fPIC -DPIC -o .libs/qk61.o
libtool: compile:  gcc -DHAVE_CONFIG_H -I. -I.. -I.. -g -O2 -MT qcheb.lo -MD -MP -MF .deps/qcheb.Tpo -c qcheb.c  -fPIC -DPIC -o .libs/qcheb.o
libtool: compile:  gcc -DHAVE_CONFIG_H -I. -I.. -I.. -g -O2 -MT qagp.lo -MD -MP -MF .deps/qagp.Tpo -c qagp.c  -fPIC -DPIC -o .libs/qagp.o
libtool: compile:  gcc -DHAVE_CONFIG_H -I. -I.. -I.. -g -O2 -MT qk15.lo -MD -MP -MF .deps/qk15.Tpo -c qk15.c  -fPIC -DPIC -o .libs/qk15.o
libtool: compile:  gcc -DHAVE_CONFIG_H -I. -I.. -I.. -g -O2 -MT qawc.lo -MD -MP -MF .deps/qawc.Tpo -c qawc.c  -fPIC -DPIC -o .libs/qawc.o
libtool: compile:  gcc -DHAVE_CONFIG_H -I. -I.. -I.. -g -O2 -MT qk21.lo -MD -MP -MF .deps/qk21.Tpo -c qk21.c  -fPIC -DPIC -o .libs/qk21.o
libtool: compile:  gcc -DHAVE_CONFIG_H -I. -I.. -I.. -g -O2 -MT fixed.lo -MD -MP -MF .deps/fixed.Tpo -c fixed.c  -fPIC -DPIC -o .libs/fixed.o
libtool: compile:  gcc -DHAVE_CONFIG_H -I. -I.. -I.. -g -O2 -MT qaws.lo -MD -MP -MF .deps/qaws.Tpo -c qaws.c  -fPIC -DPIC -o .libs/qaws.o
libtool: compile:  gcc -DHAVE_CONFIG_H -I. -I.. -I.. -g -O2 -MT qawo.lo -MD -MP -MF .deps/qawo.Tpo -c qawo.c  -fPIC -DPIC -o .libs/qawo.o
libtool: compile:  gcc -DHAVE_CONFIG_H -I. -I.. -I.. -g -O2 -MT qmomof.lo -MD -MP -MF .deps/qmomof.Tpo -c qmomof.c  -fPIC -DPIC -o .libs/qmomof.o
libtool: compile:  gcc -DHAVE_CONFIG_H -I. -I.. -I.. -g -O2 -MT workspace.lo -MD -MP -MF .deps/workspace.Tpo -c workspace.c  -fPIC -DPIC -o .libs/workspace.o
libtool: compile:  gcc -DHAVE_CONFIG_H -I. -I.. -I.. -g -O2 -MT qk51.lo -MD -MP -MF .deps/qk51.Tpo -c qk51.c  -fPIC -DPIC -o .libs/qk51.o
libtool: compile:  gcc -DHAVE_CONFIG_H -I. -I.. -I.. -g -O2 -MT cquad.lo -MD -MP -MF .deps/cquad.Tpo -c cquad.c  -fPIC -DPIC -o .libs/cquad.o
libtool: compile:  gcc -DHAVE_CONFIG_H -I. -I.. -I.. -g -O2 -MT qk31.lo -MD -MP -MF .deps/qk31.Tpo -c qk31.c  -fPIC -DPIC -o .libs/qk31.o
libtool: compile:  gcc -DHAVE_CONFIG_H -I. -I.. -I.. -g -O2 -MT glfixed.lo -MD -MP -MF .deps/glfixed.Tpo -c glfixed.c  -fPIC -DPIC -o .libs/glfixed.o
libtool: compile:  gcc -DHAVE_CONFIG_H -I. -I.. -I.. -g -O2 -MT chebyshev.lo -MD -MP -MF .deps/chebyshev.Tpo -c chebyshev.c  -fPIC -DPIC -o .libs/chebyshev.o
libtool: compile:  gcc -DHAVE_CONFIG_H -I. -I.. -I.. -g -O2 -MT qng.lo -MD -MP -MF .deps/qng.Tpo -c qng.c  -fPIC -DPIC -o .libs/qng.o
libtool: compile:  gcc -DHAVE_CONFIG_H -I. -I.. -I.. -g -O2 -MT chebyshev2.lo -MD -MP -MF .deps/chebyshev2.Tpo -c chebyshev2.c  -fPIC -DPIC -o .libs/chebyshev2.o
libtool: compile:  gcc -DHAVE_CONFIG_H -I. -I.. -I.. -g -O2 -MT qawf.lo -MD -MP -MF .deps/qawf.Tpo -c qawf.c  -fPIC -DPIC -o .libs/qawf.o
libtool: compile:  gcc -DHAVE_CONFIG_H -I. -I.. -I.. -g -O2 -MT qk15.lo -MD -MP -MF .deps/qk15.Tpo -c qk15.c -o qk15.o >/dev/null 2>&1
libtool: compile:  gcc -DHAVE_CONFIG_H -I. -I.. -I.. -g -O2 -MT qk41.lo -MD -MP -MF .deps/qk41.Tpo -c qk41.c -o qk41.o >/dev/null 2>&1
libtool: compile:  gcc -DHAVE_CONFIG_H -I. -I.. -I.. -g -O2 -MT qk61.lo -MD -MP -MF .deps/qk61.Tpo -c qk61.c -o qk61.o >/dev/null 2>&1
libtool: compile:  gcc -DHAVE_CONFIG_H -I. -I.. -I.. -g -O2 -MT qk21.lo -MD -MP -MF .deps/qk21.Tpo -c qk21.c -o qk21.o >/dev/null 2>&1
libtool: compile:  gcc -DHAVE_CONFIG_H -I. -I.. -I.. -g -O2 -MT qk31.lo -MD -MP -MF .deps/qk31.Tpo -c qk31.c -o qk31.o >/dev/null 2>&1
libtool: compile:  gcc -DHAVE_CONFIG_H -I. -I.. -I.. -g -O2 -MT chebyshev.lo -MD -MP -MF .deps/chebyshev.Tpo -c chebyshev.c -o chebyshev.o >/dev/null 2>&1
libtool: compile:  gcc -DHAVE_CONFIG_H -I. -I.. -I.. -g -O2 -MT chebyshev2.lo -MD -MP -MF .deps/chebyshev2.Tpo -c chebyshev2.c -o chebyshev2.o >/dev/null 2>&1
libtool: compile:  gcc -DHAVE_CONFIG_H -I. -I.. -I.. -g -O2 -MT qmomo.lo -MD -MP -MF .deps/qmomo.Tpo -c qmomo.c -o qmomo.o >/dev/null 2>&1
libtool: compile:  gcc -DHAVE_CONFIG_H -I. -I.. -I.. -g -O2 -MT qk51.lo -MD -MP -MF .deps/qk51.Tpo -c qk51.c -o qk51.o >/dev/null 2>&1
libtool: compile:  gcc -DHAVE_CONFIG_H -I. -I.. -I.. -g -O2 -MT qcheb.lo -MD -MP -MF .deps/qcheb.Tpo -c qcheb.c -o qcheb.o >/dev/null 2>&1
libtool: compile:  gcc -DHAVE_CONFIG_H -I. -I.. -I.. -g -O2 -MT qk.lo -MD -MP -MF .deps/qk.Tpo -c qk.c -o qk.o >/dev/null 2>&1
libtool: compile:  gcc -DHAVE_CONFIG_H -I. -I.. -I.. -g -O2 -MT workspace.lo -MD -MP -MF .deps/workspace.Tpo -c workspace.c -o workspace.o >/dev/null 2>&1
libtool: compile:  gcc -DHAVE_CONFIG_H -I. -I.. -I.. -g -O2 -MT qmomof.lo -MD -MP -MF .deps/qmomof.Tpo -c qmomof.c -o qmomof.o >/dev/null 2>&1
libtool: compile:  gcc -DHAVE_CONFIG_H -I. -I.. -I.. -g -O2 -MT qng.lo -MD -MP -MF .deps/qng.Tpo -c qng.c -o qng.o >/dev/null 2>&1
libtool: compile:  gcc -DHAVE_CONFIG_H -I. -I.. -I.. -g -O2 -MT legendre.lo -MD -MP -MF .deps/legendre.Tpo -c legendre.c  -fPIC -DPIC -o .libs/legendre.o
libtool: compile:  gcc -DHAVE_CONFIG_H -I. -I.. -I.. -g -O2 -MT hermite.lo -MD -MP -MF .deps/hermite.Tpo -c hermite.c  -fPIC -DPIC -o .libs/hermite.o
libtool: compile:  gcc -DHAVE_CONFIG_H -I. -I.. -I.. -g -O2 -MT glfixed.lo -MD -MP -MF .deps/glfixed.Tpo -c glfixed.c -o glfixed.o >/dev/null 2>&1
libtool: compile:  gcc -DHAVE_CONFIG_H -I. -I.. -I.. -g -O2 -MT qag.lo -MD -MP -MF .deps/qag.Tpo -c qag.c -o qag.o >/dev/null 2>&1
libtool: compile:  gcc -DHAVE_CONFIG_H -I. -I.. -I.. -g -O2 -MT qawc.lo -MD -MP -MF .deps/qawc.Tpo -c qawc.c -o qawc.o >/dev/null 2>&1
libtool: compile:  gcc -DHAVE_CONFIG_H -I. -I.. -I.. -g -O2 -MT fixed.lo -MD -MP -MF .deps/fixed.Tpo -c fixed.c -o fixed.o >/dev/null 2>&1
libtool: compile:  gcc -DHAVE_CONFIG_H -I. -I.. -I.. -g -O2 -MT laguerre.lo -MD -MP -MF .deps/laguerre.Tpo -c laguerre.c  -fPIC -DPIC -o .libs/laguerre.o
libtool: compile:  gcc -DHAVE_CONFIG_H -I. -I.. -I.. -g -O2 -MT qawf.lo -MD -MP -MF .deps/qawf.Tpo -c qawf.c -o qawf.o >/dev/null 2>&1
libtool: compile:  gcc -DHAVE_CONFIG_H -I. -I.. -I.. -g -O2 -MT gegenbauer.lo -MD -MP -MF .deps/gegenbauer.Tpo -c gegenbauer.c  -fPIC -DPIC -o .libs/gegenbauer.o
libtool: compile:  gcc -DHAVE_CONFIG_H -I. -I.. -I.. -g -O2 -MT jacobi.lo -MD -MP -MF .deps/jacobi.Tpo -c jacobi.c  -fPIC -DPIC -o .libs/jacobi.o
libtool: compile:  gcc -DHAVE_CONFIG_H -I. -I.. -I.. -g -O2 -MT exponential.lo -MD -MP -MF .deps/exponential.Tpo -c exponential.c  -fPIC -DPIC -o .libs/exponential.o
libtool: compile:  gcc -DHAVE_CONFIG_H -I. -I.. -I.. -g -O2 -MT legendre.lo -MD -MP -MF .deps/legendre.Tpo -c legendre.c -o legendre.o >/dev/null 2>&1
libtool: compile:  gcc -DHAVE_CONFIG_H -I. -I.. -I.. -g -O2 -MT lebedev.lo -MD -MP -MF .deps/lebedev.Tpo -c lebedev.c  -fPIC -DPIC -o .libs/lebedev.o
libtool: compile:  gcc -DHAVE_CONFIG_H -I. -I.. -I.. -g -O2 -MT rational.lo -MD -MP -MF .deps/rational.Tpo -c rational.c  -fPIC -DPIC -o .libs/rational.o
libtool: compile:  gcc -DHAVE_CONFIG_H -I. -I.. -I.. -g -O2 -MT hermite.lo -MD -MP -MF .deps/hermite.Tpo -c hermite.c -o hermite.o >/dev/null 2>&1
libtool: compile:  gcc -DHAVE_CONFIG_H -I. -I.. -I.. -g -O2 -MT qaws.lo -MD -MP -MF .deps/qaws.Tpo -c qaws.c -o qaws.o >/dev/null 2>&1
libtool: compile:  gcc -DHAVE_CONFIG_H -I. -I.. -I.. -g -O2 -MT jacobi.lo -MD -MP -MF .deps/jacobi.Tpo -c jacobi.c -o jacobi.o >/dev/null 2>&1
libtool: compile:  gcc -DHAVE_CONFIG_H -I. -I.. -I.. -g -O2 -MT laguerre.lo -MD -MP -MF .deps/laguerre.Tpo -c laguerre.c -o laguerre.o >/dev/null 2>&1
libtool: compile:  gcc -DHAVE_CONFIG_H -I. -I.. -I.. -g -O2 -MT romberg.lo -MD -MP -MF .deps/romberg.Tpo -c romberg.c  -fPIC -DPIC -o .libs/romberg.o
libtool: compile:  gcc -DHAVE_CONFIG_H -I. -I.. -I.. -g -O2 -MT gegenbauer.lo -MD -MP -MF .deps/gegenbauer.Tpo -c gegenbauer.c -o gegenbauer.o >/dev/null 2>&1
libtool: compile:  gcc -DHAVE_CONFIG_H -I. -I.. -I.. -g -O2 -MT exponential.lo -MD -MP -MF .deps/exponential.Tpo -c exponential.c -o exponential.o >/dev/null 2>&1
libtool: compile:  gcc -DHAVE_CONFIG_H -I. -I.. -I.. -g -O2 -MT qawo.lo -MD -MP -MF .deps/qawo.Tpo -c qawo.c -o qawo.o >/dev/null 2>&1
libtool: compile:  gcc -DHAVE_CONFIG_H -I. -I.. -I.. -g -O2 -MT rational.lo -MD -MP -MF .deps/rational.Tpo -c rational.c -o rational.o >/dev/null 2>&1
libtool: compile:  gcc -DHAVE_CONFIG_H -I. -I.. -I.. -g -O2 -MT qags.lo -MD -MP -MF .deps/qags.Tpo -c qags.c -o qags.o >/dev/null 2>&1
libtool: compile:  gcc -DHAVE_CONFIG_H -I. -I.. -I.. -g -O2 -MT qagp.lo -MD -MP -MF .deps/qagp.Tpo -c qagp.c -o qagp.o >/dev/null 2>&1
libtool: compile:  gcc -DHAVE_CONFIG_H -I. -I.. -I.. -g -O2 -MT romberg.lo -MD -MP -MF .deps/romberg.Tpo -c romberg.c -o romberg.o >/dev/null 2>&1
libtool: compile:  gcc -DHAVE_CONFIG_H -I. -I.. -I.. -g -O2 -MT cquad.lo -MD -MP -MF .deps/cquad.Tpo -c cquad.c -o cquad.o >/dev/null 2>&1
libtool: compile:  gcc -DHAVE_CONFIG_H -I. -I.. -I.. -g -O2 -MT lebedev.lo -MD -MP -MF .deps/lebedev.Tpo -c lebedev.c -o lebedev.o >/dev/null 2>&1
libtool: link: ar cr .libs/libgslintegration.a .libs/qk15.o .libs/qk21.o .libs/qk31.o .libs/qk41.o .libs/qk51.o .libs/qk61.o .libs/qk.o .libs/qng.o .libs/qag.o .libs/qags.o .libs/qagp.o .libs/workspace.o .libs/qcheb.o .libs/qawc.o .libs/qmomo.o .libs/qaws.o .libs/qmomof.o .libs/qawo.o .libs/qawf.o .libs/glfixed.o .libs/cquad.o .libs/fixed.o .libs/chebyshev.o .libs/chebyshev2.o .libs/legendre.o .libs/hermite.o .libs/laguerre.o .libs/gegenbauer.o .libs/jacobi.o .libs/exponential.o .libs/lebedev.o .libs/rational.o .libs/romberg.o 
libtool: link: ranlib .libs/libgslintegration.a
libtool: link: ( cd ".libs" && rm -f "libgslintegration.la" && ln -s "../libgslintegration.la" "libgslintegration.la" )
Making all in interpolation
libtool: compile:  gcc -DHAVE_CONFIG_H -I. -I.. -I.. -g -O2 -MT linear.lo -MD -MP -MF .deps/linear.Tpo -c linear.c  -fPIC -DPIC -o .libs/linear.o
libtool: compile:  gcc -DHAVE_CONFIG_H -I. -I.. -I.. -g -O2 -MT steffen.lo -MD -MP -MF .deps/steffen.Tpo -c steffen.c  -fPIC -DPIC -o .libs/steffen.o
libtool: compile:  gcc -DHAVE_CONFIG_H -I. -I.. -I.. -g -O2 -MT interp2d.lo -MD -MP -MF .deps/interp2d.Tpo -c interp2d.c  -fPIC -DPIC -o .libs/interp2d.o
libtool: compile:  gcc -DHAVE_CONFIG_H -I. -I.. -I.. -g -O2 -MT spline2d.lo -MD -MP -MF .deps/spline2d.Tpo -c spline2d.c  -fPIC -DPIC -o .libs/spline2d.o
libtool: compile:  gcc -DHAVE_CONFIG_H -I. -I.. -I.. -g -O2 -MT bilinear.lo -MD -MP -MF .deps/bilinear.Tpo -c bilinear.c  -fPIC -DPIC -o .libs/bilinear.o
libtool: compile:  gcc -DHAVE_CONFIG_H -I. -I.. -I.. -g -O2 -MT akima.lo -MD -MP -MF .deps/akima.Tpo -c akima.c  -fPIC -DPIC -o .libs/akima.o
libtool: compile:  gcc -DHAVE_CONFIG_H -I. -I.. -I.. -g -O2 -MT accel.lo -MD -MP -MF .deps/accel.Tpo -c accel.c  -fPIC -DPIC -o .libs/accel.o
libtool: compile:  gcc -DHAVE_CONFIG_H -I. -I.. -I.. -g -O2 -MT cspline.lo -MD -MP -MF .deps/cspline.Tpo -c cspline.c  -fPIC -DPIC -o .libs/cspline.o
libtool: compile:  gcc -DHAVE_CONFIG_H -I. -I.. -I.. -g -O2 -MT spline.lo -MD -MP -MF .deps/spline.Tpo -c spline.c  -fPIC -DPIC -o .libs/spline.o
libtool: compile:  gcc -DHAVE_CONFIG_H -I. -I.. -I.. -g -O2 -MT bicubic.lo -MD -MP -MF .deps/bicubic.Tpo -c bicubic.c  -fPIC -DPIC -o .libs/bicubic.o
libtool: compile:  gcc -DHAVE_CONFIG_H -I. -I.. -I.. -g -O2 -MT inline.lo -MD -MP -MF .deps/inline.Tpo -c inline.c  -fPIC -DPIC -o .libs/inline.o
libtool: compile:  gcc -DHAVE_CONFIG_H -I. -I.. -I.. -g -O2 -MT interp.lo -MD -MP -MF .deps/interp.Tpo -c interp.c  -fPIC -DPIC -o .libs/interp.o
libtool: compile:  gcc -DHAVE_CONFIG_H -I. -I.. -I.. -g -O2 -MT poly.lo -MD -MP -MF .deps/poly.Tpo -c poly.c  -fPIC -DPIC -o .libs/poly.o
libtool: compile:  gcc -DHAVE_CONFIG_H -I. -I.. -I.. -g -O2 -MT accel.lo -MD -MP -MF .deps/accel.Tpo -c accel.c -o accel.o >/dev/null 2>&1
libtool: compile:  gcc -DHAVE_CONFIG_H -I. -I.. -I.. -g -O2 -MT inline.lo -MD -MP -MF .deps/inline.Tpo -c inline.c -o inline.o >/dev/null 2>&1
libtool: compile:  gcc -DHAVE_CONFIG_H -I. -I.. -I.. -g -O2 -MT spline.lo -MD -MP -MF .deps/spline.Tpo -c spline.c -o spline.o >/dev/null 2>&1
libtool: compile:  gcc -DHAVE_CONFIG_H -I. -I.. -I.. -g -O2 -MT poly.lo -MD -MP -MF .deps/poly.Tpo -c poly.c -o poly.o >/dev/null 2>&1
libtool: compile:  gcc -DHAVE_CONFIG_H -I. -I.. -I.. -g -O2 -MT linear.lo -MD -MP -MF .deps/linear.Tpo -c linear.c -o linear.o >/dev/null 2>&1
libtool: compile:  gcc -DHAVE_CONFIG_H -I. -I.. -I.. -g -O2 -MT spline2d.lo -MD -MP -MF .deps/spline2d.Tpo -c spline2d.c -o spline2d.o >/dev/null 2>&1
libtool: compile:  gcc -DHAVE_CONFIG_H -I. -I.. -I.. -g -O2 -MT interp.lo -MD -MP -MF .deps/interp.Tpo -c interp.c -o interp.o >/dev/null 2>&1
libtool: compile:  gcc -DHAVE_CONFIG_H -I. -I.. -I.. -g -O2 -MT bilinear.lo -MD -MP -MF .deps/bilinear.Tpo -c bilinear.c -o bilinear.o >/dev/null 2>&1
libtool: compile:  gcc -DHAVE_CONFIG_H -I. -I.. -I.. -g -O2 -MT interp2d.lo -MD -MP -MF .deps/interp2d.Tpo -c interp2d.c -o interp2d.o >/dev/null 2>&1
libtool: compile:  gcc -DHAVE_CONFIG_H -I. -I.. -I.. -g -O2 -MT steffen.lo -MD -MP -MF .deps/steffen.Tpo -c steffen.c -o steffen.o >/dev/null 2>&1
libtool: compile:  gcc -DHAVE_CONFIG_H -I. -I.. -I.. -g -O2 -MT akima.lo -MD -MP -MF .deps/akima.Tpo -c akima.c -o akima.o >/dev/null 2>&1
libtool: compile:  gcc -DHAVE_CONFIG_H -I. -I.. -I.. -g -O2 -MT cspline.lo -MD -MP -MF .deps/cspline.Tpo -c cspline.c -o cspline.o >/dev/null 2>&1
libtool: compile:  gcc -DHAVE_CONFIG_H -I. -I.. -I.. -g -O2 -MT bicubic.lo -MD -MP -MF .deps/bicubic.Tpo -c bicubic.c -o bicubic.o >/dev/null 2>&1
libtool: link: ar cr .libs/libgslinterpolation.a .libs/accel.o .libs/akima.o .libs/cspline.o .libs/interp.o .libs/linear.o .libs/spline.o .libs/poly.o .libs/steffen.o .libs/inline.o .libs/interp2d.o .libs/bilinear.o .libs/bicubic.o .libs/spline2d.o 
libtool: link: ranlib .libs/libgslinterpolation.a
libtool: link: ( cd ".libs" && rm -f "libgslinterpolation.la" && ln -s "../libgslinterpolation.la" "libgslinterpolation.la" )
Making all in histogram
libtool: compile:  gcc -DHAVE_CONFIG_H -I. -I.. -I.. -g -O2 -MT calloc_range.lo -MD -MP -MF .deps/calloc_range.Tpo -c calloc_range.c  -fPIC -DPIC -o .libs/calloc_range.o
libtool: compile:  gcc -DHAVE_CONFIG_H -I. -I.. -I.. -g -O2 -MT copy.lo -MD -MP -MF .deps/copy.Tpo -c copy.c  -fPIC -DPIC -o .libs/copy.o
libtool: compile:  gcc -DHAVE_CONFIG_H -I. -I.. -I.. -g -O2 -MT init.lo -MD -MP -MF .deps/init.Tpo -c init.c  -fPIC -DPIC -o .libs/init.o
libtool: compile:  gcc -DHAVE_CONFIG_H -I. -I.. -I.. -g -O2 -MT params.lo -MD -MP -MF .deps/params.Tpo -c params.c  -fPIC -DPIC -o .libs/params.o
libtool: compile:  gcc -DHAVE_CONFIG_H -I. -I.. -I.. -g -O2 -MT calloc_range2d.lo -MD -MP -MF .deps/calloc_range2d.Tpo -c calloc_range2d.c  -fPIC -DPIC -o .libs/calloc_range2d.o
libtool: compile:  gcc -DHAVE_CONFIG_H -I. -I.. -I.. -g -O2 -MT add.lo -MD -MP -MF .deps/add.Tpo -c add.c  -fPIC -DPIC -o .libs/add.o
libtool: compile:  gcc -DHAVE_CONFIG_H -I. -I.. -I.. -g -O2 -MT params2d.lo -MD -MP -MF .deps/params2d.Tpo -c params2d.c  -fPIC -DPIC -o .libs/params2d.o
libtool: compile:  gcc -DHAVE_CONFIG_H -I. -I.. -I.. -g -O2 -MT pdf2d.lo -MD -MP -MF .deps/pdf2d.Tpo -c pdf2d.c  -fPIC -DPIC -o .libs/pdf2d.o
libtool: compile:  gcc -DHAVE_CONFIG_H -I. -I.. -I.. -g -O2 -MT reset.lo -MD -MP -MF .deps/reset.Tpo -c reset.c  -fPIC -DPIC -o .libs/reset.o
libtool: compile:  gcc -DHAVE_CONFIG_H -I. -I.. -I.. -g -O2 -MT get2d.lo -MD -MP -MF .deps/get2d.Tpo -c get2d.c  -fPIC -DPIC -o .libs/get2d.o
libtool: compile:  gcc -DHAVE_CONFIG_H -I. -I.. -I.. -g -O2 -MT reset2d.lo -MD -MP -MF .deps/reset2d.Tpo -c reset2d.c  -fPIC -DPIC -o .libs/reset2d.o
libtool: compile:  gcc -DHAVE_CONFIG_H -I. -I.. -I.. -g -O2 -MT file2d.lo -MD -MP -MF .deps/file2d.Tpo -c file2d.c  -fPIC -DPIC -o .libs/file2d.o
libtool: compile:  gcc -DHAVE_CONFIG_H -I. -I.. -I.. -g -O2 -MT oper2d.lo -MD -MP -MF .deps/oper2d.Tpo -c oper2d.c  -fPIC -DPIC -o .libs/oper2d.o
libtool: compile:  gcc -DHAVE_CONFIG_H -I. -I.. -I.. -g -O2 -MT stat.lo -MD -MP -MF .deps/stat.Tpo -c stat.c  -fPIC -DPIC -o .libs/stat.o
libtool: compile:  gcc -DHAVE_CONFIG_H -I. -I.. -I.. -g -O2 -MT copy2d.lo -MD -MP -MF .deps/copy2d.Tpo -c copy2d.c  -fPIC -DPIC -o .libs/copy2d.o
libtool: compile:  gcc -DHAVE_CONFIG_H -I. -I.. -I.. -g -O2 -MT maxval.lo -MD -MP -MF .deps/maxval.Tpo -c maxval.c  -fPIC -DPIC -o .libs/maxval.o
libtool: compile:  gcc -DHAVE_CONFIG_H -I. -I.. -I.. -g -O2 -MT get.lo -MD -MP -MF .deps/get.Tpo -c get.c  -fPIC -DPIC -o .libs/get.o
libtool: compile:  gcc -DHAVE_CONFIG_H -I. -I.. -I.. -g -O2 -MT maxval2d.lo -MD -MP -MF .deps/maxval2d.Tpo -c maxval2d.c  -fPIC -DPIC -o .libs/maxval2d.o
libtool: compile:  gcc -DHAVE_CONFIG_H -I. -I.. -I.. -g -O2 -MT pdf.lo -MD -MP -MF .deps/pdf.Tpo -c pdf.c  -fPIC -DPIC -o .libs/pdf.o
libtool: compile:  gcc -DHAVE_CONFIG_H -I. -I.. -I.. -g -O2 -MT file.lo -MD -MP -MF .deps/file.Tpo -c file.c  -fPIC -DPIC -o .libs/file.o
libtool: compile:  gcc -DHAVE_CONFIG_H -I. -I.. -I.. -g -O2 -MT oper.lo -MD -MP -MF .deps/oper.Tpo -c oper.c  -fPIC -DPIC -o .libs/oper.o
libtool: compile:  gcc -DHAVE_CONFIG_H -I. -I.. -I.. -g -O2 -MT add2d.lo -MD -MP -MF .deps/add2d.Tpo -c add2d.c  -fPIC -DPIC -o .libs/add2d.o
libtool: compile:  gcc -DHAVE_CONFIG_H -I. -I.. -I.. -g -O2 -MT stat2d.lo -MD -MP -MF .deps/stat2d.Tpo -c stat2d.c  -fPIC -DPIC -o .libs/stat2d.o
libtool: compile:  gcc -DHAVE_CONFIG_H -I. -I.. -I.. -g -O2 -MT init2d.lo -MD -MP -MF .deps/init2d.Tpo -c init2d.c  -fPIC -DPIC -o .libs/init2d.o
libtool: compile:  gcc -DHAVE_CONFIG_H -I. -I.. -I.. -g -O2 -MT reset2d.lo -MD -MP -MF .deps/reset2d.Tpo -c reset2d.c -o reset2d.o >/dev/null 2>&1
libtool: compile:  gcc -DHAVE_CONFIG_H -I. -I.. -I.. -g -O2 -MT params.lo -MD -MP -MF .deps/params.Tpo -c params.c -o params.o >/dev/null 2>&1
libtool: compile:  gcc -DHAVE_CONFIG_H -I. -I.. -I.. -g -O2 -MT copy.lo -MD -MP -MF .deps/copy.Tpo -c copy.c -o copy.o >/dev/null 2>&1
libtool: compile:  gcc -DHAVE_CONFIG_H -I. -I.. -I.. -g -O2 -MT maxval.lo -MD -MP -MF .deps/maxval.Tpo -c maxval.c -o maxval.o >/dev/null 2>&1
libtool: compile:  gcc -DHAVE_CONFIG_H -I. -I.. -I.. -g -O2 -MT get.lo -MD -MP -MF .deps/get.Tpo -c get.c -o get.o >/dev/null 2>&1
libtool: compile:  gcc -DHAVE_CONFIG_H -I. -I.. -I.. -g -O2 -MT calloc_range.lo -MD -MP -MF .deps/calloc_range.Tpo -c calloc_range.c -o calloc_range.o >/dev/null 2>&1
libtool: compile:  gcc -DHAVE_CONFIG_H -I. -I.. -I.. -g -O2 -MT params2d.lo -MD -MP -MF .deps/params2d.Tpo -c params2d.c -o params2d.o >/dev/null 2>&1
libtool: compile:  gcc -DHAVE_CONFIG_H -I. -I.. -I.. -g -O2 -MT copy2d.lo -MD -MP -MF .deps/copy2d.Tpo -c copy2d.c -o copy2d.o >/dev/null 2>&1
libtool: compile:  gcc -DHAVE_CONFIG_H -I. -I.. -I.. -g -O2 -MT calloc_range2d.lo -MD -MP -MF .deps/calloc_range2d.Tpo -c calloc_range2d.c -o calloc_range2d.o >/dev/null 2>&1
libtool: compile:  gcc -DHAVE_CONFIG_H -I. -I.. -I.. -g -O2 -MT maxval2d.lo -MD -MP -MF .deps/maxval2d.Tpo -c maxval2d.c -o maxval2d.o >/dev/null 2>&1
libtool: compile:  gcc -DHAVE_CONFIG_H -I. -I.. -I.. -g -O2 -MT file.lo -MD -MP -MF .deps/file.Tpo -c file.c -o file.o >/dev/null 2>&1
libtool: compile:  gcc -DHAVE_CONFIG_H -I. -I.. -I.. -g -O2 -MT oper2d.lo -MD -MP -MF .deps/oper2d.Tpo -c oper2d.c -o oper2d.o >/dev/null 2>&1
libtool: compile:  gcc -DHAVE_CONFIG_H -I. -I.. -I.. -g -O2 -MT reset.lo -MD -MP -MF .deps/reset.Tpo -c reset.c -o reset.o >/dev/null 2>&1
libtool: compile:  gcc -DHAVE_CONFIG_H -I. -I.. -I.. -g -O2 -MT pdf2d.lo -MD -MP -MF .deps/pdf2d.Tpo -c pdf2d.c -o pdf2d.o >/dev/null 2>&1
libtool: compile:  gcc -DHAVE_CONFIG_H -I. -I.. -I.. -g -O2 -MT get2d.lo -MD -MP -MF .deps/get2d.Tpo -c get2d.c -o get2d.o >/dev/null 2>&1
libtool: compile:  gcc -DHAVE_CONFIG_H -I. -I.. -I.. -g -O2 -MT file2d.lo -MD -MP -MF .deps/file2d.Tpo -c file2d.c -o file2d.o >/dev/null 2>&1
libtool: compile:  gcc -DHAVE_CONFIG_H -I. -I.. -I.. -g -O2 -MT pdf.lo -MD -MP -MF .deps/pdf.Tpo -c pdf.c -o pdf.o >/dev/null 2>&1
libtool: compile:  gcc -DHAVE_CONFIG_H -I. -I.. -I.. -g -O2 -MT init.lo -MD -MP -MF .deps/init.Tpo -c init.c -o init.o >/dev/null 2>&1
libtool: compile:  gcc -DHAVE_CONFIG_H -I. -I.. -I.. -g -O2 -MT oper.lo -MD -MP -MF .deps/oper.Tpo -c oper.c -o oper.o >/dev/null 2>&1
libtool: compile:  gcc -DHAVE_CONFIG_H -I. -I.. -I.. -g -O2 -MT add.lo -MD -MP -MF .deps/add.Tpo -c add.c -o add.o >/dev/null 2>&1
libtool: compile:  gcc -DHAVE_CONFIG_H -I. -I.. -I.. -g -O2 -MT stat.lo -MD -MP -MF .deps/stat.Tpo -c stat.c -o stat.o >/dev/null 2>&1
libtool: compile:  gcc -DHAVE_CONFIG_H -I. -I.. -I.. -g -O2 -MT add2d.lo -MD -MP -MF .deps/add2d.Tpo -c add2d.c -o add2d.o >/dev/null 2>&1
libtool: compile:  gcc -DHAVE_CONFIG_H -I. -I.. -I.. -g -O2 -MT init2d.lo -MD -MP -MF .deps/init2d.Tpo -c init2d.c -o init2d.o >/dev/null 2>&1
libtool: compile:  gcc -DHAVE_CONFIG_H -I. -I.. -I.. -g -O2 -MT stat2d.lo -MD -MP -MF .deps/stat2d.Tpo -c stat2d.c -o stat2d.o >/dev/null 2>&1
libtool: link: ar cr .libs/libgslhistogram.a .libs/add.o .libs/get.o .libs/init.o .libs/params.o .libs/reset.o .libs/file.o .libs/pdf.o .libs/add2d.o .libs/get2d.o .libs/init2d.o .libs/params2d.o .libs/reset2d.o .libs/file2d.o .libs/pdf2d.o .libs/calloc_range.o .libs/calloc_range2d.o .libs/copy.o .libs/copy2d.o .libs/maxval.o .libs/maxval2d.o .libs/oper.o .libs/oper2d.o .libs/stat.o .libs/stat2d.o 
libtool: link: ranlib .libs/libgslhistogram.a
libtool: link: ( cd ".libs" && rm -f "libgslhistogram.la" && ln -s "../libgslhistogram.la" "libgslhistogram.la" )
Making all in ode-initval
libtool: compile:  gcc -DHAVE_CONFIG_H -I. -I.. -I.. -g -O2 -MT control.lo -MD -MP -MF .deps/control.Tpo -c control.c  -fPIC -DPIC -o .libs/control.o
libtool: compile:  gcc -DHAVE_CONFIG_H -I. -I.. -I.. -g -O2 -MT cstd.lo -MD -MP -MF .deps/cstd.Tpo -c cstd.c  -fPIC -DPIC -o .libs/cstd.o
libtool: compile:  gcc -DHAVE_CONFIG_H -I. -I.. -I.. -g -O2 -MT rkf45.lo -MD -MP -MF .deps/rkf45.Tpo -c rkf45.c  -fPIC -DPIC -o .libs/rkf45.o
libtool: compile:  gcc -DHAVE_CONFIG_H -I. -I.. -I.. -g -O2 -MT gear1.lo -MD -MP -MF .deps/gear1.Tpo -c gear1.c  -fPIC -DPIC -o .libs/gear1.o
libtool: compile:  gcc -DHAVE_CONFIG_H -I. -I.. -I.. -g -O2 -MT rk2imp.lo -MD -MP -MF .deps/rk2imp.Tpo -c rk2imp.c  -fPIC -DPIC -o .libs/rk2imp.o
libtool: compile:  gcc -DHAVE_CONFIG_H -I. -I.. -I.. -g -O2 -MT rk2simp.lo -MD -MP -MF .deps/rk2simp.Tpo -c rk2simp.c  -fPIC -DPIC -o .libs/rk2simp.o
libtool: compile:  gcc -DHAVE_CONFIG_H -I. -I.. -I.. -g -O2 -MT rk4.lo -MD -MP -MF .deps/rk4.Tpo -c rk4.c  -fPIC -DPIC -o .libs/rk4.o
libtool: compile:  gcc -DHAVE_CONFIG_H -I. -I.. -I.. -g -O2 -MT rk4imp.lo -MD -MP -MF .deps/rk4imp.Tpo -c rk4imp.c  -fPIC -DPIC -o .libs/rk4imp.o
libtool: compile:  gcc -DHAVE_CONFIG_H -I. -I.. -I.. -g -O2 -MT rk2.lo -MD -MP -MF .deps/rk2.Tpo -c rk2.c  -fPIC -DPIC -o .libs/rk2.o
libtool: compile:  gcc -DHAVE_CONFIG_H -I. -I.. -I.. -g -O2 -MT cscal.lo -MD -MP -MF .deps/cscal.Tpo -c cscal.c  -fPIC -DPIC -o .libs/cscal.o
libtool: compile:  gcc -DHAVE_CONFIG_H -I. -I.. -I.. -g -O2 -MT bsimp.lo -MD -MP -MF .deps/bsimp.Tpo -c bsimp.c  -fPIC -DPIC -o .libs/bsimp.o
libtool: compile:  gcc -DHAVE_CONFIG_H -I. -I.. -I.. -g -O2 -MT evolve.lo -MD -MP -MF .deps/evolve.Tpo -c evolve.c  -fPIC -DPIC -o .libs/evolve.o
libtool: compile:  gcc -DHAVE_CONFIG_H -I. -I.. -I.. -g -O2 -MT rkck.lo -MD -MP -MF .deps/rkck.Tpo -c rkck.c  -fPIC -DPIC -o .libs/rkck.o
libtool: compile:  gcc -DHAVE_CONFIG_H -I. -I.. -I.. -g -O2 -MT step.lo -MD -MP -MF .deps/step.Tpo -c step.c  -fPIC -DPIC -o .libs/step.o
libtool: compile:  gcc -DHAVE_CONFIG_H -I. -I.. -I.. -g -O2 -MT rk8pd.lo -MD -MP -MF .deps/rk8pd.Tpo -c rk8pd.c  -fPIC -DPIC -o .libs/rk8pd.o
libtool: compile:  gcc -DHAVE_CONFIG_H -I. -I.. -I.. -g -O2 -MT gear2.lo -MD -MP -MF .deps/gear2.Tpo -c gear2.c  -fPIC -DPIC -o .libs/gear2.o
libtool: compile:  gcc -DHAVE_CONFIG_H -I. -I.. -I.. -g -O2 -MT step.lo -MD -MP -MF .deps/step.Tpo -c step.c -o step.o >/dev/null 2>&1
libtool: compile:  gcc -DHAVE_CONFIG_H -I. -I.. -I.. -g -O2 -MT control.lo -MD -MP -MF .deps/control.Tpo -c control.c -o control.o >/dev/null 2>&1
libtool: compile:  gcc -DHAVE_CONFIG_H -I. -I.. -I.. -g -O2 -MT rk2.lo -MD -MP -MF .deps/rk2.Tpo -c rk2.c -o rk2.o >/dev/null 2>&1
libtool: compile:  gcc -DHAVE_CONFIG_H -I. -I.. -I.. -g -O2 -MT cstd.lo -MD -MP -MF .deps/cstd.Tpo -c cstd.c -o cstd.o >/dev/null 2>&1
libtool: compile:  gcc -DHAVE_CONFIG_H -I. -I.. -I.. -g -O2 -MT evolve.lo -MD -MP -MF .deps/evolve.Tpo -c evolve.c -o evolve.o >/dev/null 2>&1
libtool: compile:  gcc -DHAVE_CONFIG_H -I. -I.. -I.. -g -O2 -MT cscal.lo -MD -MP -MF .deps/cscal.Tpo -c cscal.c -o cscal.o >/dev/null 2>&1
libtool: compile:  gcc -DHAVE_CONFIG_H -I. -I.. -I.. -g -O2 -MT gear1.lo -MD -MP -MF .deps/gear1.Tpo -c gear1.c -o gear1.o >/dev/null 2>&1
libtool: compile:  gcc -DHAVE_CONFIG_H -I. -I.. -I.. -g -O2 -MT rk2imp.lo -MD -MP -MF .deps/rk2imp.Tpo -c rk2imp.c -o rk2imp.o >/dev/null 2>&1
libtool: compile:  gcc -DHAVE_CONFIG_H -I. -I.. -I.. -g -O2 -MT rk4.lo -MD -MP -MF .deps/rk4.Tpo -c rk4.c -o rk4.o >/dev/null 2>&1
libtool: compile:  gcc -DHAVE_CONFIG_H -I. -I.. -I.. -g -O2 -MT gear2.lo -MD -MP -MF .deps/gear2.Tpo -c gear2.c -o gear2.o >/dev/null 2>&1
libtool: compile:  gcc -DHAVE_CONFIG_H -I. -I.. -I.. -g -O2 -MT rk4imp.lo -MD -MP -MF .deps/rk4imp.Tpo -c rk4imp.c -o rk4imp.o >/dev/null 2>&1
libtool: compile:  gcc -DHAVE_CONFIG_H -I. -I.. -I.. -g -O2 -MT rkck.lo -MD -MP -MF .deps/rkck.Tpo -c rkck.c -o rkck.o >/dev/null 2>&1
libtool: compile:  gcc -DHAVE_CONFIG_H -I. -I.. -I.. -g -O2 -MT rkf45.lo -MD -MP -MF .deps/rkf45.Tpo -c rkf45.c -o rkf45.o >/dev/null 2>&1
libtool: compile:  gcc -DHAVE_CONFIG_H -I. -I.. -I.. -g -O2 -MT rk2simp.lo -MD -MP -MF .deps/rk2simp.Tpo -c rk2simp.c -o rk2simp.o >/dev/null 2>&1
libtool: compile:  gcc -DHAVE_CONFIG_H -I. -I.. -I.. -g -O2 -MT rk8pd.lo -MD -MP -MF .deps/rk8pd.Tpo -c rk8pd.c -o rk8pd.o >/dev/null 2>&1
libtool: compile:  gcc -DHAVE_CONFIG_H -I. -I.. -I.. -g -O2 -MT bsimp.lo -MD -MP -MF .deps/bsimp.Tpo -c bsimp.c -o bsimp.o >/dev/null 2>&1
libtool: link: ar cr .libs/libgslodeiv.a .libs/control.o .libs/cstd.o .libs/cscal.o .libs/evolve.o .libs/step.o .libs/rk2.o .libs/rk2imp.o .libs/rk2simp.o .libs/rk4.o .libs/rk4imp.o .libs/rkf45.o .libs/rk8pd.o .libs/rkck.o .libs/bsimp.o .libs/gear1.o .libs/gear2.o 
libtool: link: ranlib .libs/libgslodeiv.a
libtool: link: ( cd ".libs" && rm -f "libgslodeiv.la" && ln -s "../libgslodeiv.la" "libgslodeiv.la" )
Making all in ode-initval2
libtool: compile:  gcc -DHAVE_CONFIG_H -I. -I.. -I.. -g -O2 -MT bsimp.lo -MD -MP -MF .deps/bsimp.Tpo -c bsimp.c  -fPIC -DPIC -o .libs/bsimp.o
libtool: compile:  gcc -DHAVE_CONFIG_H -I. -I.. -I.. -g -O2 -MT msadams.lo -MD -MP -MF .deps/msadams.Tpo -c msadams.c  -fPIC -DPIC -o .libs/msadams.o
libtool: compile:  gcc -DHAVE_CONFIG_H -I. -I.. -I.. -g -O2 -MT msbdf.lo -MD -MP -MF .deps/msbdf.Tpo -c msbdf.c  -fPIC -DPIC -o .libs/msbdf.o
libtool: compile:  gcc -DHAVE_CONFIG_H -I. -I.. -I.. -g -O2 -MT rkck.lo -MD -MP -MF .deps/rkck.Tpo -c rkck.c  -fPIC -DPIC -o .libs/rkck.o
libtool: compile:  gcc -DHAVE_CONFIG_H -I. -I.. -I.. -g -O2 -MT rk1imp.lo -MD -MP -MF .deps/rk1imp.Tpo -c rk1imp.c  -fPIC -DPIC -o .libs/rk1imp.o
libtool: compile:  gcc -DHAVE_CONFIG_H -I. -I.. -I.. -g -O2 -MT rk8pd.lo -MD -MP -MF .deps/rk8pd.Tpo -c rk8pd.c  -fPIC -DPIC -o .libs/rk8pd.o
libtool: compile:  gcc -DHAVE_CONFIG_H -I. -I.. -I.. -g -O2 -MT driver.lo -MD -MP -MF .deps/driver.Tpo -c driver.c  -fPIC -DPIC -o .libs/driver.o
libtool: compile:  gcc -DHAVE_CONFIG_H -I. -I.. -I.. -g -O2 -MT cscal.lo -MD -MP -MF .deps/cscal.Tpo -c cscal.c  -fPIC -DPIC -o .libs/cscal.o
libtool: compile:  gcc -DHAVE_CONFIG_H -I. -I.. -I.. -g -O2 -MT rkf45.lo -MD -MP -MF .deps/rkf45.Tpo -c rkf45.c  -fPIC -DPIC -o .libs/rkf45.o
libtool: compile:  gcc -DHAVE_CONFIG_H -I. -I.. -I.. -g -O2 -MT rk2.lo -MD -MP -MF .deps/rk2.Tpo -c rk2.c  -fPIC -DPIC -o .libs/rk2.o
libtool: compile:  gcc -DHAVE_CONFIG_H -I. -I.. -I.. -g -O2 -MT rk4.lo -MD -MP -MF .deps/rk4.Tpo -c rk4.c  -fPIC -DPIC -o .libs/rk4.o
libtool: compile:  gcc -DHAVE_CONFIG_H -I. -I.. -I.. -g -O2 -MT control.lo -MD -MP -MF .deps/control.Tpo -c control.c  -fPIC -DPIC -o .libs/control.o
libtool: compile:  gcc -DHAVE_CONFIG_H -I. -I.. -I.. -g -O2 -MT cstd.lo -MD -MP -MF .deps/cstd.Tpo -c cstd.c  -fPIC -DPIC -o .libs/cstd.o
libtool: compile:  gcc -DHAVE_CONFIG_H -I. -I.. -I.. -g -O2 -MT rk4imp.lo -MD -MP -MF .deps/rk4imp.Tpo -c rk4imp.c  -fPIC -DPIC -o .libs/rk4imp.o
libtool: compile:  gcc -DHAVE_CONFIG_H -I. -I.. -I.. -g -O2 -MT step.lo -MD -MP -MF .deps/step.Tpo -c step.c  -fPIC -DPIC -o .libs/step.o
libtool: compile:  gcc -DHAVE_CONFIG_H -I. -I.. -I.. -g -O2 -MT evolve.lo -MD -MP -MF .deps/evolve.Tpo -c evolve.c  -fPIC -DPIC -o .libs/evolve.o
libtool: compile:  gcc -DHAVE_CONFIG_H -I. -I.. -I.. -g -O2 -MT rk2imp.lo -MD -MP -MF .deps/rk2imp.Tpo -c rk2imp.c  -fPIC -DPIC -o .libs/rk2imp.o
libtool: compile:  gcc -DHAVE_CONFIG_H -I. -I.. -I.. -g -O2 -MT step.lo -MD -MP -MF .deps/step.Tpo -c step.c -o step.o >/dev/null 2>&1
libtool: compile:  gcc -DHAVE_CONFIG_H -I. -I.. -I.. -g -O2 -MT control.lo -MD -MP -MF .deps/control.Tpo -c control.c -o control.o >/dev/null 2>&1
libtool: compile:  gcc -DHAVE_CONFIG_H -I. -I.. -I.. -g -O2 -MT rk2.lo -MD -MP -MF .deps/rk2.Tpo -c rk2.c -o rk2.o >/dev/null 2>&1
libtool: compile:  gcc -DHAVE_CONFIG_H -I. -I.. -I.. -g -O2 -MT cstd.lo -MD -MP -MF .deps/cstd.Tpo -c cstd.c -o cstd.o >/dev/null 2>&1
libtool: compile:  gcc -DHAVE_CONFIG_H -I. -I.. -I.. -g -O2 -MT cscal.lo -MD -MP -MF .deps/cscal.Tpo -c cscal.c -o cscal.o >/dev/null 2>&1
libtool: compile:  gcc -DHAVE_CONFIG_H -I. -I.. -I.. -g -O2 -MT rk4.lo -MD -MP -MF .deps/rk4.Tpo -c rk4.c -o rk4.o >/dev/null 2>&1
libtool: compile:  gcc -DHAVE_CONFIG_H -I. -I.. -I.. -g -O2 -MT rkck.lo -MD -MP -MF .deps/rkck.Tpo -c rkck.c -o rkck.o >/dev/null 2>&1
libtool: compile:  gcc -DHAVE_CONFIG_H -I. -I.. -I.. -g -O2 -MT evolve.lo -MD -MP -MF .deps/evolve.Tpo -c evolve.c -o evolve.o >/dev/null 2>&1
libtool: compile:  gcc -DHAVE_CONFIG_H -I. -I.. -I.. -g -O2 -MT driver.lo -MD -MP -MF .deps/driver.Tpo -c driver.c -o driver.o >/dev/null 2>&1
libtool: compile:  gcc -DHAVE_CONFIG_H -I. -I.. -I.. -g -O2 -MT rkf45.lo -MD -MP -MF .deps/rkf45.Tpo -c rkf45.c -o rkf45.o >/dev/null 2>&1
libtool: compile:  gcc -DHAVE_CONFIG_H -I. -I.. -I.. -g -O2 -MT rk8pd.lo -MD -MP -MF .deps/rk8pd.Tpo -c rk8pd.c -o rk8pd.o >/dev/null 2>&1
libtool: compile:  gcc -DHAVE_CONFIG_H -I. -I.. -I.. -g -O2 -MT rk4imp.lo -MD -MP -MF .deps/rk4imp.Tpo -c rk4imp.c -o rk4imp.o >/dev/null 2>&1
libtool: compile:  gcc -DHAVE_CONFIG_H -I. -I.. -I.. -g -O2 -MT rk1imp.lo -MD -MP -MF .deps/rk1imp.Tpo -c rk1imp.c -o rk1imp.o >/dev/null 2>&1
libtool: compile:  gcc -DHAVE_CONFIG_H -I. -I.. -I.. -g -O2 -MT rk2imp.lo -MD -MP -MF .deps/rk2imp.Tpo -c rk2imp.c -o rk2imp.o >/dev/null 2>&1
libtool: compile:  gcc -DHAVE_CONFIG_H -I. -I.. -I.. -g -O2 -MT bsimp.lo -MD -MP -MF .deps/bsimp.Tpo -c bsimp.c -o bsimp.o >/dev/null 2>&1
libtool: compile:  gcc -DHAVE_CONFIG_H -I. -I.. -I.. -g -O2 -MT msadams.lo -MD -MP -MF .deps/msadams.Tpo -c msadams.c -o msadams.o >/dev/null 2>&1
libtool: compile:  gcc -DHAVE_CONFIG_H -I. -I.. -I.. -g -O2 -MT msbdf.lo -MD -MP -MF .deps/msbdf.Tpo -c msbdf.c -o msbdf.o >/dev/null 2>&1
libtool: link: ar cr .libs/libgslodeiv2.a .libs/control.o .libs/cstd.o .libs/cscal.o .libs/evolve.o .libs/step.o .libs/rk2.o .libs/rk2imp.o .libs/rk4.o .libs/rk4imp.o .libs/rkf45.o .libs/rk8pd.o .libs/rkck.o .libs/bsimp.o .libs/rk1imp.o .libs/msadams.o .libs/msbdf.o .libs/driver.o 
libtool: link: ranlib .libs/libgslodeiv2.a
libtool: link: ( cd ".libs" && rm -f "libgslodeiv2.la" && ln -s "../libgslodeiv2.la" "libgslodeiv2.la" )
Making all in roots
libtool: compile:  gcc -DHAVE_CONFIG_H -I. -I.. -I.. -g -O2 -MT fsolver.lo -MD -MP -MF .deps/fsolver.Tpo -c fsolver.c  -fPIC -DPIC -o .libs/fsolver.o
libtool: compile:  gcc -DHAVE_CONFIG_H -I. -I.. -I.. -g -O2 -MT brent.lo -MD -MP -MF .deps/brent.Tpo -c brent.c  -fPIC -DPIC -o .libs/brent.o
libtool: compile:  gcc -DHAVE_CONFIG_H -I. -I.. -I.. -g -O2 -MT newton.lo -MD -MP -MF .deps/newton.Tpo -c newton.c  -fPIC -DPIC -o .libs/newton.o
libtool: compile:  gcc -DHAVE_CONFIG_H -I. -I.. -I.. -g -O2 -MT steffenson.lo -MD -MP -MF .deps/steffenson.Tpo -c steffenson.c  -fPIC -DPIC -o .libs/steffenson.o
libtool: compile:  gcc -DHAVE_CONFIG_H -I. -I.. -I.. -g -O2 -MT falsepos.lo -MD -MP -MF .deps/falsepos.Tpo -c falsepos.c  -fPIC -DPIC -o .libs/falsepos.o
libtool: compile:  gcc -DHAVE_CONFIG_H -I. -I.. -I.. -g -O2 -MT bisection.lo -MD -MP -MF .deps/bisection.Tpo -c bisection.c  -fPIC -DPIC -o .libs/bisection.o
libtool: compile:  gcc -DHAVE_CONFIG_H -I. -I.. -I.. -g -O2 -MT secant.lo -MD -MP -MF .deps/secant.Tpo -c secant.c  -fPIC -DPIC -o .libs/secant.o
libtool: compile:  gcc -DHAVE_CONFIG_H -I. -I.. -I.. -g -O2 -MT convergence.lo -MD -MP -MF .deps/convergence.Tpo -c convergence.c  -fPIC -DPIC -o .libs/convergence.o
libtool: compile:  gcc -DHAVE_CONFIG_H -I. -I.. -I.. -g -O2 -MT fdfsolver.lo -MD -MP -MF .deps/fdfsolver.Tpo -c fdfsolver.c  -fPIC -DPIC -o .libs/fdfsolver.o
libtool: compile:  gcc -DHAVE_CONFIG_H -I. -I.. -I.. -g -O2 -MT steffenson.lo -MD -MP -MF .deps/steffenson.Tpo -c steffenson.c -o steffenson.o >/dev/null 2>&1
libtool: compile:  gcc -DHAVE_CONFIG_H -I. -I.. -I.. -g -O2 -MT newton.lo -MD -MP -MF .deps/newton.Tpo -c newton.c -o newton.o >/dev/null 2>&1
libtool: compile:  gcc -DHAVE_CONFIG_H -I. -I.. -I.. -g -O2 -MT secant.lo -MD -MP -MF .deps/secant.Tpo -c secant.c -o secant.o >/dev/null 2>&1
libtool: compile:  gcc -DHAVE_CONFIG_H -I. -I.. -I.. -g -O2 -MT fsolver.lo -MD -MP -MF .deps/fsolver.Tpo -c fsolver.c -o fsolver.o >/dev/null 2>&1
libtool: compile:  gcc -DHAVE_CONFIG_H -I. -I.. -I.. -g -O2 -MT bisection.lo -MD -MP -MF .deps/bisection.Tpo -c bisection.c -o bisection.o >/dev/null 2>&1
libtool: compile:  gcc -DHAVE_CONFIG_H -I. -I.. -I.. -g -O2 -MT convergence.lo -MD -MP -MF .deps/convergence.Tpo -c convergence.c -o convergence.o >/dev/null 2>&1
libtool: compile:  gcc -DHAVE_CONFIG_H -I. -I.. -I.. -g -O2 -MT fdfsolver.lo -MD -MP -MF .deps/fdfsolver.Tpo -c fdfsolver.c -o fdfsolver.o >/dev/null 2>&1
libtool: compile:  gcc -DHAVE_CONFIG_H -I. -I.. -I.. -g -O2 -MT falsepos.lo -MD -MP -MF .deps/falsepos.Tpo -c falsepos.c -o falsepos.o >/dev/null 2>&1
libtool: compile:  gcc -DHAVE_CONFIG_H -I. -I.. -I.. -g -O2 -MT brent.lo -MD -MP -MF .deps/brent.Tpo -c brent.c -o brent.o >/dev/null 2>&1
libtool: link: ar cr .libs/libgslroots.a .libs/bisection.o .libs/brent.o .libs/falsepos.o .libs/newton.o .libs/secant.o .libs/steffenson.o .libs/convergence.o .libs/fsolver.o .libs/fdfsolver.o 
libtool: link: ranlib .libs/libgslroots.a
libtool: link: ( cd ".libs" && rm -f "libgslroots.la" && ln -s "../libgslroots.la" "libgslroots.la" )
Making all in multiroots
libtool: compile:  gcc -DHAVE_CONFIG_H -I. -I.. -I.. -g -O2 -MT newton.lo -MD -MP -MF .deps/newton.Tpo -c newton.c  -fPIC -DPIC -o .libs/newton.o
libtool: compile:  gcc -DHAVE_CONFIG_H -I. -I.. -I.. -g -O2 -MT fdjac.lo -MD -MP -MF .deps/fdjac.Tpo -c fdjac.c  -fPIC -DPIC -o .libs/fdjac.o
libtool: compile:  gcc -DHAVE_CONFIG_H -I. -I.. -I.. -g -O2 -MT hybridj.lo -MD -MP -MF .deps/hybridj.Tpo -c hybridj.c  -fPIC -DPIC -o .libs/hybridj.o
libtool: compile:  gcc -DHAVE_CONFIG_H -I. -I.. -I.. -g -O2 -MT fsolver.lo -MD -MP -MF .deps/fsolver.Tpo -c fsolver.c  -fPIC -DPIC -o .libs/fsolver.o
libtool: compile:  gcc -DHAVE_CONFIG_H -I. -I.. -I.. -g -O2 -MT gnewton.lo -MD -MP -MF .deps/gnewton.Tpo -c gnewton.c  -fPIC -DPIC -o .libs/gnewton.o
libtool: compile:  gcc -DHAVE_CONFIG_H -I. -I.. -I.. -g -O2 -MT dnewton.lo -MD -MP -MF .deps/dnewton.Tpo -c dnewton.c  -fPIC -DPIC -o .libs/dnewton.o
libtool: compile:  gcc -DHAVE_CONFIG_H -I. -I.. -I.. -g -O2 -MT convergence.lo -MD -MP -MF .deps/convergence.Tpo -c convergence.c  -fPIC -DPIC -o .libs/convergence.o
libtool: compile:  gcc -DHAVE_CONFIG_H -I. -I.. -I.. -g -O2 -MT broyden.lo -MD -MP -MF .deps/broyden.Tpo -c broyden.c  -fPIC -DPIC -o .libs/broyden.o
libtool: compile:  gcc -DHAVE_CONFIG_H -I. -I.. -I.. -g -O2 -MT fdfsolver.lo -MD -MP -MF .deps/fdfsolver.Tpo -c fdfsolver.c  -fPIC -DPIC -o .libs/fdfsolver.o
libtool: compile:  gcc -DHAVE_CONFIG_H -I. -I.. -I.. -g -O2 -MT hybrid.lo -MD -MP -MF .deps/hybrid.Tpo -c hybrid.c  -fPIC -DPIC -o .libs/hybrid.o
libtool: compile:  gcc -DHAVE_CONFIG_H -I. -I.. -I.. -g -O2 -MT fdjac.lo -MD -MP -MF .deps/fdjac.Tpo -c fdjac.c -o fdjac.o >/dev/null 2>&1
libtool: compile:  gcc -DHAVE_CONFIG_H -I. -I.. -I.. -g -O2 -MT dnewton.lo -MD -MP -MF .deps/dnewton.Tpo -c dnewton.c -o dnewton.o >/dev/null 2>&1
libtool: compile:  gcc -DHAVE_CONFIG_H -I. -I.. -I.. -g -O2 -MT convergence.lo -MD -MP -MF .deps/convergence.Tpo -c convergence.c -o convergence.o >/dev/null 2>&1
libtool: compile:  gcc -DHAVE_CONFIG_H -I. -I.. -I.. -g -O2 -MT fdfsolver.lo -MD -MP -MF .deps/fdfsolver.Tpo -c fdfsolver.c -o fdfsolver.o >/dev/null 2>&1
libtool: compile:  gcc -DHAVE_CONFIG_H -I. -I.. -I.. -g -O2 -MT newton.lo -MD -MP -MF .deps/newton.Tpo -c newton.c -o newton.o >/dev/null 2>&1
libtool: compile:  gcc -DHAVE_CONFIG_H -I. -I.. -I.. -g -O2 -MT fsolver.lo -MD -MP -MF .deps/fsolver.Tpo -c fsolver.c -o fsolver.o >/dev/null 2>&1
libtool: compile:  gcc -DHAVE_CONFIG_H -I. -I.. -I.. -g -O2 -MT gnewton.lo -MD -MP -MF .deps/gnewton.Tpo -c gnewton.c -o gnewton.o >/dev/null 2>&1
libtool: compile:  gcc -DHAVE_CONFIG_H -I. -I.. -I.. -g -O2 -MT broyden.lo -MD -MP -MF .deps/broyden.Tpo -c broyden.c -o broyden.o >/dev/null 2>&1
libtool: compile:  gcc -DHAVE_CONFIG_H -I. -I.. -I.. -g -O2 -MT hybrid.lo -MD -MP -MF .deps/hybrid.Tpo -c hybrid.c -o hybrid.o >/dev/null 2>&1
libtool: compile:  gcc -DHAVE_CONFIG_H -I. -I.. -I.. -g -O2 -MT hybridj.lo -MD -MP -MF .deps/hybridj.Tpo -c hybridj.c -o hybridj.o >/dev/null 2>&1
libtool: link: ar cr .libs/libgslmultiroots.a .libs/fdjac.o .libs/fsolver.o .libs/fdfsolver.o .libs/convergence.o .libs/newton.o .libs/gnewton.o .libs/dnewton.o .libs/broyden.o .libs/hybrid.o .libs/hybridj.o 
libtool: link: ranlib .libs/libgslmultiroots.a
libtool: link: ( cd ".libs" && rm -f "libgslmultiroots.la" && ln -s "../libgslmultiroots.la" "libgslmultiroots.la" )
Making all in min
libtool: compile:  gcc -DHAVE_CONFIG_H -I. -I.. -I.. -g -O2 -MT convergence.lo -MD -MP -MF .deps/convergence.Tpo -c convergence.c  -fPIC -DPIC -o .libs/convergence.o
libtool: compile:  gcc -DHAVE_CONFIG_H -I. -I.. -I.. -g -O2 -MT quad_golden.lo -MD -MP -MF .deps/quad_golden.Tpo -c quad_golden.c  -fPIC -DPIC -o .libs/quad_golden.o
libtool: compile:  gcc -DHAVE_CONFIG_H -I. -I.. -I.. -g -O2 -MT bracketing.lo -MD -MP -MF .deps/bracketing.Tpo -c bracketing.c  -fPIC -DPIC -o .libs/bracketing.o
libtool: compile:  gcc -DHAVE_CONFIG_H -I. -I.. -I.. -g -O2 -MT brent.lo -MD -MP -MF .deps/brent.Tpo -c brent.c  -fPIC -DPIC -o .libs/brent.o
libtool: compile:  gcc -DHAVE_CONFIG_H -I. -I.. -I.. -g -O2 -MT fsolver.lo -MD -MP -MF .deps/fsolver.Tpo -c fsolver.c  -fPIC -DPIC -o .libs/fsolver.o
libtool: compile:  gcc -DHAVE_CONFIG_H -I. -I.. -I.. -g -O2 -MT golden.lo -MD -MP -MF .deps/golden.Tpo -c golden.c  -fPIC -DPIC -o .libs/golden.o
libtool: compile:  gcc -DHAVE_CONFIG_H -I. -I.. -I.. -g -O2 -MT convergence.lo -MD -MP -MF .deps/convergence.Tpo -c convergence.c -o convergence.o >/dev/null 2>&1
libtool: compile:  gcc -DHAVE_CONFIG_H -I. -I.. -I.. -g -O2 -MT bracketing.lo -MD -MP -MF .deps/bracketing.Tpo -c bracketing.c -o bracketing.o >/dev/null 2>&1
libtool: compile:  gcc -DHAVE_CONFIG_H -I. -I.. -I.. -g -O2 -MT fsolver.lo -MD -MP -MF .deps/fsolver.Tpo -c fsolver.c -o fsolver.o >/dev/null 2>&1
libtool: compile:  gcc -DHAVE_CONFIG_H -I. -I.. -I.. -g -O2 -MT golden.lo -MD -MP -MF .deps/golden.Tpo -c golden.c -o golden.o >/dev/null 2>&1
libtool: compile:  gcc -DHAVE_CONFIG_H -I. -I.. -I.. -g -O2 -MT quad_golden.lo -MD -MP -MF .deps/quad_golden.Tpo -c quad_golden.c -o quad_golden.o >/dev/null 2>&1
libtool: compile:  gcc -DHAVE_CONFIG_H -I. -I.. -I.. -g -O2 -MT brent.lo -MD -MP -MF .deps/brent.Tpo -c brent.c -o brent.o >/dev/null 2>&1
libtool: link: ar cr .libs/libgslmin.a .libs/fsolver.o .libs/golden.o .libs/brent.o .libs/convergence.o .libs/bracketing.o .libs/quad_golden.o 
libtool: link: ranlib .libs/libgslmin.a
libtool: link: ( cd ".libs" && rm -f "libgslmin.la" && ln -s "../libgslmin.la" "libgslmin.la" )
Making all in multimin
libtool: compile:  gcc -DHAVE_CONFIG_H -I. -I.. -I.. -g -O2 -MT conjugate_pr.lo -MD -MP -MF .deps/conjugate_pr.Tpo -c conjugate_pr.c  -fPIC -DPIC -o .libs/conjugate_pr.o
libtool: compile:  gcc -DHAVE_CONFIG_H -I. -I.. -I.. -g -O2 -MT simplex.lo -MD -MP -MF .deps/simplex.Tpo -c simplex.c  -fPIC -DPIC -o .libs/simplex.o
libtool: compile:  gcc -DHAVE_CONFIG_H -I. -I.. -I.. -g -O2 -MT simplex2.lo -MD -MP -MF .deps/simplex2.Tpo -c simplex2.c  -fPIC -DPIC -o .libs/simplex2.o
libtool: compile:  gcc -DHAVE_CONFIG_H -I. -I.. -I.. -g -O2 -MT convergence.lo -MD -MP -MF .deps/convergence.Tpo -c convergence.c  -fPIC -DPIC -o .libs/convergence.o
libtool: compile:  gcc -DHAVE_CONFIG_H -I. -I.. -I.. -g -O2 -MT vector_bfgs.lo -MD -MP -MF .deps/vector_bfgs.Tpo -c vector_bfgs.c  -fPIC -DPIC -o .libs/vector_bfgs.o
libtool: compile:  gcc -DHAVE_CONFIG_H -I. -I.. -I.. -g -O2 -MT steepest_descent.lo -MD -MP -MF .deps/steepest_descent.Tpo -c steepest_descent.c  -fPIC -DPIC -o .libs/steepest_descent.o
libtool: compile:  gcc -DHAVE_CONFIG_H -I. -I.. -I.. -g -O2 -MT fminimizer.lo -MD -MP -MF .deps/fminimizer.Tpo -c fminimizer.c  -fPIC -DPIC -o .libs/fminimizer.o
libtool: compile:  gcc -DHAVE_CONFIG_H -I. -I.. -I.. -g -O2 -MT conjugate_fr.lo -MD -MP -MF .deps/conjugate_fr.Tpo -c conjugate_fr.c  -fPIC -DPIC -o .libs/conjugate_fr.o
libtool: compile:  gcc -DHAVE_CONFIG_H -I. -I.. -I.. -g -O2 -MT fdfminimizer.lo -MD -MP -MF .deps/fdfminimizer.Tpo -c fdfminimizer.c  -fPIC -DPIC -o .libs/fdfminimizer.o
libtool: compile:  gcc -DHAVE_CONFIG_H -I. -I.. -I.. -g -O2 -MT vector_bfgs2.lo -MD -MP -MF .deps/vector_bfgs2.Tpo -c vector_bfgs2.c  -fPIC -DPIC -o .libs/vector_bfgs2.o
libtool: compile:  gcc -DHAVE_CONFIG_H -I. -I.. -I.. -g -O2 -MT diff.lo -MD -MP -MF .deps/diff.Tpo -c diff.c  -fPIC -DPIC -o .libs/diff.o
libtool: compile:  gcc -DHAVE_CONFIG_H -I. -I.. -I.. -g -O2 -MT convergence.lo -MD -MP -MF .deps/convergence.Tpo -c convergence.c -o convergence.o >/dev/null 2>&1
libtool: compile:  gcc -DHAVE_CONFIG_H -I. -I.. -I.. -g -O2 -MT diff.lo -MD -MP -MF .deps/diff.Tpo -c diff.c -o diff.o >/dev/null 2>&1
libtool: compile:  gcc -DHAVE_CONFIG_H -I. -I.. -I.. -g -O2 -MT fminimizer.lo -MD -MP -MF .deps/fminimizer.Tpo -c fminimizer.c -o fminimizer.o >/dev/null 2>&1
libtool: compile:  gcc -DHAVE_CONFIG_H -I. -I.. -I.. -g -O2 -MT steepest_descent.lo -MD -MP -MF .deps/steepest_descent.Tpo -c steepest_descent.c -o steepest_descent.o >/dev/null 2>&1
libtool: compile:  gcc -DHAVE_CONFIG_H -I. -I.. -I.. -g -O2 -MT fdfminimizer.lo -MD -MP -MF .deps/fdfminimizer.Tpo -c fdfminimizer.c -o fdfminimizer.o >/dev/null 2>&1
libtool: compile:  gcc -DHAVE_CONFIG_H -I. -I.. -I.. -g -O2 -MT vector_bfgs.lo -MD -MP -MF .deps/vector_bfgs.Tpo -c vector_bfgs.c -o vector_bfgs.o >/dev/null 2>&1
libtool: compile:  gcc -DHAVE_CONFIG_H -I. -I.. -I.. -g -O2 -MT conjugate_fr.lo -MD -MP -MF .deps/conjugate_fr.Tpo -c conjugate_fr.c -o conjugate_fr.o >/dev/null 2>&1
libtool: compile:  gcc -DHAVE_CONFIG_H -I. -I.. -I.. -g -O2 -MT conjugate_pr.lo -MD -MP -MF .deps/conjugate_pr.Tpo -c conjugate_pr.c -o conjugate_pr.o >/dev/null 2>&1
libtool: compile:  gcc -DHAVE_CONFIG_H -I. -I.. -I.. -g -O2 -MT simplex.lo -MD -MP -MF .deps/simplex.Tpo -c simplex.c -o simplex.o >/dev/null 2>&1
libtool: compile:  gcc -DHAVE_CONFIG_H -I. -I.. -I.. -g -O2 -MT simplex2.lo -MD -MP -MF .deps/simplex2.Tpo -c simplex2.c -o simplex2.o >/dev/null 2>&1
libtool: compile:  gcc -DHAVE_CONFIG_H -I. -I.. -I.. -g -O2 -MT vector_bfgs2.lo -MD -MP -MF .deps/vector_bfgs2.Tpo -c vector_bfgs2.c -o vector_bfgs2.o >/dev/null 2>&1
libtool: link: ar cr .libs/libgslmultimin.a .libs/fdfminimizer.o .libs/steepest_descent.o .libs/conjugate_fr.o .libs/conjugate_pr.o .libs/convergence.o .libs/diff.o .libs/vector_bfgs.o .libs/vector_bfgs2.o .libs/fminimizer.o .libs/simplex.o .libs/simplex2.o 
libtool: link: ranlib .libs/libgslmultimin.a
libtool: link: ( cd ".libs" && rm -f "libgslmultimin.la" && ln -s "../libgslmultimin.la" "libgslmultimin.la" )
Making all in monte
libtool: compile:  gcc -DHAVE_CONFIG_H -I. -I.. -I.. -g -O2 -MT vegas.lo -MD -MP -MF .deps/vegas.Tpo -c vegas.c  -fPIC -DPIC -o .libs/vegas.o
libtool: compile:  gcc -DHAVE_CONFIG_H -I. -I.. -I.. -g -O2 -MT plain.lo -MD -MP -MF .deps/plain.Tpo -c plain.c  -fPIC -DPIC -o .libs/plain.o
libtool: compile:  gcc -DHAVE_CONFIG_H -I. -I.. -I.. -g -O2 -MT miser.lo -MD -MP -MF .deps/miser.Tpo -c miser.c  -fPIC -DPIC -o .libs/miser.o
libtool: compile:  gcc -DHAVE_CONFIG_H -I. -I.. -I.. -g -O2 -MT plain.lo -MD -MP -MF .deps/plain.Tpo -c plain.c -o plain.o >/dev/null 2>&1
libtool: compile:  gcc -DHAVE_CONFIG_H -I. -I.. -I.. -g -O2 -MT miser.lo -MD -MP -MF .deps/miser.Tpo -c miser.c -o miser.o >/dev/null 2>&1
libtool: compile:  gcc -DHAVE_CONFIG_H -I. -I.. -I.. -g -O2 -MT vegas.lo -MD -MP -MF .deps/vegas.Tpo -c vegas.c -o vegas.o >/dev/null 2>&1
libtool: link: ar cr .libs/libgslmonte.a .libs/miser.o .libs/plain.o .libs/vegas.o 
libtool: link: ranlib .libs/libgslmonte.a
libtool: link: ( cd ".libs" && rm -f "libgslmonte.la" && ln -s "../libgslmonte.la" "libgslmonte.la" )
Making all in ntuple
libtool: compile:  gcc -DHAVE_CONFIG_H -I. -I.. -I.. -g -O2 -MT ntuple.lo -MD -MP -MF .deps/ntuple.Tpo -c ntuple.c  -fPIC -DPIC -o .libs/ntuple.o
libtool: compile:  gcc -DHAVE_CONFIG_H -I. -I.. -I.. -g -O2 -MT ntuple.lo -MD -MP -MF .deps/ntuple.Tpo -c ntuple.c -o ntuple.o >/dev/null 2>&1
libtool: link: ar cr .libs/libgslntuple.a .libs/ntuple.o 
libtool: link: ranlib .libs/libgslntuple.a
libtool: link: ( cd ".libs" && rm -f "libgslntuple.la" && ln -s "../libgslntuple.la" "libgslntuple.la" )
Making all in diff
libtool: compile:  gcc -DHAVE_CONFIG_H -I. -I.. -I.. -g -O2 -MT diff.lo -MD -MP -MF .deps/diff.Tpo -c diff.c  -fPIC -DPIC -o .libs/diff.o
libtool: compile:  gcc -DHAVE_CONFIG_H -I. -I.. -I.. -g -O2 -MT diff.lo -MD -MP -MF .deps/diff.Tpo -c diff.c -o diff.o >/dev/null 2>&1
libtool: link: ar cr .libs/libgsldiff.a .libs/diff.o 
libtool: link: ranlib .libs/libgsldiff.a
libtool: link: ( cd ".libs" && rm -f "libgsldiff.la" && ln -s "../libgsldiff.la" "libgsldiff.la" )
Making all in deriv
libtool: compile:  gcc -DHAVE_CONFIG_H -I. -I.. -I.. -g -O2 -MT deriv.lo -MD -MP -MF .deps/deriv.Tpo -c deriv.c  -fPIC -DPIC -o .libs/deriv.o
libtool: compile:  gcc -DHAVE_CONFIG_H -I. -I.. -I.. -g -O2 -MT deriv.lo -MD -MP -MF .deps/deriv.Tpo -c deriv.c -o deriv.o >/dev/null 2>&1
libtool: link: ar cr .libs/libgslderiv.a .libs/deriv.o 
libtool: link: ranlib .libs/libgslderiv.a
libtool: link: ( cd ".libs" && rm -f "libgslderiv.la" && ln -s "../libgslderiv.la" "libgslderiv.la" )
Making all in cdf
libtool: compile:  gcc -DHAVE_CONFIG_H -I. -I.. -I.. -g -O2 -MT chisq.lo -MD -MP -MF .deps/chisq.Tpo -c chisq.c  -fPIC -DPIC -o .libs/chisq.o
libtool: compile:  gcc -DHAVE_CONFIG_H -I. -I.. -I.. -g -O2 -MT gauss.lo -MD -MP -MF .deps/gauss.Tpo -c gauss.c  -fPIC -DPIC -o .libs/gauss.o
libtool: compile:  gcc -DHAVE_CONFIG_H -I. -I.. -I.. -g -O2 -MT beta.lo -MD -MP -MF .deps/beta.Tpo -c beta.c  -fPIC -DPIC -o .libs/beta.o
libtool: compile:  gcc -DHAVE_CONFIG_H -I. -I.. -I.. -g -O2 -MT fdist.lo -MD -MP -MF .deps/fdist.Tpo -c fdist.c  -fPIC -DPIC -o .libs/fdist.o
libtool: compile:  gcc -DHAVE_CONFIG_H -I. -I.. -I.. -g -O2 -MT laplace.lo -MD -MP -MF .deps/laplace.Tpo -c laplace.c  -fPIC -DPIC -o .libs/laplace.o
libtool: compile:  gcc -DHAVE_CONFIG_H -I. -I.. -I.. -g -O2 -MT cauchyinv.lo -MD -MP -MF .deps/cauchyinv.Tpo -c cauchyinv.c  -fPIC -DPIC -o .libs/cauchyinv.o
libtool: compile:  gcc -DHAVE_CONFIG_H -I. -I.. -I.. -g -O2 -MT exponential.lo -MD -MP -MF .deps/exponential.Tpo -c exponential.c  -fPIC -DPIC -o .libs/exponential.o
libtool: compile:  gcc -DHAVE_CONFIG_H -I. -I.. -I.. -g -O2 -MT gumbel1.lo -MD -MP -MF .deps/gumbel1.Tpo -c gumbel1.c  -fPIC -DPIC -o .libs/gumbel1.o
libtool: compile:  gcc -DHAVE_CONFIG_H -I. -I.. -I.. -g -O2 -MT gumbel2inv.lo -MD -MP -MF .deps/gumbel2inv.Tpo -c gumbel2inv.c  -fPIC -DPIC -o .libs/gumbel2inv.o
libtool: compile:  gcc -DHAVE_CONFIG_H -I. -I.. -I.. -g -O2 -MT flat.lo -MD -MP -MF .deps/flat.Tpo -c flat.c  -fPIC -DPIC -o .libs/flat.o
libtool: compile:  gcc -DHAVE_CONFIG_H -I. -I.. -I.. -g -O2 -MT gamma.lo -MD -MP -MF .deps/gamma.Tpo -c gamma.c  -fPIC -DPIC -o .libs/gamma.o
libtool: compile:  gcc -DHAVE_CONFIG_H -I. -I.. -I.. -g -O2 -MT gammainv.lo -MD -MP -MF .deps/gammainv.Tpo -c gammainv.c  -fPIC -DPIC -o .libs/gammainv.o
libtool: compile:  gcc -DHAVE_CONFIG_H -I. -I.. -I.. -g -O2 -MT flatinv.lo -MD -MP -MF .deps/flatinv.Tpo -c flatinv.c  -fPIC -DPIC -o .libs/flatinv.o
libtool: compile:  gcc -DHAVE_CONFIG_H -I. -I.. -I.. -g -O2 -MT chisqinv.lo -MD -MP -MF .deps/chisqinv.Tpo -c chisqinv.c  -fPIC -DPIC -o .libs/chisqinv.o
libtool: compile:  gcc -DHAVE_CONFIG_H -I. -I.. -I.. -g -O2 -MT exppow.lo -MD -MP -MF .deps/exppow.Tpo -c exppow.c  -fPIC -DPIC -o .libs/exppow.o
libtool: compile:  gcc -DHAVE_CONFIG_H -I. -I.. -I.. -g -O2 -MT cauchy.lo -MD -MP -MF .deps/cauchy.Tpo -c cauchy.c  -fPIC -DPIC -o .libs/cauchy.o
libtool: compile:  gcc -DHAVE_CONFIG_H -I. -I.. -I.. -g -O2 -MT fdistinv.lo -MD -MP -MF .deps/fdistinv.Tpo -c fdistinv.c  -fPIC -DPIC -o .libs/fdistinv.o
libtool: compile:  gcc -DHAVE_CONFIG_H -I. -I.. -I.. -g -O2 -MT exponentialinv.lo -MD -MP -MF .deps/exponentialinv.Tpo -c exponentialinv.c  -fPIC -DPIC -o .libs/exponentialinv.o
libtool: compile:  gcc -DHAVE_CONFIG_H -I. -I.. -I.. -g -O2 -MT betainv.lo -MD -MP -MF .deps/betainv.Tpo -c betainv.c  -fPIC -DPIC -o .libs/betainv.o
libtool: compile:  gcc -DHAVE_CONFIG_H -I. -I.. -I.. -g -O2 -MT gumbel1inv.lo -MD -MP -MF .deps/gumbel1inv.Tpo -c gumbel1inv.c  -fPIC -DPIC -o .libs/gumbel1inv.o
libtool: compile:  gcc -DHAVE_CONFIG_H -I. -I.. -I.. -g -O2 -MT gaussinv.lo -MD -MP -MF .deps/gaussinv.Tpo -c gaussinv.c  -fPIC -DPIC -o .libs/gaussinv.o
libtool: compile:  gcc -DHAVE_CONFIG_H -I. -I.. -I.. -g -O2 -MT gumbel2.lo -MD -MP -MF .deps/gumbel2.Tpo -c gumbel2.c  -fPIC -DPIC -o .libs/gumbel2.o
libtool: compile:  gcc -DHAVE_CONFIG_H -I. -I.. -I.. -g -O2 -MT logistic.lo -MD -MP -MF .deps/logistic.Tpo -c logistic.c  -fPIC -DPIC -o .libs/logistic.o
libtool: compile:  gcc -DHAVE_CONFIG_H -I. -I.. -I.. -g -O2 -MT laplaceinv.lo -MD -MP -MF .deps/laplaceinv.Tpo -c laplaceinv.c  -fPIC -DPIC -o .libs/laplaceinv.o
libtool: compile:  gcc -DHAVE_CONFIG_H -I. -I.. -I.. -g -O2 -MT chisq.lo -MD -MP -MF .deps/chisq.Tpo -c chisq.c -o chisq.o >/dev/null 2>&1
libtool: compile:  gcc -DHAVE_CONFIG_H -I. -I.. -I.. -g -O2 -MT flatinv.lo -MD -MP -MF .deps/flatinv.Tpo -c flatinv.c -o flatinv.o >/dev/null 2>&1
libtool: compile:  gcc -DHAVE_CONFIG_H -I. -I.. -I.. -g -O2 -MT flat.lo -MD -MP -MF .deps/flat.Tpo -c flat.c -o flat.o >/dev/null 2>&1
libtool: compile:  gcc -DHAVE_CONFIG_H -I. -I.. -I.. -g -O2 -MT exponential.lo -MD -MP -MF .deps/exponential.Tpo -c exponential.c -o exponential.o >/dev/null 2>&1
libtool: compile:  gcc -DHAVE_CONFIG_H -I. -I.. -I.. -g -O2 -MT chisqinv.lo -MD -MP -MF .deps/chisqinv.Tpo -c chisqinv.c -o chisqinv.o >/dev/null 2>&1
libtool: compile:  gcc -DHAVE_CONFIG_H -I. -I.. -I.. -g -O2 -MT laplace.lo -MD -MP -MF .deps/laplace.Tpo -c laplace.c -o laplace.o >/dev/null 2>&1
libtool: compile:  gcc -DHAVE_CONFIG_H -I. -I.. -I.. -g -O2 -MT gumbel1.lo -MD -MP -MF .deps/gumbel1.Tpo -c gumbel1.c -o gumbel1.o >/dev/null 2>&1
libtool: compile:  gcc -DHAVE_CONFIG_H -I. -I.. -I.. -g -O2 -MT gumbel2inv.lo -MD -MP -MF .deps/gumbel2inv.Tpo -c gumbel2inv.c -o gumbel2inv.o >/dev/null 2>&1
libtool: compile:  gcc -DHAVE_CONFIG_H -I. -I.. -I.. -g -O2 -MT gamma.lo -MD -MP -MF .deps/gamma.Tpo -c gamma.c -o gamma.o >/dev/null 2>&1
libtool: compile:  gcc -DHAVE_CONFIG_H -I. -I.. -I.. -g -O2 -MT exppow.lo -MD -MP -MF .deps/exppow.Tpo -c exppow.c -o exppow.o >/dev/null 2>&1
libtool: compile:  gcc -DHAVE_CONFIG_H -I. -I.. -I.. -g -O2 -MT fdistinv.lo -MD -MP -MF .deps/fdistinv.Tpo -c fdistinv.c -o fdistinv.o >/dev/null 2>&1
libtool: compile:  gcc -DHAVE_CONFIG_H -I. -I.. -I.. -g -O2 -MT exponentialinv.lo -MD -MP -MF .deps/exponentialinv.Tpo -c exponentialinv.c -o exponentialinv.o >/dev/null 2>&1
libtool: compile:  gcc -DHAVE_CONFIG_H -I. -I.. -I.. -g -O2 -MT cauchy.lo -MD -MP -MF .deps/cauchy.Tpo -c cauchy.c -o cauchy.o >/dev/null 2>&1
libtool: compile:  gcc -DHAVE_CONFIG_H -I. -I.. -I.. -g -O2 -MT gumbel2.lo -MD -MP -MF .deps/gumbel2.Tpo -c gumbel2.c -o gumbel2.o >/dev/null 2>&1
libtool: compile:  gcc -DHAVE_CONFIG_H -I. -I.. -I.. -g -O2 -MT cauchyinv.lo -MD -MP -MF .deps/cauchyinv.Tpo -c cauchyinv.c -o cauchyinv.o >/dev/null 2>&1
libtool: compile:  gcc -DHAVE_CONFIG_H -I. -I.. -I.. -g -O2 -MT gumbel1inv.lo -MD -MP -MF .deps/gumbel1inv.Tpo -c gumbel1inv.c -o gumbel1inv.o >/dev/null 2>&1
libtool: compile:  gcc -DHAVE_CONFIG_H -I. -I.. -I.. -g -O2 -MT logistic.lo -MD -MP -MF .deps/logistic.Tpo -c logistic.c -o logistic.o >/dev/null 2>&1
libtool: compile:  gcc -DHAVE_CONFIG_H -I. -I.. -I.. -g -O2 -MT beta.lo -MD -MP -MF .deps/beta.Tpo -c beta.c -o beta.o >/dev/null 2>&1
libtool: compile:  gcc -DHAVE_CONFIG_H -I. -I.. -I.. -g -O2 -MT gauss.lo -MD -MP -MF .deps/gauss.Tpo -c gauss.c -o gauss.o >/dev/null 2>&1
libtool: compile:  gcc -DHAVE_CONFIG_H -I. -I.. -I.. -g -O2 -MT laplaceinv.lo -MD -MP -MF .deps/laplaceinv.Tpo -c laplaceinv.c -o laplaceinv.o >/dev/null 2>&1
libtool: compile:  gcc -DHAVE_CONFIG_H -I. -I.. -I.. -g -O2 -MT fdist.lo -MD -MP -MF .deps/fdist.Tpo -c fdist.c -o fdist.o >/dev/null 2>&1
libtool: compile:  gcc -DHAVE_CONFIG_H -I. -I.. -I.. -g -O2 -MT gaussinv.lo -MD -MP -MF .deps/gaussinv.Tpo -c gaussinv.c -o gaussinv.o >/dev/null 2>&1
libtool: compile:  gcc -DHAVE_CONFIG_H -I. -I.. -I.. -g -O2 -MT betainv.lo -MD -MP -MF .deps/betainv.Tpo -c betainv.c -o betainv.o >/dev/null 2>&1
libtool: compile:  gcc -DHAVE_CONFIG_H -I. -I.. -I.. -g -O2 -MT logisticinv.lo -MD -MP -MF .deps/logisticinv.Tpo -c logisticinv.c  -fPIC -DPIC -o .libs/logisticinv.o
libtool: compile:  gcc -DHAVE_CONFIG_H -I. -I.. -I.. -g -O2 -MT lognormal.lo -MD -MP -MF .deps/lognormal.Tpo -c lognormal.c  -fPIC -DPIC -o .libs/lognormal.o
libtool: compile:  gcc -DHAVE_CONFIG_H -I. -I.. -I.. -g -O2 -MT pareto.lo -MD -MP -MF .deps/pareto.Tpo -c pareto.c  -fPIC -DPIC -o .libs/pareto.o
libtool: compile:  gcc -DHAVE_CONFIG_H -I. -I.. -I.. -g -O2 -MT lognormalinv.lo -MD -MP -MF .deps/lognormalinv.Tpo -c lognormalinv.c  -fPIC -DPIC -o .libs/lognormalinv.o
libtool: compile:  gcc -DHAVE_CONFIG_H -I. -I.. -I.. -g -O2 -MT paretoinv.lo -MD -MP -MF .deps/paretoinv.Tpo -c paretoinv.c  -fPIC -DPIC -o .libs/paretoinv.o
libtool: compile:  gcc -DHAVE_CONFIG_H -I. -I.. -I.. -g -O2 -MT rayleigh.lo -MD -MP -MF .deps/rayleigh.Tpo -c rayleigh.c  -fPIC -DPIC -o .libs/rayleigh.o
libtool: compile:  gcc -DHAVE_CONFIG_H -I. -I.. -I.. -g -O2 -MT gammainv.lo -MD -MP -MF .deps/gammainv.Tpo -c gammainv.c -o gammainv.o >/dev/null 2>&1
libtool: compile:  gcc -DHAVE_CONFIG_H -I. -I.. -I.. -g -O2 -MT tdist.lo -MD -MP -MF .deps/tdist.Tpo -c tdist.c  -fPIC -DPIC -o .libs/tdist.o
libtool: compile:  gcc -DHAVE_CONFIG_H -I. -I.. -I.. -g -O2 -MT rayleighinv.lo -MD -MP -MF .deps/rayleighinv.Tpo -c rayleighinv.c  -fPIC -DPIC -o .libs/rayleighinv.o
libtool: compile:  gcc -DHAVE_CONFIG_H -I. -I.. -I.. -g -O2 -MT logisticinv.lo -MD -MP -MF .deps/logisticinv.Tpo -c logisticinv.c -o logisticinv.o >/dev/null 2>&1
libtool: compile:  gcc -DHAVE_CONFIG_H -I. -I.. -I.. -g -O2 -MT weibull.lo -MD -MP -MF .deps/weibull.Tpo -c weibull.c  -fPIC -DPIC -o .libs/weibull.o
libtool: compile:  gcc -DHAVE_CONFIG_H -I. -I.. -I.. -g -O2 -MT lognormal.lo -MD -MP -MF .deps/lognormal.Tpo -c lognormal.c -o lognormal.o >/dev/null 2>&1
libtool: compile:  gcc -DHAVE_CONFIG_H -I. -I.. -I.. -g -O2 -MT tdistinv.lo -MD -MP -MF .deps/tdistinv.Tpo -c tdistinv.c  -fPIC -DPIC -o .libs/tdistinv.o
libtool: compile:  gcc -DHAVE_CONFIG_H -I. -I.. -I.. -g -O2 -MT poisson.lo -MD -MP -MF .deps/poisson.Tpo -c poisson.c  -fPIC -DPIC -o .libs/poisson.o
libtool: compile:  gcc -DHAVE_CONFIG_H -I. -I.. -I.. -g -O2 -MT weibullinv.lo -MD -MP -MF .deps/weibullinv.Tpo -c weibullinv.c  -fPIC -DPIC -o .libs/weibullinv.o
libtool: compile:  gcc -DHAVE_CONFIG_H -I. -I.. -I.. -g -O2 -MT pareto.lo -MD -MP -MF .deps/pareto.Tpo -c pareto.c -o pareto.o >/dev/null 2>&1
libtool: compile:  gcc -DHAVE_CONFIG_H -I. -I.. -I.. -g -O2 -MT binomial.lo -MD -MP -MF .deps/binomial.Tpo -c binomial.c  -fPIC -DPIC -o .libs/binomial.o
libtool: compile:  gcc -DHAVE_CONFIG_H -I. -I.. -I.. -g -O2 -MT lognormalinv.lo -MD -MP -MF .deps/lognormalinv.Tpo -c lognormalinv.c -o lognormalinv.o >/dev/null 2>&1
libtool: compile:  gcc -DHAVE_CONFIG_H -I. -I.. -I.. -g -O2 -MT geometric.lo -MD -MP -MF .deps/geometric.Tpo -c geometric.c  -fPIC -DPIC -o .libs/geometric.o
libtool: compile:  gcc -DHAVE_CONFIG_H -I. -I.. -I.. -g -O2 -MT nbinomial.lo -MD -MP -MF .deps/nbinomial.Tpo -c nbinomial.c  -fPIC -DPIC -o .libs/nbinomial.o
libtool: compile:  gcc -DHAVE_CONFIG_H -I. -I.. -I.. -g -O2 -MT pascal.lo -MD -MP -MF .deps/pascal.Tpo -c pascal.c  -fPIC -DPIC -o .libs/pascal.o
libtool: compile:  gcc -DHAVE_CONFIG_H -I. -I.. -I.. -g -O2 -MT paretoinv.lo -MD -MP -MF .deps/paretoinv.Tpo -c paretoinv.c -o paretoinv.o >/dev/null 2>&1
libtool: compile:  gcc -DHAVE_CONFIG_H -I. -I.. -I.. -g -O2 -MT rayleigh.lo -MD -MP -MF .deps/rayleigh.Tpo -c rayleigh.c -o rayleigh.o >/dev/null 2>&1
libtool: compile:  gcc -DHAVE_CONFIG_H -I. -I.. -I.. -g -O2 -MT rayleighinv.lo -MD -MP -MF .deps/rayleighinv.Tpo -c rayleighinv.c -o rayleighinv.o >/dev/null 2>&1
libtool: compile:  gcc -DHAVE_CONFIG_H -I. -I.. -I.. -g -O2 -MT weibullinv.lo -MD -MP -MF .deps/weibullinv.Tpo -c weibullinv.c -o weibullinv.o >/dev/null 2>&1
libtool: compile:  gcc -DHAVE_CONFIG_H -I. -I.. -I.. -g -O2 -MT hypergeometric.lo -MD -MP -MF .deps/hypergeometric.Tpo -c hypergeometric.c  -fPIC -DPIC -o .libs/hypergeometric.o
libtool: compile:  gcc -DHAVE_CONFIG_H -I. -I.. -I.. -g -O2 -MT weibull.lo -MD -MP -MF .deps/weibull.Tpo -c weibull.c -o weibull.o >/dev/null 2>&1
libtool: compile:  gcc -DHAVE_CONFIG_H -I. -I.. -I.. -g -O2 -MT binomial.lo -MD -MP -MF .deps/binomial.Tpo -c binomial.c -o binomial.o >/dev/null 2>&1
libtool: compile:  gcc -DHAVE_CONFIG_H -I. -I.. -I.. -g -O2 -MT pascal.lo -MD -MP -MF .deps/pascal.Tpo -c pascal.c -o pascal.o >/dev/null 2>&1
libtool: compile:  gcc -DHAVE_CONFIG_H -I. -I.. -I.. -g -O2 -MT poisson.lo -MD -MP -MF .deps/poisson.Tpo -c poisson.c -o poisson.o >/dev/null 2>&1
libtool: compile:  gcc -DHAVE_CONFIG_H -I. -I.. -I.. -g -O2 -MT geometric.lo -MD -MP -MF .deps/geometric.Tpo -c geometric.c -o geometric.o >/dev/null 2>&1
libtool: compile:  gcc -DHAVE_CONFIG_H -I. -I.. -I.. -g -O2 -MT nbinomial.lo -MD -MP -MF .deps/nbinomial.Tpo -c nbinomial.c -o nbinomial.o >/dev/null 2>&1
libtool: compile:  gcc -DHAVE_CONFIG_H -I. -I.. -I.. -g -O2 -MT tdist.lo -MD -MP -MF .deps/tdist.Tpo -c tdist.c -o tdist.o >/dev/null 2>&1
libtool: compile:  gcc -DHAVE_CONFIG_H -I. -I.. -I.. -g -O2 -MT hypergeometric.lo -MD -MP -MF .deps/hypergeometric.Tpo -c hypergeometric.c -o hypergeometric.o >/dev/null 2>&1
libtool: compile:  gcc -DHAVE_CONFIG_H -I. -I.. -I.. -g -O2 -MT tdistinv.lo -MD -MP -MF .deps/tdistinv.Tpo -c tdistinv.c -o tdistinv.o >/dev/null 2>&1
libtool: link: ar cr .libs/libgslcdf.a .libs/beta.o .libs/betainv.o .libs/cauchy.o .libs/cauchyinv.o .libs/chisq.o .libs/chisqinv.o .libs/exponential.o .libs/exponentialinv.o .libs/exppow.o .libs/fdist.o .libs/fdistinv.o .libs/flat.o .libs/flatinv.o .libs/gamma.o .libs/gammainv.o .libs/gauss.o .libs/gaussinv.o .libs/gumbel1.o .libs/gumbel1inv.o .libs/gumbel2.o .libs/gumbel2inv.o .libs/laplace.o .libs/laplaceinv.o .libs/logistic.o .libs/logisticinv.o .libs/lognormal.o .libs/lognormalinv.o .libs/pareto.o .libs/paretoinv.o .libs/rayleigh.o .libs/rayleighinv.o .libs/tdist.o .libs/tdistinv.o .libs/weibull.o .libs/weibullinv.o .libs/binomial.o .libs/poisson.o .libs/geometric.o .libs/nbinomial.o .libs/pascal.o .libs/hypergeometric.o 
libtool: link: ranlib .libs/libgslcdf.a
libtool: link: ( cd ".libs" && rm -f "libgslcdf.la" && ln -s "../libgslcdf.la" "libgslcdf.la" )
Making all in wavelet
libtool: compile:  gcc -DHAVE_CONFIG_H -I. -I.. -I.. -g -O2 -MT wavelet.lo -MD -MP -MF .deps/wavelet.Tpo -c wavelet.c  -fPIC -DPIC -o .libs/wavelet.o
libtool: compile:  gcc -DHAVE_CONFIG_H -I. -I.. -I.. -g -O2 -MT dwt.lo -MD -MP -MF .deps/dwt.Tpo -c dwt.c  -fPIC -DPIC -o .libs/dwt.o
libtool: compile:  gcc -DHAVE_CONFIG_H -I. -I.. -I.. -g -O2 -MT daubechies.lo -MD -MP -MF .deps/daubechies.Tpo -c daubechies.c  -fPIC -DPIC -o .libs/daubechies.o
libtool: compile:  gcc -DHAVE_CONFIG_H -I. -I.. -I.. -g -O2 -MT bspline.lo -MD -MP -MF .deps/bspline.Tpo -c bspline.c  -fPIC -DPIC -o .libs/bspline.o
libtool: compile:  gcc -DHAVE_CONFIG_H -I. -I.. -I.. -g -O2 -MT haar.lo -MD -MP -MF .deps/haar.Tpo -c haar.c  -fPIC -DPIC -o .libs/haar.o
libtool: compile:  gcc -DHAVE_CONFIG_H -I. -I.. -I.. -g -O2 -MT daubechies.lo -MD -MP -MF .deps/daubechies.Tpo -c daubechies.c -o daubechies.o >/dev/null 2>&1
libtool: compile:  gcc -DHAVE_CONFIG_H -I. -I.. -I.. -g -O2 -MT haar.lo -MD -MP -MF .deps/haar.Tpo -c haar.c -o haar.o >/dev/null 2>&1
libtool: compile:  gcc -DHAVE_CONFIG_H -I. -I.. -I.. -g -O2 -MT wavelet.lo -MD -MP -MF .deps/wavelet.Tpo -c wavelet.c -o wavelet.o >/dev/null 2>&1
libtool: compile:  gcc -DHAVE_CONFIG_H -I. -I.. -I.. -g -O2 -MT bspline.lo -MD -MP -MF .deps/bspline.Tpo -c bspline.c -o bspline.o >/dev/null 2>&1
libtool: compile:  gcc -DHAVE_CONFIG_H -I. -I.. -I.. -g -O2 -MT dwt.lo -MD -MP -MF .deps/dwt.Tpo -c dwt.c -o dwt.o >/dev/null 2>&1
libtool: link: ar cr .libs/libgslwavelet.a .libs/dwt.o .libs/wavelet.o .libs/bspline.o .libs/daubechies.o .libs/haar.o 
libtool: link: ranlib .libs/libgslwavelet.a
libtool: link: ( cd ".libs" && rm -f "libgslwavelet.la" && ln -s "../libgslwavelet.la" "libgslwavelet.la" )
Making all in bspline
libtool: compile:  gcc -DHAVE_CONFIG_H -I. -I.. -I.. -g -O2 -MT eval.lo -MD -MP -MF .deps/eval.Tpo -c eval.c  -fPIC -DPIC -o .libs/eval.o
libtool: compile:  gcc -DHAVE_CONFIG_H -I. -I.. -I.. -g -O2 -MT old.lo -MD -MP -MF .deps/old.Tpo -c old.c  -fPIC -DPIC -o .libs/old.o
libtool: compile:  gcc -DHAVE_CONFIG_H -I. -I.. -I.. -g -O2 -MT integ.lo -MD -MP -MF .deps/integ.Tpo -c integ.c  -fPIC -DPIC -o .libs/integ.o
libtool: compile:  gcc -DHAVE_CONFIG_H -I. -I.. -I.. -g -O2 -MT inline.lo -MD -MP -MF .deps/inline.Tpo -c inline.c  -fPIC -DPIC -o .libs/inline.o
libtool: compile:  gcc -DHAVE_CONFIG_H -I. -I.. -I.. -g -O2 -MT gram.lo -MD -MP -MF .deps/gram.Tpo -c gram.c  -fPIC -DPIC -o .libs/gram.o
libtool: compile:  gcc -DHAVE_CONFIG_H -I. -I.. -I.. -g -O2 -MT greville.lo -MD -MP -MF .deps/greville.Tpo -c greville.c  -fPIC -DPIC -o .libs/greville.o
libtool: compile:  gcc -DHAVE_CONFIG_H -I. -I.. -I.. -g -O2 -MT interp.lo -MD -MP -MF .deps/interp.Tpo -c interp.c  -fPIC -DPIC -o .libs/interp.o
libtool: compile:  gcc -DHAVE_CONFIG_H -I. -I.. -I.. -g -O2 -MT ls.lo -MD -MP -MF .deps/ls.Tpo -c ls.c  -fPIC -DPIC -o .libs/ls.o
libtool: compile:  gcc -DHAVE_CONFIG_H -I. -I.. -I.. -g -O2 -MT bspline.lo -MD -MP -MF .deps/bspline.Tpo -c bspline.c  -fPIC -DPIC -o .libs/bspline.o
libtool: compile:  gcc -DHAVE_CONFIG_H -I. -I.. -I.. -g -O2 -MT inline.lo -MD -MP -MF .deps/inline.Tpo -c inline.c -o inline.o >/dev/null 2>&1
libtool: compile:  gcc -DHAVE_CONFIG_H -I. -I.. -I.. -g -O2 -MT old.lo -MD -MP -MF .deps/old.Tpo -c old.c -o old.o >/dev/null 2>&1
libtool: compile:  gcc -DHAVE_CONFIG_H -I. -I.. -I.. -g -O2 -MT greville.lo -MD -MP -MF .deps/greville.Tpo -c greville.c -o greville.o >/dev/null 2>&1
libtool: compile:  gcc -DHAVE_CONFIG_H -I. -I.. -I.. -g -O2 -MT integ.lo -MD -MP -MF .deps/integ.Tpo -c integ.c -o integ.o >/dev/null 2>&1
libtool: compile:  gcc -DHAVE_CONFIG_H -I. -I.. -I.. -g -O2 -MT gram.lo -MD -MP -MF .deps/gram.Tpo -c gram.c -o gram.o >/dev/null 2>&1
libtool: compile:  gcc -DHAVE_CONFIG_H -I. -I.. -I.. -g -O2 -MT interp.lo -MD -MP -MF .deps/interp.Tpo -c interp.c -o interp.o >/dev/null 2>&1
libtool: compile:  gcc -DHAVE_CONFIG_H -I. -I.. -I.. -g -O2 -MT ls.lo -MD -MP -MF .deps/ls.Tpo -c ls.c -o ls.o >/dev/null 2>&1
libtool: compile:  gcc -DHAVE_CONFIG_H -I. -I.. -I.. -g -O2 -MT bspline.lo -MD -MP -MF .deps/bspline.Tpo -c bspline.c -o bspline.o >/dev/null 2>&1
libtool: compile:  gcc -DHAVE_CONFIG_H -I. -I.. -I.. -g -O2 -MT eval.lo -MD -MP -MF .deps/eval.Tpo -c eval.c -o eval.o >/dev/null 2>&1
libtool: link: ar cr .libs/libgslbspline.a .libs/bspline.o .libs/eval.o .libs/gram.o .libs/greville.o .libs/integ.o .libs/interp.o .libs/ls.o .libs/old.o .libs/inline.o 
libtool: link: ranlib .libs/libgslbspline.a
libtool: link: ( cd ".libs" && rm -f "libgslbspline.la" && ln -s "../libgslbspline.la" "libgslbspline.la" )
Making all in spblas
libtool: compile:  gcc -DHAVE_CONFIG_H -I. -I.. -I.. -g -O2 -MT spdgemm.lo -MD -MP -MF .deps/spdgemm.Tpo -c spdgemm.c  -fPIC -DPIC -o .libs/spdgemm.o
libtool: compile:  gcc -DHAVE_CONFIG_H -I. -I.. -I.. -g -O2 -MT spdgemv.lo -MD -MP -MF .deps/spdgemv.Tpo -c spdgemv.c  -fPIC -DPIC -o .libs/spdgemv.o
libtool: compile:  gcc -DHAVE_CONFIG_H -I. -I.. -I.. -g -O2 -MT spdgemv.lo -MD -MP -MF .deps/spdgemv.Tpo -c spdgemv.c -o spdgemv.o >/dev/null 2>&1
libtool: compile:  gcc -DHAVE_CONFIG_H -I. -I.. -I.. -g -O2 -MT spdgemm.lo -MD -MP -MF .deps/spdgemm.Tpo -c spdgemm.c -o spdgemm.o >/dev/null 2>&1
libtool: link: ar cr .libs/libgslspblas.a .libs/spdgemm.o .libs/spdgemv.o 
libtool: link: ranlib .libs/libgslspblas.a
libtool: link: ( cd ".libs" && rm -f "libgslspblas.la" && ln -s "../libgslspblas.la" "libgslspblas.la" )
Making all in spmatrix
libtool: compile:  gcc -DHAVE_CONFIG_H -I. -I.. -I.. -g -O2 -MT init.lo -MD -MP -MF .deps/init.Tpo -c init.c  -fPIC -DPIC -o .libs/init.o
libtool: compile:  gcc -DHAVE_CONFIG_H -I. -I.. -I.. -g -O2 -MT swap.lo -MD -MP -MF .deps/swap.Tpo -c swap.c  -fPIC -DPIC -o .libs/swap.o
libtool: compile:  gcc -DHAVE_CONFIG_H -I. -I.. -I.. -g -O2 -MT file.lo -MD -MP -MF .deps/file.Tpo -c file.c  -fPIC -DPIC -o .libs/file.o
libtool: compile:  gcc -DHAVE_CONFIG_H -I. -I.. -I.. -g -O2 -MT util.lo -MD -MP -MF .deps/util.Tpo -c util.c  -fPIC -DPIC -o .libs/util.o
libtool: compile:  gcc -DHAVE_CONFIG_H -I. -I.. -I.. -g -O2 -MT copy.lo -MD -MP -MF .deps/copy.Tpo -c copy.c  -fPIC -DPIC -o .libs/copy.o
libtool: compile:  gcc -DHAVE_CONFIG_H -I. -I.. -I.. -g -O2 -MT prop.lo -MD -MP -MF .deps/prop.Tpo -c prop.c  -fPIC -DPIC -o .libs/prop.o
libtool: compile:  gcc -DHAVE_CONFIG_H -I. -I.. -I.. -g -O2 -MT minmax.lo -MD -MP -MF .deps/minmax.Tpo -c minmax.c  -fPIC -DPIC -o .libs/minmax.o
libtool: compile:  gcc -DHAVE_CONFIG_H -I. -I.. -I.. -g -O2 -MT oper.lo -MD -MP -MF .deps/oper.Tpo -c oper.c  -fPIC -DPIC -o .libs/oper.o
libtool: compile:  gcc -DHAVE_CONFIG_H -I. -I.. -I.. -g -O2 -MT getset.lo -MD -MP -MF .deps/getset.Tpo -c getset.c  -fPIC -DPIC -o .libs/getset.o
libtool: compile:  gcc -DHAVE_CONFIG_H -I. -I.. -I.. -g -O2 -MT compress.lo -MD -MP -MF .deps/compress.Tpo -c compress.c  -fPIC -DPIC -o .libs/compress.o
libtool: compile:  gcc -DHAVE_CONFIG_H -I. -I.. -I.. -g -O2 -MT util.lo -MD -MP -MF .deps/util.Tpo -c util.c -o util.o >/dev/null 2>&1
libtool: compile:  gcc -DHAVE_CONFIG_H -I. -I.. -I.. -g -O2 -MT minmax.lo -MD -MP -MF .deps/minmax.Tpo -c minmax.c -o minmax.o >/dev/null 2>&1
libtool: compile:  gcc -DHAVE_CONFIG_H -I. -I.. -I.. -g -O2 -MT copy.lo -MD -MP -MF .deps/copy.Tpo -c copy.c -o copy.o >/dev/null 2>&1
libtool: compile:  gcc -DHAVE_CONFIG_H -I. -I.. -I.. -g -O2 -MT getset.lo -MD -MP -MF .deps/getset.Tpo -c getset.c -o getset.o >/dev/null 2>&1
libtool: compile:  gcc -DHAVE_CONFIG_H -I. -I.. -I.. -g -O2 -MT prop.lo -MD -MP -MF .deps/prop.Tpo -c prop.c -o prop.o >/dev/null 2>&1
libtool: compile:  gcc -DHAVE_CONFIG_H -I. -I.. -I.. -g -O2 -MT init.lo -MD -MP -MF .deps/init.Tpo -c init.c -o init.o >/dev/null 2>&1
libtool: compile:  gcc -DHAVE_CONFIG_H -I. -I.. -I.. -g -O2 -MT compress.lo -MD -MP -MF .deps/compress.Tpo -c compress.c -o compress.o >/dev/null 2>&1
libtool: compile:  gcc -DHAVE_CONFIG_H -I. -I.. -I.. -g -O2 -MT swap.lo -MD -MP -MF .deps/swap.Tpo -c swap.c -o swap.o >/dev/null 2>&1
libtool: compile:  gcc -DHAVE_CONFIG_H -I. -I.. -I.. -g -O2 -MT file.lo -MD -MP -MF .deps/file.Tpo -c file.c -o file.o >/dev/null 2>&1
libtool: compile:  gcc -DHAVE_CONFIG_H -I. -I.. -I.. -g -O2 -MT oper.lo -MD -MP -MF .deps/oper.Tpo -c oper.c -o oper.o >/dev/null 2>&1
libtool: link: ar cr .libs/libgslspmatrix.a .libs/compress.o .libs/copy.o .libs/file.o .libs/getset.o .libs/init.o .libs/minmax.o .libs/oper.o .libs/prop.o .libs/util.o .libs/swap.o 
libtool: link: ranlib .libs/libgslspmatrix.a
libtool: link: ( cd ".libs" && rm -f "libgslspmatrix.la" && ln -s "../libgslspmatrix.la" "libgslspmatrix.la" )
Making all in splinalg
libtool: compile:  gcc -DHAVE_CONFIG_H -I. -I.. -I.. -g -O2 -MT itersolve.lo -MD -MP -MF .deps/itersolve.Tpo -c itersolve.c  -fPIC -DPIC -o .libs/itersolve.o
libtool: compile:  gcc -DHAVE_CONFIG_H -I. -I.. -I.. -g -O2 -MT gmres.lo -MD -MP -MF .deps/gmres.Tpo -c gmres.c  -fPIC -DPIC -o .libs/gmres.o
libtool: compile:  gcc -DHAVE_CONFIG_H -I. -I.. -I.. -g -O2 -MT itersolve.lo -MD -MP -MF .deps/itersolve.Tpo -c itersolve.c -o itersolve.o >/dev/null 2>&1
libtool: compile:  gcc -DHAVE_CONFIG_H -I. -I.. -I.. -g -O2 -MT gmres.lo -MD -MP -MF .deps/gmres.Tpo -c gmres.c -o gmres.o >/dev/null 2>&1
libtool: link: ar cr .libs/libgslsplinalg.a .libs/itersolve.o .libs/gmres.o 
libtool: link: ranlib .libs/libgslsplinalg.a
libtool: link: ( cd ".libs" && rm -f "libgslsplinalg.la" && ln -s "../libgslsplinalg.la" "libgslsplinalg.la" )
Making all in doc
Making all in .
Making all in examples
creating gsl.pc
creating gsl-config
libtool: compile:  gcc -DHAVE_CONFIG_H -I. -g -O2 -MT version.lo -MD -MP -MF .deps/version.Tpo -c version.c  -fPIC -DPIC -o .libs/version.o
libtool: compile:  gcc -DHAVE_CONFIG_H -I. -g -O2 -MT version.lo -MD -MP -MF .deps/version.Tpo -c version.c -o version.o >/dev/null 2>&1
libtool: link: gcc -shared  -fPIC -DPIC  .libs/version.o  -Wl,--whole-archive block/.libs/libgslblock.a blas/.libs/libgslblas.a bspline/.libs/libgslbspline.a bst/.libs/libgslbst.a complex/.libs/libgslcomplex.a cheb/.libs/libgslcheb.a dht/.libs/libgsldht.a diff/.libs/libgsldiff.a deriv/.libs/libgslderiv.a eigen/.libs/libgsleigen.a err/.libs/libgslerr.a fft/.libs/libgslfft.a filter/.libs/libgslfilter.a fit/.libs/libgslfit.a histogram/.libs/libgslhistogram.a ieee-utils/.libs/libgslieeeutils.a integration/.libs/libgslintegration.a interpolation/.libs/libgslinterpolation.a linalg/.libs/libgsllinalg.a matrix/.libs/libgslmatrix.a min/.libs/libgslmin.a monte/.libs/libgslmonte.a multifit/.libs/libgslmultifit.a multifit_nlinear/.libs/libgslmultifit_nlinear.a multilarge/.libs/libgslmultilarge.a multilarge_nlinear/.libs/libgslmultilarge_nlinear.a multimin/.libs/libgslmultimin.a multiroots/.libs/libgslmultiroots.a ntuple/.libs/libgslntuple.a ode-initval/.libs/libgslodeiv.a ode-initval2/.libs/libgslodeiv2.a permutation/.libs/libgslpermutation.a combination/.libs/libgslcombination.a multiset/.libs/libgslmultiset.a poly/.libs/libgslpoly.a qrng/.libs/libgslqrng.a randist/.libs/libgslrandist.a rng/.libs/libgslrng.a roots/.libs/libgslroots.a siman/.libs/libgslsiman.a sort/.libs/libgslsort.a specfunc/.libs/libgslspecfunc.a movstat/.libs/libgslmovstat.a rstat/.libs/libgslrstat.a statistics/.libs/libgslstatistics.a sum/.libs/libgslsum.a sys/.libs/libgslsys.a test/.libs/libgsltest.a utils/.libs/libutils.a vector/.libs/libgslvector.a cdf/.libs/libgslcdf.a wavelet/.libs/libgslwavelet.a spmatrix/.libs/libgslspmatrix.a spblas/.libs/libgslspblas.a splinalg/.libs/libgslsplinalg.a -Wl,--no-whole-archive  -lm  -g -O2   -Wl,-soname -Wl,libgsl.so.28 -o .libs/libgsl.so.28.0.0
libtool: link: (cd ".libs" && rm -f "libgsl.so.28" && ln -s "libgsl.so.28.0.0" "libgsl.so.28")
libtool: link: (cd ".libs" && rm -f "libgsl.so" && ln -s "libgsl.so.28.0.0" "libgsl.so")
libtool: link: (cd .libs/libgsl.lax/libgslblock.a && ar x "/home/tommy/opt/src/gsl-2.8/block/.libs/libgslblock.a")
libtool: link: (cd .libs/libgsl.lax/libgslblas.a && ar x "/home/tommy/opt/src/gsl-2.8/blas/.libs/libgslblas.a")
libtool: link: (cd .libs/libgsl.lax/libgslbspline.a && ar x "/home/tommy/opt/src/gsl-2.8/bspline/.libs/libgslbspline.a")
libtool: link: (cd .libs/libgsl.lax/libgslbst.a && ar x "/home/tommy/opt/src/gsl-2.8/bst/.libs/libgslbst.a")
libtool: link: (cd .libs/libgsl.lax/libgslcomplex.a && ar x "/home/tommy/opt/src/gsl-2.8/complex/.libs/libgslcomplex.a")
libtool: link: (cd .libs/libgsl.lax/libgslcheb.a && ar x "/home/tommy/opt/src/gsl-2.8/cheb/.libs/libgslcheb.a")
libtool: link: (cd .libs/libgsl.lax/libgsldht.a && ar x "/home/tommy/opt/src/gsl-2.8/dht/.libs/libgsldht.a")
libtool: link: (cd .libs/libgsl.lax/libgsldiff.a && ar x "/home/tommy/opt/src/gsl-2.8/diff/.libs/libgsldiff.a")
libtool: link: (cd .libs/libgsl.lax/libgslderiv.a && ar x "/home/tommy/opt/src/gsl-2.8/deriv/.libs/libgslderiv.a")
libtool: link: (cd .libs/libgsl.lax/libgsleigen.a && ar x "/home/tommy/opt/src/gsl-2.8/eigen/.libs/libgsleigen.a")
libtool: link: (cd .libs/libgsl.lax/libgslerr.a && ar x "/home/tommy/opt/src/gsl-2.8/err/.libs/libgslerr.a")
libtool: link: (cd .libs/libgsl.lax/libgslfft.a && ar x "/home/tommy/opt/src/gsl-2.8/fft/.libs/libgslfft.a")
libtool: link: (cd .libs/libgsl.lax/libgslfilter.a && ar x "/home/tommy/opt/src/gsl-2.8/filter/.libs/libgslfilter.a")
libtool: link: (cd .libs/libgsl.lax/libgslfit.a && ar x "/home/tommy/opt/src/gsl-2.8/fit/.libs/libgslfit.a")
libtool: link: (cd .libs/libgsl.lax/libgslhistogram.a && ar x "/home/tommy/opt/src/gsl-2.8/histogram/.libs/libgslhistogram.a")
libtool: link: (cd .libs/libgsl.lax/libgslieeeutils.a && ar x "/home/tommy/opt/src/gsl-2.8/ieee-utils/.libs/libgslieeeutils.a")
libtool: link: (cd .libs/libgsl.lax/libgslintegration.a && ar x "/home/tommy/opt/src/gsl-2.8/integration/.libs/libgslintegration.a")
libtool: link: (cd .libs/libgsl.lax/libgslinterpolation.a && ar x "/home/tommy/opt/src/gsl-2.8/interpolation/.libs/libgslinterpolation.a")
libtool: link: (cd .libs/libgsl.lax/libgsllinalg.a && ar x "/home/tommy/opt/src/gsl-2.8/linalg/.libs/libgsllinalg.a")
libtool: link: (cd .libs/libgsl.lax/libgslmatrix.a && ar x "/home/tommy/opt/src/gsl-2.8/matrix/.libs/libgslmatrix.a")
libtool: link: (cd .libs/libgsl.lax/libgslmin.a && ar x "/home/tommy/opt/src/gsl-2.8/min/.libs/libgslmin.a")
libtool: link: (cd .libs/libgsl.lax/libgslmonte.a && ar x "/home/tommy/opt/src/gsl-2.8/monte/.libs/libgslmonte.a")
libtool: link: (cd .libs/libgsl.lax/libgslmultifit.a && ar x "/home/tommy/opt/src/gsl-2.8/multifit/.libs/libgslmultifit.a")
libtool: link: (cd .libs/libgsl.lax/libgslmultifit_nlinear.a && ar x "/home/tommy/opt/src/gsl-2.8/multifit_nlinear/.libs/libgslmultifit_nlinear.a")
libtool: link: (cd .libs/libgsl.lax/libgslmultilarge.a && ar x "/home/tommy/opt/src/gsl-2.8/multilarge/.libs/libgslmultilarge.a")
libtool: link: (cd .libs/libgsl.lax/libgslmultilarge_nlinear.a && ar x "/home/tommy/opt/src/gsl-2.8/multilarge_nlinear/.libs/libgslmultilarge_nlinear.a")
libtool: link: (cd .libs/libgsl.lax/libgslmultimin.a && ar x "/home/tommy/opt/src/gsl-2.8/multimin/.libs/libgslmultimin.a")
libtool: link: (cd .libs/libgsl.lax/libgslmultiroots.a && ar x "/home/tommy/opt/src/gsl-2.8/multiroots/.libs/libgslmultiroots.a")
libtool: link: (cd .libs/libgsl.lax/libgslntuple.a && ar x "/home/tommy/opt/src/gsl-2.8/ntuple/.libs/libgslntuple.a")
libtool: link: (cd .libs/libgsl.lax/libgslodeiv.a && ar x "/home/tommy/opt/src/gsl-2.8/ode-initval/.libs/libgslodeiv.a")
libtool: link: (cd .libs/libgsl.lax/libgslodeiv2.a && ar x "/home/tommy/opt/src/gsl-2.8/ode-initval2/.libs/libgslodeiv2.a")
libtool: link: (cd .libs/libgsl.lax/libgslpermutation.a && ar x "/home/tommy/opt/src/gsl-2.8/permutation/.libs/libgslpermutation.a")
libtool: link: (cd .libs/libgsl.lax/libgslcombination.a && ar x "/home/tommy/opt/src/gsl-2.8/combination/.libs/libgslcombination.a")
libtool: link: (cd .libs/libgsl.lax/libgslmultiset.a && ar x "/home/tommy/opt/src/gsl-2.8/multiset/.libs/libgslmultiset.a")
libtool: link: (cd .libs/libgsl.lax/libgslpoly.a && ar x "/home/tommy/opt/src/gsl-2.8/poly/.libs/libgslpoly.a")
libtool: link: (cd .libs/libgsl.lax/libgslqrng.a && ar x "/home/tommy/opt/src/gsl-2.8/qrng/.libs/libgslqrng.a")
libtool: link: (cd .libs/libgsl.lax/libgslrandist.a && ar x "/home/tommy/opt/src/gsl-2.8/randist/.libs/libgslrandist.a")
libtool: link: (cd .libs/libgsl.lax/libgslrng.a && ar x "/home/tommy/opt/src/gsl-2.8/rng/.libs/libgslrng.a")
libtool: link: (cd .libs/libgsl.lax/libgslroots.a && ar x "/home/tommy/opt/src/gsl-2.8/roots/.libs/libgslroots.a")
libtool: link: (cd .libs/libgsl.lax/libgslsiman.a && ar x "/home/tommy/opt/src/gsl-2.8/siman/.libs/libgslsiman.a")
libtool: link: (cd .libs/libgsl.lax/libgslsort.a && ar x "/home/tommy/opt/src/gsl-2.8/sort/.libs/libgslsort.a")
libtool: link: (cd .libs/libgsl.lax/libgslspecfunc.a && ar x "/home/tommy/opt/src/gsl-2.8/specfunc/.libs/libgslspecfunc.a")
libtool: link: (cd .libs/libgsl.lax/libgslmovstat.a && ar x "/home/tommy/opt/src/gsl-2.8/movstat/.libs/libgslmovstat.a")
libtool: link: (cd .libs/libgsl.lax/libgslrstat.a && ar x "/home/tommy/opt/src/gsl-2.8/rstat/.libs/libgslrstat.a")
libtool: link: (cd .libs/libgsl.lax/libgslstatistics.a && ar x "/home/tommy/opt/src/gsl-2.8/statistics/.libs/libgslstatistics.a")
libtool: link: (cd .libs/libgsl.lax/libgslsum.a && ar x "/home/tommy/opt/src/gsl-2.8/sum/.libs/libgslsum.a")
libtool: link: (cd .libs/libgsl.lax/libgslsys.a && ar x "/home/tommy/opt/src/gsl-2.8/sys/.libs/libgslsys.a")
libtool: link: (cd .libs/libgsl.lax/libgsltest.a && ar x "/home/tommy/opt/src/gsl-2.8/test/.libs/libgsltest.a")
libtool: link: (cd .libs/libgsl.lax/libutils.a && ar x "/home/tommy/opt/src/gsl-2.8/utils/.libs/libutils.a")
libtool: link: (cd .libs/libgsl.lax/libgslvector.a && ar x "/home/tommy/opt/src/gsl-2.8/vector/.libs/libgslvector.a")
libtool: link: (cd .libs/libgsl.lax/libgslcdf.a && ar x "/home/tommy/opt/src/gsl-2.8/cdf/.libs/libgslcdf.a")
libtool: link: (cd .libs/libgsl.lax/libgslwavelet.a && ar x "/home/tommy/opt/src/gsl-2.8/wavelet/.libs/libgslwavelet.a")
libtool: link: (cd .libs/libgsl.lax/libgslspmatrix.a && ar x "/home/tommy/opt/src/gsl-2.8/spmatrix/.libs/libgslspmatrix.a")
libtool: link: (cd .libs/libgsl.lax/libgslspblas.a && ar x "/home/tommy/opt/src/gsl-2.8/spblas/.libs/libgslspblas.a")
libtool: link: (cd .libs/libgsl.lax/libgslsplinalg.a && ar x "/home/tommy/opt/src/gsl-2.8/splinalg/.libs/libgslsplinalg.a")
copying selected object files to avoid basename conflicts...
libtool: link: ln .libs/libgsl.lax/libgslcomplex.a/inline.o .libs/libgsl.lax/lt1-inline.o || cp .libs/libgsl.lax/libgslcomplex.a/inline.o .libs/libgsl.lax/lt1-inline.o
libtool: link: ln .libs/libgsl.lax/libgslcheb.a/eval.o .libs/libgsl.lax/lt2-eval.o || cp .libs/libgsl.lax/libgslcheb.a/eval.o .libs/libgsl.lax/lt2-eval.o
libtool: link: ln .libs/libgsl.lax/libgslcheb.a/init.o .libs/libgsl.lax/lt3-init.o || cp .libs/libgsl.lax/libgslcheb.a/init.o .libs/libgsl.lax/lt3-init.o
libtool: link: ln .libs/libgsl.lax/libgslcheb.a/integ.o .libs/libgsl.lax/lt4-integ.o || cp .libs/libgsl.lax/libgslcheb.a/integ.o .libs/libgsl.lax/lt4-integ.o
libtool: link: ln .libs/libgsl.lax/libgslderiv.a/deriv.o .libs/libgsl.lax/lt5-deriv.o || cp .libs/libgsl.lax/libgslderiv.a/deriv.o .libs/libgsl.lax/lt5-deriv.o
libtool: link: ln .libs/libgsl.lax/libgslhistogram.a/file.o .libs/libgsl.lax/lt6-file.o || cp .libs/libgsl.lax/libgslhistogram.a/file.o .libs/libgsl.lax/lt6-file.o
libtool: link: ln .libs/libgsl.lax/libgslhistogram.a/init.o .libs/libgsl.lax/lt7-init.o || cp .libs/libgsl.lax/libgslhistogram.a/init.o .libs/libgsl.lax/lt7-init.o
libtool: link: ln .libs/libgsl.lax/libgslintegration.a/jacobi.o .libs/libgsl.lax/lt8-jacobi.o || cp .libs/libgsl.lax/libgslintegration.a/jacobi.o .libs/libgsl.lax/lt8-jacobi.o
libtool: link: ln .libs/libgsl.lax/libgslinterpolation.a/inline.o .libs/libgsl.lax/lt9-inline.o || cp .libs/libgsl.lax/libgslinterpolation.a/inline.o .libs/libgsl.lax/lt9-inline.o
libtool: link: ln .libs/libgsl.lax/libgslinterpolation.a/interp.o .libs/libgsl.lax/lt10-interp.o || cp .libs/libgsl.lax/libgslinterpolation.a/interp.o .libs/libgsl.lax/lt10-interp.o
libtool: link: ln .libs/libgsl.lax/libgslinterpolation.a/linear.o .libs/libgsl.lax/lt11-linear.o || cp .libs/libgsl.lax/libgslinterpolation.a/linear.o .libs/libgsl.lax/lt11-linear.o
libtool: link: ln .libs/libgsl.lax/libgsllinalg.a/exponential.o .libs/libgsl.lax/lt12-exponential.o || cp .libs/libgsl.lax/libgsllinalg.a/exponential.o .libs/libgsl.lax/lt12-exponential.o
libtool: link: ln .libs/libgsl.lax/libgsllinalg.a/inline.o .libs/libgsl.lax/lt13-inline.o || cp .libs/libgsl.lax/libgsllinalg.a/inline.o .libs/libgsl.lax/lt13-inline.o
libtool: link: ln .libs/libgsl.lax/libgslmatrix.a/copy.o .libs/libgsl.lax/lt14-copy.o || cp .libs/libgsl.lax/libgslmatrix.a/copy.o .libs/libgsl.lax/lt14-copy.o
libtool: link: ln .libs/libgsl.lax/libgslmatrix.a/file.o .libs/libgsl.lax/lt15-file.o || cp .libs/libgsl.lax/libgslmatrix.a/file.o .libs/libgsl.lax/lt15-file.o
libtool: link: ln .libs/libgsl.lax/libgslmatrix.a/init.o .libs/libgsl.lax/lt16-init.o || cp .libs/libgsl.lax/libgslmatrix.a/init.o .libs/libgsl.lax/lt16-init.o
libtool: link: ln .libs/libgsl.lax/libgslmatrix.a/oper.o .libs/libgsl.lax/lt17-oper.o || cp .libs/libgsl.lax/libgslmatrix.a/oper.o .libs/libgsl.lax/lt17-oper.o
libtool: link: ln .libs/libgsl.lax/libgslmultifit.a/convergence.o .libs/libgsl.lax/lt18-convergence.o || cp .libs/libgsl.lax/libgslmultifit.a/convergence.o .libs/libgsl.lax/lt18-convergence.o
libtool: link: ln .libs/libgsl.lax/libgslmultifit.a/fsolver.o .libs/libgsl.lax/lt19-fsolver.o || cp .libs/libgsl.lax/libgslmultifit.a/fsolver.o .libs/libgsl.lax/lt19-fsolver.o
libtool: link: ln .libs/libgsl.lax/libgslmultifit_nlinear.a/cholesky.o .libs/libgsl.lax/lt20-cholesky.o || cp .libs/libgsl.lax/libgslmultifit_nlinear.a/cholesky.o .libs/libgsl.lax/lt20-cholesky.o
libtool: link: ln .libs/libgsl.lax/libgslmultifit_nlinear.a/convergence.o .libs/libgsl.lax/lt21-convergence.o || cp .libs/libgsl.lax/libgslmultifit_nlinear.a/convergence.o .libs/libgsl.lax/lt21-convergence.o
libtool: link: ln .libs/libgsl.lax/libgslmultifit_nlinear.a/covar.o .libs/libgsl.lax/lt22-covar.o || cp .libs/libgsl.lax/libgslmultifit_nlinear.a/covar.o .libs/libgsl.lax/lt22-covar.o
libtool: link: ln .libs/libgsl.lax/libgslmultifit_nlinear.a/fdjac.o .libs/libgsl.lax/lt23-fdjac.o || cp .libs/libgsl.lax/libgslmultifit_nlinear.a/fdjac.o .libs/libgsl.lax/lt23-fdjac.o
libtool: link: ln .libs/libgsl.lax/libgslmultifit_nlinear.a/mcholesky.o .libs/libgsl.lax/lt24-mcholesky.o || cp .libs/libgsl.lax/libgslmultifit_nlinear.a/mcholesky.o .libs/libgsl.lax/lt24-mcholesky.o
libtool: link: ln .libs/libgsl.lax/libgslmultifit_nlinear.a/qr.o .libs/libgsl.lax/lt25-qr.o || cp .libs/libgsl.lax/libgslmultifit_nlinear.a/qr.o .libs/libgsl.lax/lt25-qr.o
libtool: link: ln .libs/libgsl.lax/libgslmultifit_nlinear.a/svd.o .libs/libgsl.lax/lt26-svd.o || cp .libs/libgsl.lax/libgslmultifit_nlinear.a/svd.o .libs/libgsl.lax/lt26-svd.o
libtool: link: ln .libs/libgsl.lax/libgslmultilarge_nlinear.a/cholesky.o .libs/libgsl.lax/lt27-cholesky.o || cp .libs/libgsl.lax/libgslmultilarge_nlinear.a/cholesky.o .libs/libgsl.lax/lt27-cholesky.o
libtool: link: ln .libs/libgsl.lax/libgslmultilarge_nlinear.a/convergence.o .libs/libgsl.lax/lt28-convergence.o || cp .libs/libgsl.lax/libgslmultilarge_nlinear.a/convergence.o .libs/libgsl.lax/lt28-convergence.o
libtool: link: ln .libs/libgsl.lax/libgslmultilarge_nlinear.a/dogleg.o .libs/libgsl.lax/lt29-dogleg.o || cp .libs/libgsl.lax/libgslmultilarge_nlinear.a/dogleg.o .libs/libgsl.lax/lt29-dogleg.o
libtool: link: ln .libs/libgsl.lax/libgslmultilarge_nlinear.a/fdf.o .libs/libgsl.lax/lt30-fdf.o || cp .libs/libgsl.lax/libgslmultilarge_nlinear.a/fdf.o .libs/libgsl.lax/lt30-fdf.o
libtool: link: ln .libs/libgsl.lax/libgslmultilarge_nlinear.a/lm.o .libs/libgsl.lax/lt31-lm.o || cp .libs/libgsl.lax/libgslmultilarge_nlinear.a/lm.o .libs/libgsl.lax/lt31-lm.o
libtool: link: ln .libs/libgsl.lax/libgslmultilarge_nlinear.a/mcholesky.o .libs/libgsl.lax/lt32-mcholesky.o || cp .libs/libgsl.lax/libgslmultilarge_nlinear.a/mcholesky.o .libs/libgsl.lax/lt32-mcholesky.o
libtool: link: ln .libs/libgsl.lax/libgslmultilarge_nlinear.a/scaling.o .libs/libgsl.lax/lt33-scaling.o || cp .libs/libgsl.lax/libgslmultilarge_nlinear.a/scaling.o .libs/libgsl.lax/lt33-scaling.o
libtool: link: ln .libs/libgsl.lax/libgslmultilarge_nlinear.a/subspace2D.o .libs/libgsl.lax/lt34-subspace2D.o || cp .libs/libgsl.lax/libgslmultilarge_nlinear.a/subspace2D.o .libs/libgsl.lax/lt34-subspace2D.o
libtool: link: ln .libs/libgsl.lax/libgslmultilarge_nlinear.a/trust.o .libs/libgsl.lax/lt35-trust.o || cp .libs/libgsl.lax/libgslmultilarge_nlinear.a/trust.o .libs/libgsl.lax/lt35-trust.o
libtool: link: ln .libs/libgsl.lax/libgslmultimin.a/convergence.o .libs/libgsl.lax/lt36-convergence.o || cp .libs/libgsl.lax/libgslmultimin.a/convergence.o .libs/libgsl.lax/lt36-convergence.o
libtool: link: ln .libs/libgsl.lax/libgslmultimin.a/diff.o .libs/libgsl.lax/lt37-diff.o || cp .libs/libgsl.lax/libgslmultimin.a/diff.o .libs/libgsl.lax/lt37-diff.o
libtool: link: ln .libs/libgsl.lax/libgslmultiroots.a/convergence.o .libs/libgsl.lax/lt38-convergence.o || cp .libs/libgsl.lax/libgslmultiroots.a/convergence.o .libs/libgsl.lax/lt38-convergence.o
libtool: link: ln .libs/libgsl.lax/libgslmultiroots.a/fdfsolver.o .libs/libgsl.lax/lt39-fdfsolver.o || cp .libs/libgsl.lax/libgslmultiroots.a/fdfsolver.o .libs/libgsl.lax/lt39-fdfsolver.o
libtool: link: ln .libs/libgsl.lax/libgslmultiroots.a/fdjac.o .libs/libgsl.lax/lt40-fdjac.o || cp .libs/libgsl.lax/libgslmultiroots.a/fdjac.o .libs/libgsl.lax/lt40-fdjac.o
libtool: link: ln .libs/libgsl.lax/libgslmultiroots.a/fsolver.o .libs/libgsl.lax/lt41-fsolver.o || cp .libs/libgsl.lax/libgslmultiroots.a/fsolver.o .libs/libgsl.lax/lt41-fsolver.o
libtool: link: ln .libs/libgsl.lax/libgslodeiv2.a/bsimp.o .libs/libgsl.lax/lt42-bsimp.o || cp .libs/libgsl.lax/libgslodeiv2.a/bsimp.o .libs/libgsl.lax/lt42-bsimp.o
libtool: link: ln .libs/libgsl.lax/libgslodeiv2.a/control.o .libs/libgsl.lax/lt43-control.o || cp .libs/libgsl.lax/libgslodeiv2.a/control.o .libs/libgsl.lax/lt43-control.o
libtool: link: ln .libs/libgsl.lax/libgslodeiv2.a/cscal.o .libs/libgsl.lax/lt44-cscal.o || cp .libs/libgsl.lax/libgslodeiv2.a/cscal.o .libs/libgsl.lax/lt44-cscal.o
libtool: link: ln .libs/libgsl.lax/libgslodeiv2.a/cstd.o .libs/libgsl.lax/lt45-cstd.o || cp .libs/libgsl.lax/libgslodeiv2.a/cstd.o .libs/libgsl.lax/lt45-cstd.o
libtool: link: ln .libs/libgsl.lax/libgslodeiv2.a/evolve.o .libs/libgsl.lax/lt46-evolve.o || cp .libs/libgsl.lax/libgslodeiv2.a/evolve.o .libs/libgsl.lax/lt46-evolve.o
libtool: link: ln .libs/libgsl.lax/libgslodeiv2.a/rk2.o .libs/libgsl.lax/lt47-rk2.o || cp .libs/libgsl.lax/libgslodeiv2.a/rk2.o .libs/libgsl.lax/lt47-rk2.o
libtool: link: ln .libs/libgsl.lax/libgslodeiv2.a/rk2imp.o .libs/libgsl.lax/lt48-rk2imp.o || cp .libs/libgsl.lax/libgslodeiv2.a/rk2imp.o .libs/libgsl.lax/lt48-rk2imp.o
libtool: link: ln .libs/libgsl.lax/libgslodeiv2.a/rk4.o .libs/libgsl.lax/lt49-rk4.o || cp .libs/libgsl.lax/libgslodeiv2.a/rk4.o .libs/libgsl.lax/lt49-rk4.o
libtool: link: ln .libs/libgsl.lax/libgslodeiv2.a/rk4imp.o .libs/libgsl.lax/lt50-rk4imp.o || cp .libs/libgsl.lax/libgslodeiv2.a/rk4imp.o .libs/libgsl.lax/lt50-rk4imp.o
libtool: link: ln .libs/libgsl.lax/libgslodeiv2.a/rk8pd.o .libs/libgsl.lax/lt51-rk8pd.o || cp .libs/libgsl.lax/libgslodeiv2.a/rk8pd.o .libs/libgsl.lax/lt51-rk8pd.o
libtool: link: ln .libs/libgsl.lax/libgslodeiv2.a/rkck.o .libs/libgsl.lax/lt52-rkck.o || cp .libs/libgsl.lax/libgslodeiv2.a/rkck.o .libs/libgsl.lax/lt52-rkck.o
libtool: link: ln .libs/libgsl.lax/libgslodeiv2.a/rkf45.o .libs/libgsl.lax/lt53-rkf45.o || cp .libs/libgsl.lax/libgslodeiv2.a/rkf45.o .libs/libgsl.lax/lt53-rkf45.o
libtool: link: ln .libs/libgsl.lax/libgslodeiv2.a/step.o .libs/libgsl.lax/lt54-step.o || cp .libs/libgsl.lax/libgslodeiv2.a/step.o .libs/libgsl.lax/lt54-step.o
libtool: link: ln .libs/libgsl.lax/libgslpermutation.a/file.o .libs/libgsl.lax/lt55-file.o || cp .libs/libgsl.lax/libgslpermutation.a/file.o .libs/libgsl.lax/lt55-file.o
libtool: link: ln .libs/libgsl.lax/libgslpermutation.a/init.o .libs/libgsl.lax/lt56-init.o || cp .libs/libgsl.lax/libgslpermutation.a/init.o .libs/libgsl.lax/lt56-init.o
libtool: link: ln .libs/libgsl.lax/libgslpermutation.a/inline.o .libs/libgsl.lax/lt57-inline.o || cp .libs/libgsl.lax/libgslpermutation.a/inline.o .libs/libgsl.lax/lt57-inline.o
libtool: link: ln .libs/libgsl.lax/libgslcombination.a/file.o .libs/libgsl.lax/lt58-file.o || cp .libs/libgsl.lax/libgslcombination.a/file.o .libs/libgsl.lax/lt58-file.o
libtool: link: ln .libs/libgsl.lax/libgslcombination.a/init.o .libs/libgsl.lax/lt59-init.o || cp .libs/libgsl.lax/libgslcombination.a/init.o .libs/libgsl.lax/lt59-init.o
libtool: link: ln .libs/libgsl.lax/libgslcombination.a/inline.o .libs/libgsl.lax/lt60-inline.o || cp .libs/libgsl.lax/libgslcombination.a/inline.o .libs/libgsl.lax/lt60-inline.o
libtool: link: ln .libs/libgsl.lax/libgslmultiset.a/file.o .libs/libgsl.lax/lt61-file.o || cp .libs/libgsl.lax/libgslmultiset.a/file.o .libs/libgsl.lax/lt61-file.o
libtool: link: ln .libs/libgsl.lax/libgslmultiset.a/init.o .libs/libgsl.lax/lt62-init.o || cp .libs/libgsl.lax/libgslmultiset.a/init.o .libs/libgsl.lax/lt62-init.o
libtool: link: ln .libs/libgsl.lax/libgslmultiset.a/inline.o .libs/libgsl.lax/lt63-inline.o || cp .libs/libgsl.lax/libgslmultiset.a/inline.o .libs/libgsl.lax/lt63-inline.o
libtool: link: ln .libs/libgsl.lax/libgslpoly.a/deriv.o .libs/libgsl.lax/lt64-deriv.o || cp .libs/libgsl.lax/libgslpoly.a/deriv.o .libs/libgsl.lax/lt64-deriv.o
libtool: link: ln .libs/libgsl.lax/libgslpoly.a/eval.o .libs/libgsl.lax/lt65-eval.o || cp .libs/libgsl.lax/libgslpoly.a/eval.o .libs/libgsl.lax/lt65-eval.o
libtool: link: ln .libs/libgsl.lax/libgslqrng.a/inline.o .libs/libgsl.lax/lt66-inline.o || cp .libs/libgsl.lax/libgslqrng.a/inline.o .libs/libgsl.lax/lt66-inline.o
libtool: link: ln .libs/libgsl.lax/libgslrandist.a/exponential.o .libs/libgsl.lax/lt67-exponential.o || cp .libs/libgsl.lax/libgslrandist.a/exponential.o .libs/libgsl.lax/lt67-exponential.o
libtool: link: ln .libs/libgsl.lax/libgslrng.a/file.o .libs/libgsl.lax/lt68-file.o || cp .libs/libgsl.lax/libgslrng.a/file.o .libs/libgsl.lax/lt68-file.o
libtool: link: ln .libs/libgsl.lax/libgslrng.a/inline.o .libs/libgsl.lax/lt69-inline.o || cp .libs/libgsl.lax/libgslrng.a/inline.o .libs/libgsl.lax/lt69-inline.o
libtool: link: ln .libs/libgsl.lax/libgslroots.a/brent.o .libs/libgsl.lax/lt70-brent.o || cp .libs/libgsl.lax/libgslroots.a/brent.o .libs/libgsl.lax/lt70-brent.o
libtool: link: ln .libs/libgsl.lax/libgslroots.a/convergence.o .libs/libgsl.lax/lt71-convergence.o || cp .libs/libgsl.lax/libgslroots.a/convergence.o .libs/libgsl.lax/lt71-convergence.o
libtool: link: ln .libs/libgsl.lax/libgslroots.a/fdfsolver.o .libs/libgsl.lax/lt72-fdfsolver.o || cp .libs/libgsl.lax/libgslroots.a/fdfsolver.o .libs/libgsl.lax/lt72-fdfsolver.o
libtool: link: ln .libs/libgsl.lax/libgslroots.a/fsolver.o .libs/libgsl.lax/lt73-fsolver.o || cp .libs/libgsl.lax/libgslroots.a/fsolver.o .libs/libgsl.lax/lt73-fsolver.o
libtool: link: ln .libs/libgsl.lax/libgslroots.a/newton.o .libs/libgsl.lax/lt74-newton.o || cp .libs/libgsl.lax/libgslroots.a/newton.o .libs/libgsl.lax/lt74-newton.o
libtool: link: ln .libs/libgsl.lax/libgslsort.a/sort.o .libs/libgsl.lax/lt75-sort.o || cp .libs/libgsl.lax/libgslsort.a/sort.o .libs/libgsl.lax/lt75-sort.o
libtool: link: ln .libs/libgsl.lax/libgslspecfunc.a/beta.o .libs/libgsl.lax/lt76-beta.o || cp .libs/libgsl.lax/libgslspecfunc.a/beta.o .libs/libgsl.lax/lt76-beta.o
libtool: link: ln .libs/libgsl.lax/libgslspecfunc.a/gamma.o .libs/libgsl.lax/lt77-gamma.o || cp .libs/libgsl.lax/libgslspecfunc.a/gamma.o .libs/libgsl.lax/lt77-gamma.o
libtool: link: ln .libs/libgsl.lax/libgslspecfunc.a/gegenbauer.o .libs/libgsl.lax/lt78-gegenbauer.o || cp .libs/libgsl.lax/libgslspecfunc.a/gegenbauer.o .libs/libgsl.lax/lt78-gegenbauer.o
libtool: link: ln .libs/libgsl.lax/libgslspecfunc.a/hermite.o .libs/libgsl.lax/lt79-hermite.o || cp .libs/libgsl.lax/libgslspecfunc.a/hermite.o .libs/libgsl.lax/lt79-hermite.o
libtool: link: ln .libs/libgsl.lax/libgslspecfunc.a/hyperg.o .libs/libgsl.lax/lt80-hyperg.o || cp .libs/libgsl.lax/libgslspecfunc.a/hyperg.o .libs/libgsl.lax/lt80-hyperg.o
libtool: link: ln .libs/libgsl.lax/libgslspecfunc.a/inline.o .libs/libgsl.lax/lt81-inline.o || cp .libs/libgsl.lax/libgslspecfunc.a/inline.o .libs/libgsl.lax/lt81-inline.o
libtool: link: ln .libs/libgsl.lax/libgslspecfunc.a/laguerre.o .libs/libgsl.lax/lt82-laguerre.o || cp .libs/libgsl.lax/libgslspecfunc.a/laguerre.o .libs/libgsl.lax/lt82-laguerre.o
libtool: link: ln .libs/libgsl.lax/libgslstatistics.a/median.o .libs/libgsl.lax/lt83-median.o || cp .libs/libgsl.lax/libgslstatistics.a/median.o .libs/libgsl.lax/lt83-median.o
libtool: link: ln .libs/libgsl.lax/libgslstatistics.a/minmax.o .libs/libgsl.lax/lt84-minmax.o || cp .libs/libgsl.lax/libgslstatistics.a/minmax.o .libs/libgsl.lax/lt84-minmax.o
libtool: link: ln .libs/libgsl.lax/libgslsys.a/minmax.o .libs/libgsl.lax/lt85-minmax.o || cp .libs/libgsl.lax/libgslsys.a/minmax.o .libs/libgsl.lax/lt85-minmax.o
libtool: link: ln .libs/libgsl.lax/libgslsys.a/pow_int.o .libs/libgsl.lax/lt86-pow_int.o || cp .libs/libgsl.lax/libgslsys.a/pow_int.o .libs/libgsl.lax/lt86-pow_int.o
libtool: link: ln .libs/libgsl.lax/libgslvector.a/copy.o .libs/libgsl.lax/lt87-copy.o || cp .libs/libgsl.lax/libgslvector.a/copy.o .libs/libgsl.lax/lt87-copy.o
libtool: link: ln .libs/libgsl.lax/libgslvector.a/file.o .libs/libgsl.lax/lt88-file.o || cp .libs/libgsl.lax/libgslvector.a/file.o .libs/libgsl.lax/lt88-file.o
libtool: link: ln .libs/libgsl.lax/libgslvector.a/init.o .libs/libgsl.lax/lt89-init.o || cp .libs/libgsl.lax/libgslvector.a/init.o .libs/libgsl.lax/lt89-init.o
libtool: link: ln .libs/libgsl.lax/libgslvector.a/minmax.o .libs/libgsl.lax/lt90-minmax.o || cp .libs/libgsl.lax/libgslvector.a/minmax.o .libs/libgsl.lax/lt90-minmax.o
libtool: link: ln .libs/libgsl.lax/libgslvector.a/oper.o .libs/libgsl.lax/lt91-oper.o || cp .libs/libgsl.lax/libgslvector.a/oper.o .libs/libgsl.lax/lt91-oper.o
libtool: link: ln .libs/libgsl.lax/libgslvector.a/prop.o .libs/libgsl.lax/lt92-prop.o || cp .libs/libgsl.lax/libgslvector.a/prop.o .libs/libgsl.lax/lt92-prop.o
libtool: link: ln .libs/libgsl.lax/libgslvector.a/swap.o .libs/libgsl.lax/lt93-swap.o || cp .libs/libgsl.lax/libgslvector.a/swap.o .libs/libgsl.lax/lt93-swap.o
libtool: link: ln .libs/libgsl.lax/libgslvector.a/view.o .libs/libgsl.lax/lt94-view.o || cp .libs/libgsl.lax/libgslvector.a/view.o .libs/libgsl.lax/lt94-view.o
libtool: link: ln .libs/libgsl.lax/libgslcdf.a/beta.o .libs/libgsl.lax/lt95-beta.o || cp .libs/libgsl.lax/libgslcdf.a/beta.o .libs/libgsl.lax/lt95-beta.o
libtool: link: ln .libs/libgsl.lax/libgslcdf.a/binomial.o .libs/libgsl.lax/lt96-binomial.o || cp .libs/libgsl.lax/libgslcdf.a/binomial.o .libs/libgsl.lax/lt96-binomial.o
libtool: link: ln .libs/libgsl.lax/libgslcdf.a/cauchy.o .libs/libgsl.lax/lt97-cauchy.o || cp .libs/libgsl.lax/libgslcdf.a/cauchy.o .libs/libgsl.lax/lt97-cauchy.o
libtool: link: ln .libs/libgsl.lax/libgslcdf.a/chisq.o .libs/libgsl.lax/lt98-chisq.o || cp .libs/libgsl.lax/libgslcdf.a/chisq.o .libs/libgsl.lax/lt98-chisq.o
libtool: link: ln .libs/libgsl.lax/libgslcdf.a/exponential.o .libs/libgsl.lax/lt99-exponential.o || cp .libs/libgsl.lax/libgslcdf.a/exponential.o .libs/libgsl.lax/lt99-exponential.o
libtool: link: ln .libs/libgsl.lax/libgslcdf.a/exppow.o .libs/libgsl.lax/lt100-exppow.o || cp .libs/libgsl.lax/libgslcdf.a/exppow.o .libs/libgsl.lax/lt100-exppow.o
libtool: link: ln .libs/libgsl.lax/libgslcdf.a/fdist.o .libs/libgsl.lax/lt101-fdist.o || cp .libs/libgsl.lax/libgslcdf.a/fdist.o .libs/libgsl.lax/lt101-fdist.o
libtool: link: ln .libs/libgsl.lax/libgslcdf.a/flat.o .libs/libgsl.lax/lt102-flat.o || cp .libs/libgsl.lax/libgslcdf.a/flat.o .libs/libgsl.lax/lt102-flat.o
libtool: link: ln .libs/libgsl.lax/libgslcdf.a/gamma.o .libs/libgsl.lax/lt103-gamma.o || cp .libs/libgsl.lax/libgslcdf.a/gamma.o .libs/libgsl.lax/lt103-gamma.o
libtool: link: ln .libs/libgsl.lax/libgslcdf.a/gauss.o .libs/libgsl.lax/lt104-gauss.o || cp .libs/libgsl.lax/libgslcdf.a/gauss.o .libs/libgsl.lax/lt104-gauss.o
libtool: link: ln .libs/libgsl.lax/libgslcdf.a/geometric.o .libs/libgsl.lax/lt105-geometric.o || cp .libs/libgsl.lax/libgslcdf.a/geometric.o .libs/libgsl.lax/lt105-geometric.o
libtool: link: ln .libs/libgsl.lax/libgslcdf.a/laplace.o .libs/libgsl.lax/lt106-laplace.o || cp .libs/libgsl.lax/libgslcdf.a/laplace.o .libs/libgsl.lax/lt106-laplace.o
libtool: link: ln .libs/libgsl.lax/libgslcdf.a/logistic.o .libs/libgsl.lax/lt107-logistic.o || cp .libs/libgsl.lax/libgslcdf.a/logistic.o .libs/libgsl.lax/lt107-logistic.o
libtool: link: ln .libs/libgsl.lax/libgslcdf.a/lognormal.o .libs/libgsl.lax/lt108-lognormal.o || cp .libs/libgsl.lax/libgslcdf.a/lognormal.o .libs/libgsl.lax/lt108-lognormal.o
libtool: link: ln .libs/libgsl.lax/libgslcdf.a/nbinomial.o .libs/libgsl.lax/lt109-nbinomial.o || cp .libs/libgsl.lax/libgslcdf.a/nbinomial.o .libs/libgsl.lax/lt109-nbinomial.o
libtool: link: ln .libs/libgsl.lax/libgslcdf.a/pareto.o .libs/libgsl.lax/lt110-pareto.o || cp .libs/libgsl.lax/libgslcdf.a/pareto.o .libs/libgsl.lax/lt110-pareto.o
libtool: link: ln .libs/libgsl.lax/libgslcdf.a/pascal.o .libs/libgsl.lax/lt111-pascal.o || cp .libs/libgsl.lax/libgslcdf.a/pascal.o .libs/libgsl.lax/lt111-pascal.o
libtool: link: ln .libs/libgsl.lax/libgslcdf.a/poisson.o .libs/libgsl.lax/lt112-poisson.o || cp .libs/libgsl.lax/libgslcdf.a/poisson.o .libs/libgsl.lax/lt112-poisson.o
libtool: link: ln .libs/libgsl.lax/libgslcdf.a/rayleigh.o .libs/libgsl.lax/lt113-rayleigh.o || cp .libs/libgsl.lax/libgslcdf.a/rayleigh.o .libs/libgsl.lax/lt113-rayleigh.o
libtool: link: ln .libs/libgsl.lax/libgslcdf.a/tdist.o .libs/libgsl.lax/lt114-tdist.o || cp .libs/libgsl.lax/libgslcdf.a/tdist.o .libs/libgsl.lax/lt114-tdist.o
libtool: link: ln .libs/libgsl.lax/libgslcdf.a/weibull.o .libs/libgsl.lax/lt115-weibull.o || cp .libs/libgsl.lax/libgslcdf.a/weibull.o .libs/libgsl.lax/lt115-weibull.o
libtool: link: ln .libs/libgsl.lax/libgslwavelet.a/bspline.o .libs/libgsl.lax/lt116-bspline.o || cp .libs/libgsl.lax/libgslwavelet.a/bspline.o .libs/libgsl.lax/lt116-bspline.o
libtool: link: ln .libs/libgsl.lax/libgslspmatrix.a/copy.o .libs/libgsl.lax/lt117-copy.o || cp .libs/libgsl.lax/libgslspmatrix.a/copy.o .libs/libgsl.lax/lt117-copy.o
libtool: link: ln .libs/libgsl.lax/libgslspmatrix.a/file.o .libs/libgsl.lax/lt118-file.o || cp .libs/libgsl.lax/libgslspmatrix.a/file.o .libs/libgsl.lax/lt118-file.o
libtool: link: ln .libs/libgsl.lax/libgslspmatrix.a/getset.o .libs/libgsl.lax/lt119-getset.o || cp .libs/libgsl.lax/libgslspmatrix.a/getset.o .libs/libgsl.lax/lt119-getset.o
libtool: link: ln .libs/libgsl.lax/libgslspmatrix.a/init.o .libs/libgsl.lax/lt120-init.o || cp .libs/libgsl.lax/libgslspmatrix.a/init.o .libs/libgsl.lax/lt120-init.o
libtool: link: ln .libs/libgsl.lax/libgslspmatrix.a/minmax.o .libs/libgsl.lax/lt121-minmax.o || cp .libs/libgsl.lax/libgslspmatrix.a/minmax.o .libs/libgsl.lax/lt121-minmax.o
libtool: link: ln .libs/libgsl.lax/libgslspmatrix.a/oper.o .libs/libgsl.lax/lt122-oper.o || cp .libs/libgsl.lax/libgslspmatrix.a/oper.o .libs/libgsl.lax/lt122-oper.o
libtool: link: ln .libs/libgsl.lax/libgslspmatrix.a/prop.o .libs/libgsl.lax/lt123-prop.o || cp .libs/libgsl.lax/libgslspmatrix.a/prop.o .libs/libgsl.lax/lt123-prop.o
libtool: link: ln .libs/libgsl.lax/libgslspmatrix.a/swap.o .libs/libgsl.lax/lt124-swap.o || cp .libs/libgsl.lax/libgslspmatrix.a/swap.o .libs/libgsl.lax/lt124-swap.o
libtool: link: ar cr .libs/libgsl.a version.o .libs/libgsl.lax/libgslblock.a/block.o .libs/libgsl.lax/libgslblock.a/file.o .libs/libgsl.lax/libgslblock.a/init.o .libs/libgsl.lax/libgslblas.a/blas.o .libs/libgsl.lax/libgslbspline.a/bspline.o .libs/libgsl.lax/libgslbspline.a/eval.o .libs/libgsl.lax/libgslbspline.a/gram.o .libs/libgsl.lax/libgslbspline.a/greville.o .libs/libgsl.lax/libgslbspline.a/inline.o .libs/libgsl.lax/libgslbspline.a/integ.o .libs/libgsl.lax/libgslbspline.a/interp.o .libs/libgsl.lax/libgslbspline.a/ls.o .libs/libgsl.lax/libgslbspline.a/old.o .libs/libgsl.lax/libgslbst.a/avl.o .libs/libgsl.lax/libgslbst.a/bst.o .libs/libgsl.lax/libgslbst.a/rb.o .libs/libgsl.lax/libgslbst.a/trav.o .libs/libgsl.lax/lt1-inline.o .libs/libgsl.lax/libgslcomplex.a/math.o .libs/libgsl.lax/libgslcheb.a/deriv.o .libs/libgsl.lax/lt2-eval.o .libs/libgsl.lax/lt3-init.o .libs/libgsl.lax/lt4-integ.o .libs/libgsl.lax/libgsldht.a/dht.o .libs/libgsl.lax/libgsldiff.a/diff.o .libs/libgsl.lax/lt5-deriv.o .libs/libgsl.lax/libgsleigen.a/francis.o .libs/libgsl.lax/libgsleigen.a/gen.o .libs/libgsl.lax/libgsleigen.a/genherm.o .libs/libgsl.lax/libgsleigen.a/genhermv.o .libs/libgsl.lax/libgsleigen.a/gensymm.o .libs/libgsl.lax/libgsleigen.a/gensymmv.o .libs/libgsl.lax/libgsleigen.a/genv.o .libs/libgsl.lax/libgsleigen.a/herm.o .libs/libgsl.lax/libgsleigen.a/hermv.o .libs/libgsl.lax/libgsleigen.a/jacobi.o .libs/libgsl.lax/libgsleigen.a/nonsymm.o .libs/libgsl.lax/libgsleigen.a/nonsymmv.o .libs/libgsl.lax/libgsleigen.a/schur.o .libs/libgsl.lax/libgsleigen.a/sort.o .libs/libgsl.lax/libgsleigen.a/symm.o .libs/libgsl.lax/libgsleigen.a/symmv.o .libs/libgsl.lax/libgslerr.a/error.o .libs/libgsl.lax/libgslerr.a/message.o .libs/libgsl.lax/libgslerr.a/stream.o .libs/libgsl.lax/libgslerr.a/strerror.o .libs/libgsl.lax/libgslfft.a/dft.o .libs/libgsl.lax/libgslfft.a/fft.o .libs/libgsl.lax/libgslfilter.a/gaussian.o .libs/libgsl.lax/libgslfilter.a/impulse.o .libs/libgsl.lax/libgslfilter.a/median.o .libs/libgsl.lax/libgslfilter.a/rmedian.o .libs/libgsl.lax/libgslfit.a/linear.o .libs/libgsl.lax/libgslhistogram.a/add.o .libs/libgsl.lax/libgslhistogram.a/add2d.o .libs/libgsl.lax/libgslhistogram.a/calloc_range.o .libs/libgsl.lax/libgslhistogram.a/calloc_range2d.o .libs/libgsl.lax/libgslhistogram.a/copy.o .libs/libgsl.lax/libgslhistogram.a/copy2d.o .libs/libgsl.lax/lt6-file.o .libs/libgsl.lax/libgslhistogram.a/file2d.o .libs/libgsl.lax/libgslhistogram.a/get.o .libs/libgsl.lax/libgslhistogram.a/get2d.o .libs/libgsl.lax/lt7-init.o .libs/libgsl.lax/libgslhistogram.a/init2d.o .libs/libgsl.lax/libgslhistogram.a/maxval.o .libs/libgsl.lax/libgslhistogram.a/maxval2d.o .libs/libgsl.lax/libgslhistogram.a/oper.o .libs/libgsl.lax/libgslhistogram.a/oper2d.o .libs/libgsl.lax/libgslhistogram.a/params.o .libs/libgsl.lax/libgslhistogram.a/params2d.o .libs/libgsl.lax/libgslhistogram.a/pdf.o .libs/libgsl.lax/libgslhistogram.a/pdf2d.o .libs/libgsl.lax/libgslhistogram.a/reset.o .libs/libgsl.lax/libgslhistogram.a/reset2d.o .libs/libgsl.lax/libgslhistogram.a/stat.o .libs/libgsl.lax/libgslhistogram.a/stat2d.o .libs/libgsl.lax/libgslieeeutils.a/env.o .libs/libgsl.lax/libgslieeeutils.a/fp.o .libs/libgsl.lax/libgslieeeutils.a/make_rep.o .libs/libgsl.lax/libgslieeeutils.a/print.o .libs/libgsl.lax/libgslieeeutils.a/read.o .libs/libgsl.lax/libgslintegration.a/chebyshev.o .libs/libgsl.lax/libgslintegration.a/chebyshev2.o .libs/libgsl.lax/libgslintegration.a/cquad.o .libs/libgsl.lax/libgslintegration.a/exponential.o .libs/libgsl.lax/libgslintegration.a/fixed.o .libs/libgsl.lax/libgslintegration.a/gegenbauer.o .libs/libgsl.lax/libgslintegration.a/glfixed.o .libs/libgsl.lax/libgslintegration.a/hermite.o .libs/libgsl.lax/lt8-jacobi.o .libs/libgsl.lax/libgslintegration.a/laguerre.o .libs/libgsl.lax/libgslintegration.a/lebedev.o .libs/libgsl.lax/libgslintegration.a/legendre.o .libs/libgsl.lax/libgslintegration.a/qag.o .libs/libgsl.lax/libgslintegration.a/qagp.o .libs/libgsl.lax/libgslintegration.a/qags.o .libs/libgsl.lax/libgslintegration.a/qawc.o .libs/libgsl.lax/libgslintegration.a/qawf.o .libs/libgsl.lax/libgslintegration.a/qawo.o .libs/libgsl.lax/libgslintegration.a/qaws.o .libs/libgsl.lax/libgslintegration.a/qcheb.o .libs/libgsl.lax/libgslintegration.a/qk.o .libs/libgsl.lax/libgslintegration.a/qk15.o .libs/libgsl.lax/libgslintegration.a/qk21.o .libs/libgsl.lax/libgslintegration.a/qk31.o .libs/libgsl.lax/libgslintegration.a/qk41.o .libs/libgsl.lax/libgslintegration.a/qk51.o .libs/libgsl.lax/libgslintegration.a/qk61.o .libs/libgsl.lax/libgslintegration.a/qmomo.o .libs/libgsl.lax/libgslintegration.a/qmomof.o .libs/libgsl.lax/libgslintegration.a/qng.o .libs/libgsl.lax/libgslintegration.a/rational.o .libs/libgsl.lax/libgslintegration.a/romberg.o .libs/libgsl.lax/libgslintegration.a/workspace.o .libs/libgsl.lax/libgslinterpolation.a/accel.o .libs/libgsl.lax/libgslinterpolation.a/akima.o .libs/libgsl.lax/libgslinterpolation.a/bicubic.o .libs/libgsl.lax/libgslinterpolation.a/bilinear.o .libs/libgsl.lax/libgslinterpolation.a/cspline.o .libs/libgsl.lax/lt9-inline.o .libs/libgsl.lax/lt10-interp.o .libs/libgsl.lax/libgslinterpolation.a/interp2d.o .libs/libgsl.lax/lt11-linear.o .libs/libgsl.lax/libgslinterpolation.a/poly.o .libs/libgsl.lax/libgslinterpolation.a/spline.o .libs/libgsl.lax/libgslinterpolation.a/spline2d.o .libs/libgsl.lax/libgslinterpolation.a/steffen.o .libs/libgsl.lax/libgsllinalg.a/balance.o .libs/libgsl.lax/libgsllinalg.a/balancemat.o .libs/libgsl.lax/libgsllinalg.a/bidiag.o .libs/libgsl.lax/libgsllinalg.a/cholesky.o .libs/libgsl.lax/libgsllinalg.a/cholesky_band.o .libs/libgsl.lax/libgsllinalg.a/choleskyc.o .libs/libgsl.lax/libgsllinalg.a/cod.o .libs/libgsl.lax/libgsllinalg.a/condest.o .libs/libgsl.lax/lt12-exponential.o .libs/libgsl.lax/libgsllinalg.a/hermtd.o .libs/libgsl.lax/libgsllinalg.a/hessenberg.o .libs/libgsl.lax/libgsllinalg.a/hesstri.o .libs/libgsl.lax/libgsllinalg.a/hh.o .libs/libgsl.lax/libgsllinalg.a/householder.o .libs/libgsl.lax/libgsllinalg.a/householdercomplex.o .libs/libgsl.lax/lt13-inline.o .libs/libgsl.lax/libgsllinalg.a/invtri.o .libs/libgsl.lax/libgsllinalg.a/invtri_complex.o .libs/libgsl.lax/libgsllinalg.a/ldlt.o .libs/libgsl.lax/libgsllinalg.a/ldlt_band.o .libs/libgsl.lax/libgsllinalg.a/lq.o .libs/libgsl.lax/libgsllinalg.a/lu.o .libs/libgsl.lax/libgsllinalg.a/lu_band.o .libs/libgsl.lax/libgsllinalg.a/luc.o .libs/libgsl.lax/libgsllinalg.a/mcholesky.o .libs/libgsl.lax/libgsllinalg.a/multiply.o .libs/libgsl.lax/libgsllinalg.a/pcholesky.o .libs/libgsl.lax/libgsllinalg.a/ptlq.o .libs/libgsl.lax/libgsllinalg.a/ql.o .libs/libgsl.lax/libgsllinalg.a/qr.o .libs/libgsl.lax/libgsllinalg.a/qr_band.o .libs/libgsl.lax/libgsllinalg.a/qr_ud.o .libs/libgsl.lax/libgsllinalg.a/qr_ur.o .libs/libgsl.lax/libgsllinalg.a/qr_uu.o .libs/libgsl.lax/libgsllinalg.a/qr_uz.o .libs/libgsl.lax/libgsllinalg.a/qrc.o .libs/libgsl.lax/libgsllinalg.a/qrpt.o .libs/libgsl.lax/libgsllinalg.a/rqr.o .libs/libgsl.lax/libgsllinalg.a/rqrc.o .libs/libgsl.lax/libgsllinalg.a/svd.o .libs/libgsl.lax/libgsllinalg.a/symmtd.o .libs/libgsl.lax/libgsllinalg.a/tridiag.o .libs/libgsl.lax/libgsllinalg.a/trimult.o .libs/libgsl.lax/libgsllinalg.a/trimult_complex.o .libs/libgsl.lax/lt14-copy.o .libs/libgsl.lax/lt15-file.o .libs/libgsl.lax/libgslmatrix.a/getset.o .libs/libgsl.lax/lt16-init.o .libs/libgsl.lax/libgslmatrix.a/matrix.o .libs/libgsl.lax/libgslmatrix.a/minmax.o .libs/libgsl.lax/lt17-oper.o .libs/libgsl.lax/libgslmatrix.a/prop.o .libs/libgsl.lax/libgslmatrix.a/rowcol.o .libs/libgsl.lax/libgslmatrix.a/submatrix.o .libs/libgsl.lax/libgslmatrix.a/swap.o .libs/libgsl.lax/libgslmatrix.a/view.o .libs/libgsl.lax/libgslmin.a/bracketing.o .libs/libgsl.lax/libgslmin.a/brent.o .libs/libgsl.lax/libgslmin.a/convergence.o .libs/libgsl.lax/libgslmin.a/fsolver.o .libs/libgsl.lax/libgslmin.a/golden.o .libs/libgsl.lax/libgslmin.a/quad_golden.o .libs/libgsl.lax/libgslmonte.a/miser.o .libs/libgsl.lax/libgslmonte.a/plain.o .libs/libgsl.lax/libgslmonte.a/vegas.o .libs/libgsl.lax/lt18-convergence.o .libs/libgsl.lax/libgslmultifit.a/covar.o .libs/libgsl.lax/libgslmultifit.a/fdfridge.o .libs/libgsl.lax/libgslmultifit.a/fdfsolver.o .libs/libgsl.lax/libgslmultifit.a/fdjac.o .libs/libgsl.lax/lt19-fsolver.o .libs/libgsl.lax/libgslmultifit.a/gcv.o .libs/libgsl.lax/libgslmultifit.a/gradient.o .libs/libgsl.lax/libgslmultifit.a/lmder.o .libs/libgsl.lax/libgslmultifit.a/lmniel.o .libs/libgsl.lax/libgslmultifit.a/multilinear.o .libs/libgsl.lax/libgslmultifit.a/multireg.o .libs/libgsl.lax/libgslmultifit.a/multirobust.o .libs/libgsl.lax/libgslmultifit.a/multiwlinear.o .libs/libgsl.lax/libgslmultifit.a/robust_wfun.o .libs/libgsl.lax/libgslmultifit.a/work.o .libs/libgsl.lax/lt20-cholesky.o .libs/libgsl.lax/lt21-convergence.o .libs/libgsl.lax/lt22-covar.o .libs/libgsl.lax/libgslmultifit_nlinear.a/dogleg.o .libs/libgsl.lax/libgslmultifit_nlinear.a/fdf.o .libs/libgsl.lax/libgslmultifit_nlinear.a/fdfvv.o .libs/libgsl.lax/lt23-fdjac.o .libs/libgsl.lax/libgslmultifit_nlinear.a/lm.o .libs/libgsl.lax/lt24-mcholesky.o .libs/libgsl.lax/lt25-qr.o .libs/libgsl.lax/libgslmultifit_nlinear.a/scaling.o .libs/libgsl.lax/libgslmultifit_nlinear.a/subspace2D.o .libs/libgsl.lax/lt26-svd.o .libs/libgsl.lax/libgslmultifit_nlinear.a/trust.o .libs/libgsl.lax/libgslmultilarge.a/multilarge.o .libs/libgsl.lax/libgslmultilarge.a/normal.o .libs/libgsl.lax/libgslmultilarge.a/tsqr.o .libs/libgsl.lax/libgslmultilarge_nlinear.a/cgst.o .libs/libgsl.lax/lt27-cholesky.o .libs/libgsl.lax/lt28-convergence.o .libs/libgsl.lax/lt29-dogleg.o .libs/libgsl.lax/libgslmultilarge_nlinear.a/dummy.o .libs/libgsl.lax/lt30-fdf.o .libs/libgsl.lax/lt31-lm.o .libs/libgsl.lax/lt32-mcholesky.o .libs/libgsl.lax/lt33-scaling.o .libs/libgsl.lax/lt34-subspace2D.o .libs/libgsl.lax/lt35-trust.o .libs/libgsl.lax/libgslmultimin.a/conjugate_fr.o .libs/libgsl.lax/libgslmultimin.a/conjugate_pr.o .libs/libgsl.lax/lt36-convergence.o .libs/libgsl.lax/lt37-diff.o .libs/libgsl.lax/libgslmultimin.a/fdfminimizer.o .libs/libgsl.lax/libgslmultimin.a/fminimizer.o .libs/libgsl.lax/libgslmultimin.a/simplex.o .libs/libgsl.lax/libgslmultimin.a/simplex2.o .libs/libgsl.lax/libgslmultimin.a/steepest_descent.o .libs/libgsl.lax/libgslmultimin.a/vector_bfgs.o .libs/libgsl.lax/libgslmultimin.a/vector_bfgs2.o .libs/libgsl.lax/libgslmultiroots.a/broyden.o .libs/libgsl.lax/lt38-convergence.o .libs/libgsl.lax/libgslmultiroots.a/dnewton.o .libs/libgsl.lax/lt39-fdfsolver.o .libs/libgsl.lax/lt40-fdjac.o .libs/libgsl.lax/lt41-fsolver.o .libs/libgsl.lax/libgslmultiroots.a/gnewton.o .libs/libgsl.lax/libgslmultiroots.a/hybrid.o .libs/libgsl.lax/libgslmultiroots.a/hybridj.o .libs/libgsl.lax/libgslmultiroots.a/newton.o .libs/libgsl.lax/libgslntuple.a/ntuple.o .libs/libgsl.lax/libgslodeiv.a/bsimp.o .libs/libgsl.lax/libgslodeiv.a/control.o .libs/libgsl.lax/libgslodeiv.a/cscal.o .libs/libgsl.lax/libgslodeiv.a/cstd.o .libs/libgsl.lax/libgslodeiv.a/evolve.o .libs/libgsl.lax/libgslodeiv.a/gear1.o .libs/libgsl.lax/libgslodeiv.a/gear2.o .libs/libgsl.lax/libgslodeiv.a/rk2.o .libs/libgsl.lax/libgslodeiv.a/rk2imp.o .libs/libgsl.lax/libgslodeiv.a/rk2simp.o .libs/libgsl.lax/libgslodeiv.a/rk4.o .libs/libgsl.lax/libgslodeiv.a/rk4imp.o .libs/libgsl.lax/libgslodeiv.a/rk8pd.o .libs/libgsl.lax/libgslodeiv.a/rkck.o .libs/libgsl.lax/libgslodeiv.a/rkf45.o .libs/libgsl.lax/libgslodeiv.a/step.o .libs/libgsl.lax/lt42-bsimp.o .libs/libgsl.lax/lt43-control.o .libs/libgsl.lax/lt44-cscal.o .libs/libgsl.lax/lt45-cstd.o .libs/libgsl.lax/libgslodeiv2.a/driver.o .libs/libgsl.lax/lt46-evolve.o .libs/libgsl.lax/libgslodeiv2.a/msadams.o .libs/libgsl.lax/libgslodeiv2.a/msbdf.o .libs/libgsl.lax/libgslodeiv2.a/rk1imp.o .libs/libgsl.lax/lt47-rk2.o .libs/libgsl.lax/lt48-rk2imp.o .libs/libgsl.lax/lt49-rk4.o .libs/libgsl.lax/lt50-rk4imp.o .libs/libgsl.lax/lt51-rk8pd.o .libs/libgsl.lax/lt52-rkck.o .libs/libgsl.lax/lt53-rkf45.o .libs/libgsl.lax/lt54-step.o .libs/libgsl.lax/libgslpermutation.a/canonical.o .libs/libgsl.lax/lt55-file.o .libs/libgsl.lax/lt56-init.o .libs/libgsl.lax/lt57-inline.o .libs/libgsl.lax/libgslpermutation.a/permutation.o .libs/libgsl.lax/libgslpermutation.a/permute.o .libs/libgsl.lax/libgslcombination.a/combination.o .libs/libgsl.lax/lt58-file.o .libs/libgsl.lax/lt59-init.o .libs/libgsl.lax/lt60-inline.o .libs/libgsl.lax/lt61-file.o .libs/libgsl.lax/lt62-init.o .libs/libgsl.lax/lt63-inline.o .libs/libgsl.lax/libgslmultiset.a/multiset.o .libs/libgsl.lax/libgslpoly.a/dd.o .libs/libgsl.lax/lt64-deriv.o .libs/libgsl.lax/lt65-eval.o .libs/libgsl.lax/libgslpoly.a/solve_cubic.o .libs/libgsl.lax/libgslpoly.a/solve_quadratic.o .libs/libgsl.lax/libgslpoly.a/zsolve.o .libs/libgsl.lax/libgslpoly.a/zsolve_cubic.o .libs/libgsl.lax/libgslpoly.a/zsolve_init.o .libs/libgsl.lax/libgslpoly.a/zsolve_quadratic.o .libs/libgsl.lax/libgslqrng.a/halton.o .libs/libgsl.lax/lt66-inline.o .libs/libgsl.lax/libgslqrng.a/niederreiter-2.o .libs/libgsl.lax/libgslqrng.a/qrng.o .libs/libgsl.lax/libgslqrng.a/reversehalton.o .libs/libgsl.lax/libgslqrng.a/sobol.o .libs/libgsl.lax/libgslrandist.a/bernoulli.o .libs/libgsl.lax/libgslrandist.a/beta.o .libs/libgsl.lax/libgslrandist.a/bigauss.o .libs/libgsl.lax/libgslrandist.a/binomial.o .libs/libgsl.lax/libgslrandist.a/binomial_tpe.o .libs/libgsl.lax/libgslrandist.a/cauchy.o .libs/libgsl.lax/libgslrandist.a/chisq.o .libs/libgsl.lax/libgslrandist.a/dirichlet.o .libs/libgsl.lax/libgslrandist.a/discrete.o .libs/libgsl.lax/libgslrandist.a/erlang.o .libs/libgsl.lax/lt67-exponential.o .libs/libgsl.lax/libgslrandist.a/exppow.o .libs/libgsl.lax/libgslrandist.a/fdist.o .libs/libgsl.lax/libgslrandist.a/flat.o .libs/libgsl.lax/libgslrandist.a/gamma.o .libs/libgsl.lax/libgslrandist.a/gauss.o .libs/libgsl.lax/libgslrandist.a/gausstail.o .libs/libgsl.lax/libgslrandist.a/gausszig.o .libs/libgsl.lax/libgslrandist.a/geometric.o .libs/libgsl.lax/libgslrandist.a/gumbel.o .libs/libgsl.lax/libgslrandist.a/hyperg.o .libs/libgsl.lax/libgslrandist.a/landau.o .libs/libgsl.lax/libgslrandist.a/laplace.o .libs/libgsl.lax/libgslrandist.a/levy.o .libs/libgsl.lax/libgslrandist.a/logarithmic.o .libs/libgsl.lax/libgslrandist.a/logistic.o .libs/libgsl.lax/libgslrandist.a/lognormal.o .libs/libgsl.lax/libgslrandist.a/multinomial.o .libs/libgsl.lax/libgslrandist.a/mvgauss.o .libs/libgsl.lax/libgslrandist.a/nbinomial.o .libs/libgsl.lax/libgslrandist.a/pareto.o .libs/libgsl.lax/libgslrandist.a/pascal.o .libs/libgsl.lax/libgslrandist.a/poisson.o .libs/libgsl.lax/libgslrandist.a/rayleigh.o .libs/libgsl.lax/libgslrandist.a/shuffle.o .libs/libgsl.lax/libgslrandist.a/sphere.o .libs/libgsl.lax/libgslrandist.a/tdist.o .libs/libgsl.lax/libgslrandist.a/weibull.o .libs/libgsl.lax/libgslrandist.a/wishart.o .libs/libgsl.lax/libgslrng.a/borosh13.o .libs/libgsl.lax/libgslrng.a/cmrg.o .libs/libgsl.lax/libgslrng.a/coveyou.o .libs/libgsl.lax/libgslrng.a/default.o .libs/libgsl.lax/lt68-file.o .libs/libgsl.lax/libgslrng.a/fishman18.o .libs/libgsl.lax/libgslrng.a/fishman20.o .libs/libgsl.lax/libgslrng.a/fishman2x.o .libs/libgsl.lax/libgslrng.a/gfsr4.o .libs/libgsl.lax/lt69-inline.o .libs/libgsl.lax/libgslrng.a/knuthran.o .libs/libgsl.lax/libgslrng.a/knuthran2.o .libs/libgsl.lax/libgslrng.a/knuthran2002.o .libs/libgsl.lax/libgslrng.a/lecuyer21.o .libs/libgsl.lax/libgslrng.a/minstd.o .libs/libgsl.lax/libgslrng.a/mrg.o .libs/libgsl.lax/libgslrng.a/mt.o .libs/libgsl.lax/libgslrng.a/r250.o .libs/libgsl.lax/libgslrng.a/ran0.o .libs/libgsl.lax/libgslrng.a/ran1.o .libs/libgsl.lax/libgslrng.a/ran2.o .libs/libgsl.lax/libgslrng.a/ran3.o .libs/libgsl.lax/libgslrng.a/rand.o .libs/libgsl.lax/libgslrng.a/rand48.o .libs/libgsl.lax/libgslrng.a/random.o .libs/libgsl.lax/libgslrng.a/randu.o .libs/libgsl.lax/libgslrng.a/ranf.o .libs/libgsl.lax/libgslrng.a/ranlux.o .libs/libgsl.lax/libgslrng.a/ranlxd.o .libs/libgsl.lax/libgslrng.a/ranlxs.o .libs/libgsl.lax/libgslrng.a/ranmar.o .libs/libgsl.lax/libgslrng.a/rng.o .libs/libgsl.lax/libgslrng.a/slatec.o .libs/libgsl.lax/libgslrng.a/taus.o .libs/libgsl.lax/libgslrng.a/taus113.o .libs/libgsl.lax/libgslrng.a/transputer.o .libs/libgsl.lax/libgslrng.a/tt.o .libs/libgsl.lax/libgslrng.a/types.o .libs/libgsl.lax/libgslrng.a/uni.o .libs/libgsl.lax/libgslrng.a/uni32.o .libs/libgsl.lax/libgslrng.a/vax.o .libs/libgsl.lax/libgslrng.a/waterman14.o .libs/libgsl.lax/libgslrng.a/zuf.o .libs/libgsl.lax/libgslroots.a/bisection.o .libs/libgsl.lax/lt70-brent.o .libs/libgsl.lax/lt71-convergence.o .libs/libgsl.lax/libgslroots.a/falsepos.o .libs/libgsl.lax/lt72-fdfsolver.o .libs/libgsl.lax/lt73-fsolver.o .libs/libgsl.lax/lt74-newton.o .libs/libgsl.lax/libgslroots.a/secant.o .libs/libgsl.lax/libgslroots.a/steffenson.o .libs/libgsl.lax/libgslsiman.a/siman.o .libs/libgsl.lax/lt75-sort.o .libs/libgsl.lax/libgslsort.a/sortind.o .libs/libgsl.lax/libgslsort.a/sortvec.o .libs/libgsl.lax/libgslsort.a/sortvecind.o .libs/libgsl.lax/libgslsort.a/subset.o .libs/libgsl.lax/libgslsort.a/subsetind.o .libs/libgsl.lax/libgslspecfunc.a/airy.o .libs/libgsl.lax/libgslspecfunc.a/airy_der.o .libs/libgsl.lax/libgslspecfunc.a/airy_zero.o .libs/libgsl.lax/libgslspecfunc.a/alf_P.o .libs/libgsl.lax/libgslspecfunc.a/atanint.o .libs/libgsl.lax/libgslspecfunc.a/bessel.o .libs/libgsl.lax/libgslspecfunc.a/bessel_I0.o .libs/libgsl.lax/libgslspecfunc.a/bessel_I1.o .libs/libgsl.lax/libgslspecfunc.a/bessel_In.o .libs/libgsl.lax/libgslspecfunc.a/bessel_Inu.o .libs/libgsl.lax/libgslspecfunc.a/bessel_J0.o .libs/libgsl.lax/libgslspecfunc.a/bessel_J1.o .libs/libgsl.lax/libgslspecfunc.a/bessel_Jn.o .libs/libgsl.lax/libgslspecfunc.a/bessel_Jnu.o .libs/libgsl.lax/libgslspecfunc.a/bessel_K0.o .libs/libgsl.lax/libgslspecfunc.a/bessel_K1.o .libs/libgsl.lax/libgslspecfunc.a/bessel_Kn.o .libs/libgsl.lax/libgslspecfunc.a/bessel_Knu.o .libs/libgsl.lax/libgslspecfunc.a/bessel_Y0.o .libs/libgsl.lax/libgslspecfunc.a/bessel_Y1.o .libs/libgsl.lax/libgslspecfunc.a/bessel_Yn.o .libs/libgsl.lax/libgslspecfunc.a/bessel_Ynu.o .libs/libgsl.lax/libgslspecfunc.a/bessel_amp_phase.o .libs/libgsl.lax/libgslspecfunc.a/bessel_i.o .libs/libgsl.lax/libgslspecfunc.a/bessel_j.o .libs/libgsl.lax/libgslspecfunc.a/bessel_k.o .libs/libgsl.lax/libgslspecfunc.a/bessel_olver.o .libs/libgsl.lax/libgslspecfunc.a/bessel_sequence.o .libs/libgsl.lax/libgslspecfunc.a/bessel_temme.o .libs/libgsl.lax/libgslspecfunc.a/bessel_y.o .libs/libgsl.lax/libgslspecfunc.a/bessel_zero.o .libs/libgsl.lax/lt76-beta.o .libs/libgsl.lax/libgslspecfunc.a/beta_inc.o .libs/libgsl.lax/libgslspecfunc.a/clausen.o .libs/libgsl.lax/libgslspecfunc.a/coulomb.o .libs/libgsl.lax/libgslspecfunc.a/coulomb_bound.o .libs/libgsl.lax/libgslspecfunc.a/coupling.o .libs/libgsl.lax/libgslspecfunc.a/dawson.o .libs/libgsl.lax/libgslspecfunc.a/debye.o .libs/libgsl.lax/libgslspecfunc.a/dilog.o .libs/libgsl.lax/libgslspecfunc.a/elementary.o .libs/libgsl.lax/libgslspecfunc.a/ellint.o .libs/libgsl.lax/libgslspecfunc.a/elljac.o .libs/libgsl.lax/libgslspecfunc.a/erfc.o .libs/libgsl.lax/libgslspecfunc.a/exp.o .libs/libgsl.lax/libgslspecfunc.a/expint.o .libs/libgsl.lax/libgslspecfunc.a/expint3.o .libs/libgsl.lax/libgslspecfunc.a/fermi_dirac.o .libs/libgsl.lax/lt77-gamma.o .libs/libgsl.lax/libgslspecfunc.a/gamma_inc.o .libs/libgsl.lax/lt78-gegenbauer.o .libs/libgsl.lax/lt79-hermite.o .libs/libgsl.lax/lt80-hyperg.o .libs/libgsl.lax/libgslspecfunc.a/hyperg_0F1.o .libs/libgsl.lax/libgslspecfunc.a/hyperg_1F1.o .libs/libgsl.lax/libgslspecfunc.a/hyperg_2F0.o .libs/libgsl.lax/libgslspecfunc.a/hyperg_2F1.o .libs/libgsl.lax/libgslspecfunc.a/hyperg_U.o .libs/libgsl.lax/lt81-inline.o .libs/libgsl.lax/lt82-laguerre.o .libs/libgsl.lax/libgslspecfunc.a/lambert.o .libs/libgsl.lax/libgslspecfunc.a/legendre_H3d.o .libs/libgsl.lax/libgslspecfunc.a/legendre_P.o .libs/libgsl.lax/libgslspecfunc.a/legendre_Qn.o .libs/libgsl.lax/libgslspecfunc.a/legendre_con.o .libs/libgsl.lax/libgslspecfunc.a/legendre_poly.o .libs/libgsl.lax/libgslspecfunc.a/log.o .libs/libgsl.lax/libgslspecfunc.a/mathieu_angfunc.o .libs/libgsl.lax/libgslspecfunc.a/mathieu_charv.o .libs/libgsl.lax/libgslspecfunc.a/mathieu_coeff.o .libs/libgsl.lax/libgslspecfunc.a/mathieu_radfunc.o .libs/libgsl.lax/libgslspecfunc.a/mathieu_workspace.o .libs/libgsl.lax/libgslspecfunc.a/poch.o .libs/libgsl.lax/libgslspecfunc.a/pow_int.o .libs/libgsl.lax/libgslspecfunc.a/psi.o .libs/libgsl.lax/libgslspecfunc.a/result.o .libs/libgsl.lax/libgslspecfunc.a/shint.o .libs/libgsl.lax/libgslspecfunc.a/sincos_pi.o .libs/libgsl.lax/libgslspecfunc.a/sinint.o .libs/libgsl.lax/libgslspecfunc.a/synchrotron.o .libs/libgsl.lax/libgslspecfunc.a/transport.o .libs/libgsl.lax/libgslspecfunc.a/trig.o .libs/libgsl.lax/libgslspecfunc.a/zeta.o .libs/libgsl.lax/libgslmovstat.a/alloc.o .libs/libgsl.lax/libgslmovstat.a/apply.o .libs/libgsl.lax/libgslmovstat.a/fill.o .libs/libgsl.lax/libgslmovstat.a/funcacc.o .libs/libgsl.lax/libgslmovstat.a/madacc.o .libs/libgsl.lax/libgslmovstat.a/medacc.o .libs/libgsl.lax/libgslmovstat.a/mmacc.o .libs/libgsl.lax/libgslmovstat.a/movQn.o .libs/libgsl.lax/libgslmovstat.a/movSn.o .libs/libgsl.lax/libgslmovstat.a/movmad.o .libs/libgsl.lax/libgslmovstat.a/movmean.o .libs/libgsl.lax/libgslmovstat.a/movmedian.o .libs/libgsl.lax/libgslmovstat.a/movminmax.o .libs/libgsl.lax/libgslmovstat.a/movqqr.o .libs/libgsl.lax/libgslmovstat.a/movsum.o .libs/libgsl.lax/libgslmovstat.a/movvariance.o .libs/libgsl.lax/libgslmovstat.a/mvacc.o .libs/libgsl.lax/libgslmovstat.a/qnacc.o .libs/libgsl.lax/libgslmovstat.a/qqracc.o .libs/libgsl.lax/libgslmovstat.a/snacc.o .libs/libgsl.lax/libgslmovstat.a/sumacc.o .libs/libgsl.lax/libgslrstat.a/rquantile.o .libs/libgsl.lax/libgslrstat.a/rstat.o .libs/libgsl.lax/libgslstatistics.a/Qn.o .libs/libgsl.lax/libgslstatistics.a/Sn.o .libs/libgsl.lax/libgslstatistics.a/absdev.o .libs/libgsl.lax/libgslstatistics.a/covariance.o .libs/libgsl.lax/libgslstatistics.a/gastwirth.o .libs/libgsl.lax/libgslstatistics.a/kurtosis.o .libs/libgsl.lax/libgslstatistics.a/lag1.o .libs/libgsl.lax/libgslstatistics.a/mad.o .libs/libgsl.lax/libgslstatistics.a/mean.o .libs/libgsl.lax/lt83-median.o .libs/libgsl.lax/lt84-minmax.o .libs/libgsl.lax/libgslstatistics.a/p_variance.o .libs/libgsl.lax/libgslstatistics.a/quantiles.o .libs/libgsl.lax/libgslstatistics.a/select.o .libs/libgsl.lax/libgslstatistics.a/skew.o .libs/libgsl.lax/libgslstatistics.a/trmean.o .libs/libgsl.lax/libgslstatistics.a/ttest.o .libs/libgsl.lax/libgslstatistics.a/variance.o .libs/libgsl.lax/libgslstatistics.a/wabsdev.o .libs/libgsl.lax/libgslstatistics.a/wkurtosis.o .libs/libgsl.lax/libgslstatistics.a/wmean.o .libs/libgsl.lax/libgslstatistics.a/wskew.o .libs/libgsl.lax/libgslstatistics.a/wvariance.o .libs/libgsl.lax/libgslsum.a/levin_u.o .libs/libgsl.lax/libgslsum.a/levin_utrunc.o .libs/libgsl.lax/libgslsum.a/work_u.o .libs/libgsl.lax/libgslsum.a/work_utrunc.o .libs/libgsl.lax/libgslsys.a/coerce.o .libs/libgsl.lax/libgslsys.a/expm1.o .libs/libgsl.lax/libgslsys.a/fcmp.o .libs/libgsl.lax/libgslsys.a/fdiv.o .libs/libgsl.lax/libgslsys.a/hypot.o .libs/libgsl.lax/libgslsys.a/infnan.o .libs/libgsl.lax/libgslsys.a/invhyp.o .libs/libgsl.lax/libgslsys.a/ldfrexp.o .libs/libgsl.lax/libgslsys.a/log1p.o .libs/libgsl.lax/lt85-minmax.o .libs/libgsl.lax/lt86-pow_int.o .libs/libgsl.lax/libgslsys.a/prec.o .libs/libgsl.lax/libgsltest.a/results.o .libs/libgsl.lax/libutils.a/placeholder.o .libs/libgsl.lax/lt87-copy.o .libs/libgsl.lax/lt88-file.o .libs/libgsl.lax/lt89-init.o .libs/libgsl.lax/lt90-minmax.o .libs/libgsl.lax/lt91-oper.o .libs/libgsl.lax/lt92-prop.o .libs/libgsl.lax/libgslvector.a/reim.o .libs/libgsl.lax/libgslvector.a/subvector.o .libs/libgsl.lax/lt93-swap.o .libs/libgsl.lax/libgslvector.a/vector.o .libs/libgsl.lax/lt94-view.o .libs/libgsl.lax/lt95-beta.o .libs/libgsl.lax/libgslcdf.a/betainv.o .libs/libgsl.lax/lt96-binomial.o .libs/libgsl.lax/lt97-cauchy.o .libs/libgsl.lax/libgslcdf.a/cauchyinv.o .libs/libgsl.lax/lt98-chisq.o .libs/libgsl.lax/libgslcdf.a/chisqinv.o .libs/libgsl.lax/lt99-exponential.o .libs/libgsl.lax/libgslcdf.a/exponentialinv.o .libs/libgsl.lax/lt100-exppow.o .libs/libgsl.lax/lt101-fdist.o .libs/libgsl.lax/libgslcdf.a/fdistinv.o .libs/libgsl.lax/lt102-flat.o .libs/libgsl.lax/libgslcdf.a/flatinv.o .libs/libgsl.lax/lt103-gamma.o .libs/libgsl.lax/libgslcdf.a/gammainv.o .libs/libgsl.lax/lt104-gauss.o .libs/libgsl.lax/libgslcdf.a/gaussinv.o .libs/libgsl.lax/lt105-geometric.o .libs/libgsl.lax/libgslcdf.a/gumbel1.o .libs/libgsl.lax/libgslcdf.a/gumbel1inv.o .libs/libgsl.lax/libgslcdf.a/gumbel2.o .libs/libgsl.lax/libgslcdf.a/gumbel2inv.o .libs/libgsl.lax/libgslcdf.a/hypergeometric.o .libs/libgsl.lax/lt106-laplace.o .libs/libgsl.lax/libgslcdf.a/laplaceinv.o .libs/libgsl.lax/lt107-logistic.o .libs/libgsl.lax/libgslcdf.a/logisticinv.o .libs/libgsl.lax/lt108-lognormal.o .libs/libgsl.lax/libgslcdf.a/lognormalinv.o .libs/libgsl.lax/lt109-nbinomial.o .libs/libgsl.lax/lt110-pareto.o .libs/libgsl.lax/libgslcdf.a/paretoinv.o .libs/libgsl.lax/lt111-pascal.o .libs/libgsl.lax/lt112-poisson.o .libs/libgsl.lax/lt113-rayleigh.o .libs/libgsl.lax/libgslcdf.a/rayleighinv.o .libs/libgsl.lax/lt114-tdist.o .libs/libgsl.lax/libgslcdf.a/tdistinv.o .libs/libgsl.lax/lt115-weibull.o .libs/libgsl.lax/libgslcdf.a/weibullinv.o .libs/libgsl.lax/lt116-bspline.o .libs/libgsl.lax/libgslwavelet.a/daubechies.o .libs/libgsl.lax/libgslwavelet.a/dwt.o .libs/libgsl.lax/libgslwavelet.a/haar.o .libs/libgsl.lax/libgslwavelet.a/wavelet.o .libs/libgsl.lax/libgslspmatrix.a/compress.o .libs/libgsl.lax/lt117-copy.o .libs/libgsl.lax/lt118-file.o .libs/libgsl.lax/lt119-getset.o .libs/libgsl.lax/lt120-init.o .libs/libgsl.lax/lt121-minmax.o .libs/libgsl.lax/lt122-oper.o .libs/libgsl.lax/lt123-prop.o .libs/libgsl.lax/lt124-swap.o .libs/libgsl.lax/libgslspmatrix.a/util.o .libs/libgsl.lax/libgslspblas.a/spdgemm.o .libs/libgsl.lax/libgslspblas.a/spdgemv.o .libs/libgsl.lax/libgslsplinalg.a/gmres.o .libs/libgsl.lax/libgslsplinalg.a/itersolve.o
libtool: link: ranlib .libs/libgsl.a
libtool: link: rm -fr .libs/libgsl.lax .libs/libgsl.lax
libtool: link: ( cd ".libs" && rm -f "libgsl.la" && ln -s "../libgsl.la" "libgsl.la" )
libtool: link: gcc -g -O2 -o .libs/gsl-randist gsl-randist.o  ./.libs/libgsl.so cblas/.libs/libgslcblas.so -lm -Wl,-rpath -Wl,/home/tommy/opt/gsl/lib
libtool: link: gcc -g -O2 -o .libs/gsl-histogram gsl-histogram.o  ./.libs/libgsl.so cblas/.libs/libgslcblas.so -lm -Wl,-rpath -Wl,/home/tommy/opt/gsl/lib
Making install in gsl
Making install in utils
Making install in sys
 /usr/bin/mkdir -p '/home/tommy/opt/gsl/include/gsl'
 /usr/bin/install -c -m 644 gsl_sys.h '/home/tommy/opt/gsl/include/gsl'
Making install in test
 /usr/bin/mkdir -p '/home/tommy/opt/gsl/include/gsl'
 /usr/bin/install -c -m 644 gsl_test.h '/home/tommy/opt/gsl/include/gsl'
Making install in err
 /usr/bin/mkdir -p '/home/tommy/opt/gsl/include/gsl'
 /usr/bin/install -c -m 644 gsl_errno.h gsl_message.h '/home/tommy/opt/gsl/include/gsl'
Making install in bst
 /usr/bin/mkdir -p '/home/tommy/opt/gsl/include/gsl'
 /usr/bin/install -c -m 644 gsl_bst.h gsl_bst_types.h gsl_bst_avl.h gsl_bst_rb.h '/home/tommy/opt/gsl/include/gsl'
Making install in const
 /usr/bin/mkdir -p '/home/tommy/opt/gsl/include/gsl'
 /usr/bin/install -c -m 644 gsl_const.h gsl_const_cgs.h gsl_const_mks.h gsl_const_cgsm.h gsl_const_mksa.h gsl_const_num.h '/home/tommy/opt/gsl/include/gsl'
Making install in complex
 /usr/bin/mkdir -p '/home/tommy/opt/gsl/include/gsl'
 /usr/bin/install -c -m 644 gsl_complex.h gsl_complex_math.h test_source.c '/home/tommy/opt/gsl/include/gsl'
Making install in cheb
 /usr/bin/mkdir -p '/home/tommy/opt/gsl/include/gsl'
 /usr/bin/install -c -m 644 gsl_chebyshev.h '/home/tommy/opt/gsl/include/gsl'
Making install in block
 /usr/bin/mkdir -p '/home/tommy/opt/gsl/include/gsl'
 /usr/bin/install -c -m 644 gsl_block.h gsl_block_char.h gsl_block_complex_double.h gsl_block_complex_float.h gsl_block_complex_long_double.h gsl_block_double.h gsl_block_float.h gsl_block_int.h gsl_block_long.h gsl_block_long_double.h gsl_block_short.h gsl_block_uchar.h gsl_block_uint.h gsl_block_ulong.h gsl_block_ushort.h gsl_check_range.h '/home/tommy/opt/gsl/include/gsl'
Making install in vector
 /usr/bin/mkdir -p '/home/tommy/opt/gsl/include/gsl'
 /usr/bin/install -c -m 644 gsl_vector.h gsl_vector_char.h gsl_vector_complex.h gsl_vector_complex_double.h gsl_vector_complex_float.h gsl_vector_complex_long_double.h gsl_vector_double.h gsl_vector_float.h gsl_vector_int.h gsl_vector_long.h gsl_vector_long_double.h gsl_vector_short.h gsl_vector_uchar.h gsl_vector_uint.h gsl_vector_ulong.h gsl_vector_ushort.h '/home/tommy/opt/gsl/include/gsl'
Making install in matrix
 /usr/bin/mkdir -p '/home/tommy/opt/gsl/include/gsl'
 /usr/bin/install -c -m 644 gsl_matrix.h gsl_matrix_char.h gsl_matrix_complex_double.h gsl_matrix_complex_float.h gsl_matrix_complex_long_double.h gsl_matrix_double.h gsl_matrix_float.h gsl_matrix_int.h gsl_matrix_long.h gsl_matrix_long_double.h gsl_matrix_short.h gsl_matrix_uchar.h gsl_matrix_uint.h gsl_matrix_ulong.h gsl_matrix_ushort.h '/home/tommy/opt/gsl/include/gsl'
Making install in permutation
 /usr/bin/mkdir -p '/home/tommy/opt/gsl/include/gsl'
 /usr/bin/install -c -m 644 gsl_permutation.h gsl_permute.h gsl_permute_char.h gsl_permute_complex_double.h gsl_permute_complex_float.h gsl_permute_complex_long_double.h gsl_permute_double.h gsl_permute_float.h gsl_permute_int.h gsl_permute_long.h gsl_permute_long_double.h gsl_permute_short.h gsl_permute_uchar.h gsl_permute_uint.h gsl_permute_ulong.h gsl_permute_ushort.h gsl_permute_vector.h gsl_permute_vector_char.h gsl_permute_vector_complex_double.h gsl_permute_vector_complex_float.h gsl_permute_vector_complex_long_double.h gsl_permute_vector_double.h gsl_permute_vector_float.h gsl_permute_vector_int.h gsl_permute_vector_long.h gsl_permute_vector_long_double.h gsl_permute_vector_short.h gsl_permute_vector_uchar.h gsl_permute_vector_uint.h gsl_permute_vector_ulong.h gsl_permute_vector_ushort.h gsl_permute_matrix_char.h gsl_permute_matrix_complex_long_double.h gsl_permute_matrix.h gsl_permute_matrix_long.h gsl_permute_matrix_uint.h gsl_permute_matrix_complex_double.h gsl_permute_matrix_double.h gsl_permute_matrix_int.h gsl_permute_matrix_short.h '/home/tommy/opt/gsl/include/gsl'
 /usr/bin/install -c -m 644 gsl_permute_matrix_ulong.h gsl_permute_matrix_complex_float.h gsl_permute_matrix_float.h gsl_permute_matrix_long_double.h gsl_permute_matrix_uchar.h gsl_permute_matrix_ushort.h '/home/tommy/opt/gsl/include/gsl'
Making install in combination
 /usr/bin/mkdir -p '/home/tommy/opt/gsl/include/gsl'
 /usr/bin/install -c -m 644 gsl_combination.h '/home/tommy/opt/gsl/include/gsl'
Making install in multiset
 /usr/bin/mkdir -p '/home/tommy/opt/gsl/include/gsl'
 /usr/bin/install -c -m 644 gsl_multiset.h '/home/tommy/opt/gsl/include/gsl'
Making install in sort
 /usr/bin/mkdir -p '/home/tommy/opt/gsl/include/gsl'
 /usr/bin/install -c -m 644 gsl_heapsort.h gsl_sort.h gsl_sort_char.h gsl_sort_double.h gsl_sort_float.h gsl_sort_int.h gsl_sort_long.h gsl_sort_long_double.h gsl_sort_short.h gsl_sort_uchar.h gsl_sort_uint.h gsl_sort_ulong.h gsl_sort_ushort.h gsl_sort_vector.h gsl_sort_vector_char.h gsl_sort_vector_double.h gsl_sort_vector_float.h gsl_sort_vector_int.h gsl_sort_vector_long.h gsl_sort_vector_long_double.h gsl_sort_vector_short.h gsl_sort_vector_uchar.h gsl_sort_vector_uint.h gsl_sort_vector_ulong.h gsl_sort_vector_ushort.h '/home/tommy/opt/gsl/include/gsl'
Making install in ieee-utils
 /usr/bin/mkdir -p '/home/tommy/opt/gsl/include/gsl'
 /usr/bin/install -c -m 644 gsl_ieee_utils.h '/home/tommy/opt/gsl/include/gsl'
Making install in cblas
 /usr/bin/mkdir -p '/home/tommy/opt/gsl/lib'
 /bin/bash ../libtool   --mode=install /usr/bin/install -c   libgslcblas.la '/home/tommy/opt/gsl/lib'
libtool: install: /usr/bin/install -c .libs/libgslcblas.so.0.0.0 /home/tommy/opt/gsl/lib/libgslcblas.so.0.0.0
libtool: install: (cd /home/tommy/opt/gsl/lib && { ln -s -f libgslcblas.so.0.0.0 libgslcblas.so.0 || { rm -f libgslcblas.so.0 && ln -s libgslcblas.so.0.0.0 libgslcblas.so.0; }; })
libtool: install: (cd /home/tommy/opt/gsl/lib && { ln -s -f libgslcblas.so.0.0.0 libgslcblas.so || { rm -f libgslcblas.so && ln -s libgslcblas.so.0.0.0 libgslcblas.so; }; })
libtool: install: /usr/bin/install -c .libs/libgslcblas.lai /home/tommy/opt/gsl/lib/libgslcblas.la
libtool: install: /usr/bin/install -c .libs/libgslcblas.a /home/tommy/opt/gsl/lib/libgslcblas.a
libtool: install: chmod 644 /home/tommy/opt/gsl/lib/libgslcblas.a
libtool: install: ranlib /home/tommy/opt/gsl/lib/libgslcblas.a
libtool: finish: PATH="/home/tommy/.local/bin:/home/tommy/bin:/home/tommy/.npm-global/bin:/home/tommy/.pyenv/shims:/home/tommy/.npm-global/bin:/home/tommy/.vscode-server/cli/servers/Stable-a5b500951314efd502d07465bd138dfbd714a960/server/bin/remote-cli:/home/tommy/.local/bin:/home/tommy/bin:/home/tommy/.npm-global/bin:/home/tommy/.local/bin:/home/tommy/bin:/home/tommy/.pyenv/bin:/usr/local/sbin:/usr/local/bin:/usr/sbin:/usr/bin:/sbin:/bin:/usr/games:/usr/local/games:/snap/bin:/sbin" ldconfig -n /home/tommy/opt/gsl/lib
----------------------------------------------------------------------
Libraries have been installed in:
   /home/tommy/opt/gsl/lib

If you ever happen to want to link against installed libraries
in a given directory, LIBDIR, you must either use libtool, and
specify the full pathname of the library, or use the '-LLIBDIR'
flag during linking and do at least one of the following:
   - add LIBDIR to the 'LD_LIBRARY_PATH' environment variable
     during execution
   - add LIBDIR to the 'LD_RUN_PATH' environment variable
     during linking
   - use the '-Wl,-rpath -Wl,LIBDIR' linker flag
   - have your system administrator add LIBDIR to '/etc/ld.so.conf'

See any operating system documentation about shared libraries for
more information, such as the ld(1) and ld.so(8) manual pages.
----------------------------------------------------------------------
 /usr/bin/mkdir -p '/home/tommy/opt/gsl/include/gsl'
 /usr/bin/install -c -m 644 gsl_cblas.h '/home/tommy/opt/gsl/include/gsl'
Making install in blas
 /usr/bin/mkdir -p '/home/tommy/opt/gsl/include/gsl'
 /usr/bin/install -c -m 644 gsl_blas.h gsl_blas_types.h '/home/tommy/opt/gsl/include/gsl'
Making install in linalg
 /usr/bin/mkdir -p '/home/tommy/opt/gsl/include/gsl'
 /usr/bin/install -c -m 644 gsl_linalg.h '/home/tommy/opt/gsl/include/gsl'
Making install in eigen
 /usr/bin/mkdir -p '/home/tommy/opt/gsl/include/gsl'
 /usr/bin/install -c -m 644 gsl_eigen.h '/home/tommy/opt/gsl/include/gsl'
Making install in specfunc
 /usr/bin/mkdir -p '/home/tommy/opt/gsl/include/gsl'
 /usr/bin/install -c -m 644 gsl_sf.h gsl_sf_airy.h gsl_sf_alf.h gsl_sf_bessel.h gsl_sf_clausen.h gsl_sf_coulomb.h gsl_sf_coupling.h gsl_sf_dawson.h gsl_sf_debye.h gsl_sf_dilog.h gsl_sf_elementary.h gsl_sf_ellint.h gsl_sf_elljac.h gsl_sf_erf.h gsl_sf_exp.h gsl_sf_expint.h gsl_sf_fermi_dirac.h gsl_sf_gamma.h gsl_sf_gegenbauer.h gsl_sf_hermite.h gsl_sf_hyperg.h gsl_sf_laguerre.h gsl_sf_lambert.h gsl_sf_legendre.h gsl_sf_log.h gsl_sf_mathieu.h gsl_sf_pow_int.h gsl_sf_psi.h gsl_sf_result.h gsl_sf_sincos_pi.h gsl_sf_synchrotron.h gsl_sf_transport.h gsl_sf_trig.h gsl_sf_zeta.h gsl_specfunc.h '/home/tommy/opt/gsl/include/gsl'
Making install in dht
 /usr/bin/mkdir -p '/home/tommy/opt/gsl/include/gsl'
 /usr/bin/install -c -m 644 gsl_dht.h '/home/tommy/opt/gsl/include/gsl'
Making install in qrng
 /usr/bin/mkdir -p '/home/tommy/opt/gsl/include/gsl'
 /usr/bin/install -c -m 644 gsl_qrng.h '/home/tommy/opt/gsl/include/gsl'
Making install in rng
 /usr/bin/mkdir -p '/home/tommy/opt/gsl/include/gsl'
 /usr/bin/install -c -m 644 gsl_rng.h '/home/tommy/opt/gsl/include/gsl'
Making install in randist
 /usr/bin/mkdir -p '/home/tommy/opt/gsl/include/gsl'
 /usr/bin/install -c -m 644 gsl_randist.h '/home/tommy/opt/gsl/include/gsl'
Making install in fft
 /usr/bin/mkdir -p '/home/tommy/opt/gsl/include/gsl'
 /usr/bin/install -c -m 644 gsl_fft.h gsl_fft_complex.h gsl_fft_halfcomplex.h gsl_fft_real.h gsl_dft_complex.h gsl_dft_complex_float.h gsl_fft_complex_float.h gsl_fft_halfcomplex_float.h gsl_fft_real_float.h '/home/tommy/opt/gsl/include/gsl'
Making install in poly
 /usr/bin/mkdir -p '/home/tommy/opt/gsl/include/gsl'
 /usr/bin/install -c -m 644 gsl_poly.h '/home/tommy/opt/gsl/include/gsl'
Making install in fit
 /usr/bin/mkdir -p '/home/tommy/opt/gsl/include/gsl'
 /usr/bin/install -c -m 644 gsl_fit.h '/home/tommy/opt/gsl/include/gsl'
Making install in multifit
 /usr/bin/mkdir -p '/home/tommy/opt/gsl/include/gsl'
 /usr/bin/install -c -m 644 gsl_multifit.h gsl_multifit_nlin.h '/home/tommy/opt/gsl/include/gsl'
Making install in multifit_nlinear
 /usr/bin/mkdir -p '/home/tommy/opt/gsl/include/gsl'
 /usr/bin/install -c -m 644 gsl_multifit_nlinear.h '/home/tommy/opt/gsl/include/gsl'
Making install in multilarge
 /usr/bin/mkdir -p '/home/tommy/opt/gsl/include/gsl'
 /usr/bin/install -c -m 644 gsl_multilarge.h '/home/tommy/opt/gsl/include/gsl'
Making install in multilarge_nlinear
 /usr/bin/mkdir -p '/home/tommy/opt/gsl/include/gsl'
 /usr/bin/install -c -m 644 gsl_multilarge_nlinear.h '/home/tommy/opt/gsl/include/gsl'
Making install in filter
 /usr/bin/mkdir -p '/home/tommy/opt/gsl/include/gsl'
 /usr/bin/install -c -m 644 gsl_filter.h '/home/tommy/opt/gsl/include/gsl'
Making install in movstat
 /usr/bin/mkdir -p '/home/tommy/opt/gsl/include/gsl'
 /usr/bin/install -c -m 644 gsl_movstat.h '/home/tommy/opt/gsl/include/gsl'
Making install in rstat
 /usr/bin/mkdir -p '/home/tommy/opt/gsl/include/gsl'
 /usr/bin/install -c -m 644 gsl_rstat.h '/home/tommy/opt/gsl/include/gsl'
Making install in statistics
 /usr/bin/mkdir -p '/home/tommy/opt/gsl/include/gsl'
 /usr/bin/install -c -m 644 gsl_statistics.h gsl_statistics_char.h gsl_statistics_double.h gsl_statistics_float.h gsl_statistics_int.h gsl_statistics_long.h gsl_statistics_long_double.h gsl_statistics_short.h gsl_statistics_uchar.h gsl_statistics_uint.h gsl_statistics_ulong.h gsl_statistics_ushort.h '/home/tommy/opt/gsl/include/gsl'
Making install in siman
 /usr/bin/mkdir -p '/home/tommy/opt/gsl/include/gsl'
 /usr/bin/install -c -m 644 gsl_siman.h '/home/tommy/opt/gsl/include/gsl'
Making install in sum
 /usr/bin/mkdir -p '/home/tommy/opt/gsl/include/gsl'
 /usr/bin/install -c -m 644 gsl_sum.h '/home/tommy/opt/gsl/include/gsl'
Making install in integration
 /usr/bin/mkdir -p '/home/tommy/opt/gsl/include/gsl'
 /usr/bin/install -c -m 644 gsl_integration.h '/home/tommy/opt/gsl/include/gsl'
Making install in interpolation
 /usr/bin/mkdir -p '/home/tommy/opt/gsl/include/gsl'
 /usr/bin/install -c -m 644 gsl_interp.h gsl_spline.h gsl_interp2d.h gsl_spline2d.h '/home/tommy/opt/gsl/include/gsl'
Making install in histogram
 /usr/bin/mkdir -p '/home/tommy/opt/gsl/include/gsl'
 /usr/bin/install -c -m 644 gsl_histogram.h gsl_histogram2d.h '/home/tommy/opt/gsl/include/gsl'
Making install in ode-initval
 /usr/bin/mkdir -p '/home/tommy/opt/gsl/include/gsl'
 /usr/bin/install -c -m 644 gsl_odeiv.h '/home/tommy/opt/gsl/include/gsl'
Making install in ode-initval2
 /usr/bin/mkdir -p '/home/tommy/opt/gsl/include/gsl'
 /usr/bin/install -c -m 644 gsl_odeiv2.h '/home/tommy/opt/gsl/include/gsl'
Making install in roots
 /usr/bin/mkdir -p '/home/tommy/opt/gsl/include/gsl'
 /usr/bin/install -c -m 644 gsl_roots.h '/home/tommy/opt/gsl/include/gsl'
Making install in multiroots
 /usr/bin/mkdir -p '/home/tommy/opt/gsl/include/gsl'
 /usr/bin/install -c -m 644 gsl_multiroots.h '/home/tommy/opt/gsl/include/gsl'
Making install in min
 /usr/bin/mkdir -p '/home/tommy/opt/gsl/include/gsl'
 /usr/bin/install -c -m 644 gsl_min.h '/home/tommy/opt/gsl/include/gsl'
Making install in multimin
 /usr/bin/mkdir -p '/home/tommy/opt/gsl/include/gsl'
 /usr/bin/install -c -m 644 gsl_multimin.h '/home/tommy/opt/gsl/include/gsl'
Making install in monte
 /usr/bin/mkdir -p '/home/tommy/opt/gsl/include/gsl'
 /usr/bin/install -c -m 644 gsl_monte.h gsl_monte_vegas.h gsl_monte_miser.h gsl_monte_plain.h '/home/tommy/opt/gsl/include/gsl'
Making install in ntuple
 /usr/bin/mkdir -p '/home/tommy/opt/gsl/include/gsl'
 /usr/bin/install -c -m 644 gsl_ntuple.h '/home/tommy/opt/gsl/include/gsl'
Making install in diff
 /usr/bin/mkdir -p '/home/tommy/opt/gsl/include/gsl'
 /usr/bin/install -c -m 644 gsl_diff.h '/home/tommy/opt/gsl/include/gsl'
Making install in deriv
 /usr/bin/mkdir -p '/home/tommy/opt/gsl/include/gsl'
 /usr/bin/install -c -m 644 gsl_deriv.h '/home/tommy/opt/gsl/include/gsl'
Making install in cdf
 /usr/bin/mkdir -p '/home/tommy/opt/gsl/include/gsl'
 /usr/bin/install -c -m 644 gsl_cdf.h '/home/tommy/opt/gsl/include/gsl'
Making install in wavelet
 /usr/bin/mkdir -p '/home/tommy/opt/gsl/include/gsl'
 /usr/bin/install -c -m 644 gsl_wavelet.h gsl_wavelet2d.h '/home/tommy/opt/gsl/include/gsl'
Making install in bspline
 /usr/bin/mkdir -p '/home/tommy/opt/gsl/include/gsl'
 /usr/bin/install -c -m 644 gsl_bspline.h '/home/tommy/opt/gsl/include/gsl'
Making install in spblas
 /usr/bin/mkdir -p '/home/tommy/opt/gsl/include/gsl'
 /usr/bin/install -c -m 644 gsl_spblas.h '/home/tommy/opt/gsl/include/gsl'
Making install in spmatrix
 /usr/bin/mkdir -p '/home/tommy/opt/gsl/include/gsl'
 /usr/bin/install -c -m 644 gsl_spmatrix.h gsl_spmatrix_char.h gsl_spmatrix_double.h gsl_spmatrix_float.h gsl_spmatrix_int.h gsl_spmatrix_long_double.h gsl_spmatrix_long.h gsl_spmatrix_short.h gsl_spmatrix_uchar.h gsl_spmatrix_uint.h gsl_spmatrix_ulong.h gsl_spmatrix_ushort.h gsl_spmatrix_complex_float.h gsl_spmatrix_complex_double.h gsl_spmatrix_complex_long_double.h '/home/tommy/opt/gsl/include/gsl'
Making install in splinalg
 /usr/bin/mkdir -p '/home/tommy/opt/gsl/include/gsl'
 /usr/bin/install -c -m 644 gsl_splinalg.h '/home/tommy/opt/gsl/include/gsl'
Making install in doc
Making install in .
 /usr/bin/mkdir -p '/home/tommy/opt/gsl/share/man/man1'
 /usr/bin/install -c -m 644 gsl-config.1 gsl-randist.1 gsl-histogram.1 '/home/tommy/opt/gsl/share/man/man1'
 /usr/bin/mkdir -p '/home/tommy/opt/gsl/share/man/man3'
 /usr/bin/install -c -m 644 gsl.3 '/home/tommy/opt/gsl/share/man/man3'
Making install in examples
 /usr/bin/mkdir -p '/home/tommy/opt/gsl/lib'
 /bin/bash ./libtool   --mode=install /usr/bin/install -c   libgsl.la '/home/tommy/opt/gsl/lib'
libtool: install: /usr/bin/install -c .libs/libgsl.so.28.0.0 /home/tommy/opt/gsl/lib/libgsl.so.28.0.0
libtool: install: (cd /home/tommy/opt/gsl/lib && { ln -s -f libgsl.so.28.0.0 libgsl.so.28 || { rm -f libgsl.so.28 && ln -s libgsl.so.28.0.0 libgsl.so.28; }; })
libtool: install: (cd /home/tommy/opt/gsl/lib && { ln -s -f libgsl.so.28.0.0 libgsl.so || { rm -f libgsl.so && ln -s libgsl.so.28.0.0 libgsl.so; }; })
libtool: install: /usr/bin/install -c .libs/libgsl.lai /home/tommy/opt/gsl/lib/libgsl.la
libtool: install: /usr/bin/install -c .libs/libgsl.a /home/tommy/opt/gsl/lib/libgsl.a
libtool: install: chmod 644 /home/tommy/opt/gsl/lib/libgsl.a
libtool: install: ranlib /home/tommy/opt/gsl/lib/libgsl.a
libtool: finish: PATH="/home/tommy/.local/bin:/home/tommy/bin:/home/tommy/.npm-global/bin:/home/tommy/.pyenv/shims:/home/tommy/.npm-global/bin:/home/tommy/.vscode-server/cli/servers/Stable-a5b500951314efd502d07465bd138dfbd714a960/server/bin/remote-cli:/home/tommy/.local/bin:/home/tommy/bin:/home/tommy/.npm-global/bin:/home/tommy/.local/bin:/home/tommy/bin:/home/tommy/.pyenv/bin:/usr/local/sbin:/usr/local/bin:/usr/sbin:/usr/bin:/sbin:/bin:/usr/games:/usr/local/games:/snap/bin:/sbin" ldconfig -n /home/tommy/opt/gsl/lib
----------------------------------------------------------------------
Libraries have been installed in:
   /home/tommy/opt/gsl/lib

If you ever happen to want to link against installed libraries
in a given directory, LIBDIR, you must either use libtool, and
specify the full pathname of the library, or use the '-LLIBDIR'
flag during linking and do at least one of the following:
   - add LIBDIR to the 'LD_LIBRARY_PATH' environment variable
     during execution
   - add LIBDIR to the 'LD_RUN_PATH' environment variable
     during linking
   - use the '-Wl,-rpath -Wl,LIBDIR' linker flag
   - have your system administrator add LIBDIR to '/etc/ld.so.conf'

See any operating system documentation about shared libraries for
more information, such as the ld(1) and ld.so(8) manual pages.
----------------------------------------------------------------------
 /usr/bin/mkdir -p '/home/tommy/opt/gsl/bin'
  /bin/bash ./libtool   --mode=install /usr/bin/install -c gsl-randist gsl-histogram '/home/tommy/opt/gsl/bin'
libtool: install: /usr/bin/install -c .libs/gsl-randist /home/tommy/opt/gsl/bin/gsl-randist
libtool: install: /usr/bin/install -c .libs/gsl-histogram /home/tommy/opt/gsl/bin/gsl-histogram
 /usr/bin/mkdir -p '/home/tommy/opt/gsl/bin'
 /usr/bin/install -c gsl-config '/home/tommy/opt/gsl/bin'
 /usr/bin/mkdir -p '/home/tommy/opt/gsl/share/aclocal'
 /usr/bin/install -c -m 644 gsl.m4 '/home/tommy/opt/gsl/share/aclocal'
 /usr/bin/mkdir -p '/home/tommy/opt/gsl/lib/pkgconfig'
 /usr/bin/install -c -m 644 gsl.pc '/home/tommy/opt/gsl/lib/pkgconfig'
 /usr/bin/mkdir -p '/home/tommy/opt/gsl/include/gsl'
 /usr/bin/install -c -m 644 gsl_math.h gsl_pow_int.h gsl_nan.h gsl_machine.h gsl_mode.h gsl_precision.h gsl_types.h gsl_version.h gsl_minmax.h gsl_inline.h '/home/tommy/opt/gsl/include/gsl'
gsl: 2.8
gsl OK
